2025-04-06 06:53:05,615 - Training started...
2025-04-06 06:53:05,701 - Class 'Apple' prior: 0.1554
2025-04-06 06:53:05,701 - Class 'Apricot' prior: 0.0057
2025-04-06 06:53:05,702 - Class 'Avocado' prior: 0.0106
2025-04-06 06:53:05,702 - Class 'Banana' prior: 0.0191
2025-04-06 06:53:05,702 - Class 'Beans' prior: 0.0028
2025-04-06 06:53:05,702 - Class 'Beetroot' prior: 0.0053
2025-04-06 06:53:05,702 - Class 'Blackberry' prior: 0.0214
2025-04-06 06:53:05,702 - Class 'Blueberry' prior: 0.0054
2025-04-06 06:53:05,703 - Class 'Cabbage' prior: 0.0036
2025-04-06 06:53:05,703 - Class 'Cactus fruit' prior: 0.0218
2025-04-06 06:53:05,703 - Class 'Cantaloupe' prior: 0.0113
2025-04-06 06:53:05,703 - Class 'Carambula' prior: 0.0057
2025-04-06 06:53:05,703 - Class 'Carrot' prior: 0.0018
2025-04-06 06:53:05,703 - Class 'Cauliflower' prior: 0.0081
2025-04-06 06:53:05,703 - Class 'Cherimoya' prior: 0.0112
2025-04-06 06:53:05,703 - Class 'Cherry' prior: 0.0483
2025-04-06 06:53:05,703 - Class 'Chestnut' prior: 0.0053
2025-04-06 06:53:05,703 - Class 'Clementine' prior: 0.0056
2025-04-06 06:53:05,703 - Class 'Coconut' prior: 0.0056
2025-04-06 06:53:05,704 - Class 'Corn' prior: 0.0106
2025-04-06 06:53:05,704 - Class 'Cucumber' prior: 0.0280
2025-04-06 06:53:05,704 - Class 'Dates' prior: 0.0054
2025-04-06 06:53:05,704 - Class 'Eggplant' prior: 0.0082
2025-04-06 06:53:05,704 - Class 'Fig' prior: 0.0080
2025-04-06 06:53:05,704 - Class 'Ginger' prior: 0.0034
2025-04-06 06:53:05,704 - Class 'Gooseberry' prior: 0.0053
2025-04-06 06:53:05,704 - Class 'Granadilla' prior: 0.0055
2025-04-06 06:53:05,705 - Class 'Grape' prior: 0.0392
2025-04-06 06:53:05,705 - Class 'Grapefruit' prior: 0.0113
2025-04-06 06:53:05,705 - Class 'Guava' prior: 0.0056
2025-04-06 06:53:05,705 - Class 'Hazelnut' prior: 0.0053
2025-04-06 06:53:05,705 - Class 'Huckleberry' prior: 0.0060
2025-04-06 06:53:05,705 - Class 'Kaki' prior: 0.0057
2025-04-06 06:53:05,705 - Class 'Kiwi' prior: 0.0053
2025-04-06 06:53:05,705 - Class 'Kohlrabi' prior: 0.0055
2025-04-06 06:53:05,706 - Class 'Kumquat' prior: 0.0056
2025-04-06 06:53:05,706 - Class 'Lemon' prior: 0.0115
2025-04-06 06:53:05,706 - Class 'Lime' prior: 0.0056
2025-04-06 06:53:05,706 - Class 'Lychee' prior: 0.0056
2025-04-06 06:53:05,706 - Class 'Mandarine' prior: 0.0055
2025-04-06 06:53:05,706 - Class 'Mango' prior: 0.0105
2025-04-06 06:53:05,706 - Class 'Mangosteen' prior: 0.0034
2025-04-06 06:53:05,707 - Class 'Melon' prior: 0.0086
2025-04-06 06:53:05,707 - Class 'Mulberry' prior: 0.0059
2025-04-06 06:53:05,707 - Class 'Nectarine' prior: 0.0115
2025-04-06 06:53:05,707 - Class 'Nut' prior: 0.0140
2025-04-06 06:53:05,707 - Class 'Onion' prior: 0.0153
2025-04-06 06:53:05,707 - Class 'Orange' prior: 0.0053
2025-04-06 06:53:05,707 - Class 'Papaya' prior: 0.0056
2025-04-06 06:53:05,707 - Class 'Passion Fruit' prior: 0.0113
2025-04-06 06:53:05,708 - Class 'Peach' prior: 0.0201
2025-04-06 06:53:05,708 - Class 'Pear' prior: 0.0607
2025-04-06 06:53:05,708 - Class 'Pepino' prior: 0.0056
2025-04-06 06:53:05,708 - Class 'Pepper' prior: 0.0289
2025-04-06 06:53:05,708 - Class 'Physalis' prior: 0.0112
2025-04-06 06:53:05,708 - Class 'Pineapple' prior: 0.0113
2025-04-06 06:53:05,708 - Class 'Pistachio' prior: 0.0081
2025-04-06 06:53:05,709 - Class 'Pitahaya' prior: 0.0055
2025-04-06 06:53:05,709 - Class 'Plum' prior: 0.0203
2025-04-06 06:53:05,709 - Class 'Pomegranate' prior: 0.0057
2025-04-06 06:53:05,709 - Class 'Pomelo' prior: 0.0053
2025-04-06 06:53:05,710 - Class 'Potato' prior: 0.0208
2025-04-06 06:53:05,710 - Class 'Quince' prior: 0.0321
2025-04-06 06:53:05,710 - Class 'Rambutan' prior: 0.0058
2025-04-06 06:53:05,710 - Class 'Raspberry' prior: 0.0058
2025-04-06 06:53:05,710 - Class 'Redcurrant' prior: 0.0057
2025-04-06 06:53:05,711 - Class 'Salak' prior: 0.0059
2025-04-06 06:53:05,711 - Class 'Strawberry' prior: 0.0139
2025-04-06 06:53:05,711 - Class 'Tamarillo' prior: 0.0056
2025-04-06 06:53:05,711 - Class 'Tangelo' prior: 0.0055
2025-04-06 06:53:05,712 - Class 'Tomato' prior: 0.0590
2025-04-06 06:53:05,712 - Class 'Walnut' prior: 0.0084
2025-04-06 06:53:05,712 - Class 'Watermelon' prior: 0.0056
2025-04-06 06:53:05,713 - Class 'Zucchini' prior: 0.0055
2025-04-06 06:53:06,131 - Making predictions on 17262 test samples...
2025-04-06 06:53:06,327 - Predicted 100/17262 samples... (0.58%)
2025-04-06 06:53:06,524 - Predicted 200/17262 samples... (1.16%)
2025-04-06 06:53:06,716 - Predicted 300/17262 samples... (1.74%)
2025-04-06 06:53:06,922 - Predicted 400/17262 samples... (2.32%)
2025-04-06 06:53:07,323 - Predicted 500/17262 samples... (2.90%)
2025-04-06 06:53:07,533 - Predicted 600/17262 samples... (3.48%)
2025-04-06 06:53:07,737 - Predicted 700/17262 samples... (4.06%)
2025-04-06 06:53:07,935 - Predicted 800/17262 samples... (4.63%)
2025-04-06 06:53:08,130 - Predicted 900/17262 samples... (5.21%)
2025-04-06 06:53:08,379 - Predicted 1000/17262 samples... (5.79%)
2025-04-06 06:53:08,579 - Predicted 1100/17262 samples... (6.37%)
2025-04-06 06:53:08,773 - Predicted 1200/17262 samples... (6.95%)
2025-04-06 06:53:08,968 - Predicted 1300/17262 samples... (7.53%)
2025-04-06 06:53:09,162 - Predicted 1400/17262 samples... (8.11%)
2025-04-06 06:53:09,368 - Predicted 1500/17262 samples... (8.69%)
2025-04-06 06:53:09,564 - Predicted 1600/17262 samples... (9.27%)
2025-04-06 06:53:09,762 - Predicted 1700/17262 samples... (9.85%)
2025-04-06 06:53:09,960 - Predicted 1800/17262 samples... (10.43%)
2025-04-06 06:53:10,154 - Predicted 1900/17262 samples... (11.01%)
2025-04-06 06:53:10,354 - Predicted 2000/17262 samples... (11.59%)
2025-04-06 06:53:10,553 - Predicted 2100/17262 samples... (12.17%)
2025-04-06 06:53:10,747 - Predicted 2200/17262 samples... (12.74%)
2025-04-06 06:53:10,944 - Predicted 2300/17262 samples... (13.32%)
2025-04-06 06:53:11,138 - Predicted 2400/17262 samples... (13.90%)
2025-04-06 06:53:11,336 - Predicted 2500/17262 samples... (14.48%)
2025-04-06 06:53:11,534 - Predicted 2600/17262 samples... (15.06%)
2025-04-06 06:53:11,728 - Predicted 2700/17262 samples... (15.64%)
2025-04-06 06:53:11,922 - Predicted 2800/17262 samples... (16.22%)
2025-04-06 06:53:12,167 - Predicted 2900/17262 samples... (16.80%)
2025-04-06 06:53:12,376 - Predicted 3000/17262 samples... (17.38%)
2025-04-06 06:53:12,571 - Predicted 3100/17262 samples... (17.96%)
2025-04-06 06:53:12,765 - Predicted 3200/17262 samples... (18.54%)
2025-04-06 06:53:12,958 - Predicted 3300/17262 samples... (19.12%)
2025-04-06 06:53:13,152 - Predicted 3400/17262 samples... (19.70%)
2025-04-06 06:53:13,346 - Predicted 3500/17262 samples... (20.28%)
2025-04-06 06:53:13,540 - Predicted 3600/17262 samples... (20.86%)
2025-04-06 06:53:13,732 - Predicted 3700/17262 samples... (21.43%)
2025-04-06 06:53:13,925 - Predicted 3800/17262 samples... (22.01%)
2025-04-06 06:53:14,119 - Predicted 3900/17262 samples... (22.59%)
2025-04-06 06:53:14,316 - Predicted 4000/17262 samples... (23.17%)
2025-04-06 06:53:14,508 - Predicted 4100/17262 samples... (23.75%)
2025-04-06 06:53:14,703 - Predicted 4200/17262 samples... (24.33%)
2025-04-06 06:53:14,898 - Predicted 4300/17262 samples... (24.91%)
2025-04-06 06:53:15,093 - Predicted 4400/17262 samples... (25.49%)
2025-04-06 06:53:15,288 - Predicted 4500/17262 samples... (26.07%)
2025-04-06 06:53:15,484 - Predicted 4600/17262 samples... (26.65%)
2025-04-06 06:53:15,679 - Predicted 4700/17262 samples... (27.23%)
2025-04-06 06:53:15,873 - Predicted 4800/17262 samples... (27.81%)
2025-04-06 06:53:16,068 - Predicted 4900/17262 samples... (28.39%)
2025-04-06 06:53:16,260 - Predicted 5000/17262 samples... (28.97%)
2025-04-06 06:53:16,455 - Predicted 5100/17262 samples... (29.54%)
2025-04-06 06:53:16,648 - Predicted 5200/17262 samples... (30.12%)
2025-04-06 06:53:16,841 - Predicted 5300/17262 samples... (30.70%)
2025-04-06 06:53:17,035 - Predicted 5400/17262 samples... (31.28%)
2025-04-06 06:53:17,230 - Predicted 5500/17262 samples... (31.86%)
2025-04-06 06:53:17,425 - Predicted 5600/17262 samples... (32.44%)
2025-04-06 06:53:17,617 - Predicted 5700/17262 samples... (33.02%)
2025-04-06 06:53:17,809 - Predicted 5800/17262 samples... (33.60%)
2025-04-06 06:53:18,011 - Predicted 5900/17262 samples... (34.18%)
2025-04-06 06:53:18,206 - Predicted 6000/17262 samples... (34.76%)
2025-04-06 06:53:18,399 - Predicted 6100/17262 samples... (35.34%)
2025-04-06 06:53:18,593 - Predicted 6200/17262 samples... (35.92%)
2025-04-06 06:53:18,787 - Predicted 6300/17262 samples... (36.50%)
2025-04-06 06:53:18,981 - Predicted 6400/17262 samples... (37.08%)
2025-04-06 06:53:19,174 - Predicted 6500/17262 samples... (37.65%)
2025-04-06 06:53:19,367 - Predicted 6600/17262 samples... (38.23%)
2025-04-06 06:53:19,563 - Predicted 6700/17262 samples... (38.81%)
2025-04-06 06:53:19,758 - Predicted 6800/17262 samples... (39.39%)
2025-04-06 06:53:19,954 - Predicted 6900/17262 samples... (39.97%)
2025-04-06 06:53:20,149 - Predicted 7000/17262 samples... (40.55%)
2025-04-06 06:53:20,347 - Predicted 7100/17262 samples... (41.13%)
2025-04-06 06:53:20,542 - Predicted 7200/17262 samples... (41.71%)
2025-04-06 06:53:20,735 - Predicted 7300/17262 samples... (42.29%)
2025-04-06 06:53:20,929 - Predicted 7400/17262 samples... (42.87%)
2025-04-06 06:53:21,125 - Predicted 7500/17262 samples... (43.45%)
2025-04-06 06:53:21,321 - Predicted 7600/17262 samples... (44.03%)
2025-04-06 06:53:21,520 - Predicted 7700/17262 samples... (44.61%)
2025-04-06 06:53:21,715 - Predicted 7800/17262 samples... (45.19%)
2025-04-06 06:53:21,907 - Predicted 7900/17262 samples... (45.77%)
2025-04-06 06:53:22,100 - Predicted 8000/17262 samples... (46.34%)
2025-04-06 06:53:22,296 - Predicted 8100/17262 samples... (46.92%)
2025-04-06 06:53:22,489 - Predicted 8200/17262 samples... (47.50%)
2025-04-06 06:53:22,681 - Predicted 8300/17262 samples... (48.08%)
2025-04-06 06:53:22,874 - Predicted 8400/17262 samples... (48.66%)
2025-04-06 06:53:23,080 - Predicted 8500/17262 samples... (49.24%)
2025-04-06 06:53:23,275 - Predicted 8600/17262 samples... (49.82%)
2025-04-06 06:53:23,470 - Predicted 8700/17262 samples... (50.40%)
2025-04-06 06:53:23,662 - Predicted 8800/17262 samples... (50.98%)
2025-04-06 06:53:23,856 - Predicted 8900/17262 samples... (51.56%)
2025-04-06 06:53:24,049 - Predicted 9000/17262 samples... (52.14%)
2025-04-06 06:53:24,245 - Predicted 9100/17262 samples... (52.72%)
2025-04-06 06:53:24,438 - Predicted 9200/17262 samples... (53.30%)
2025-04-06 06:53:24,630 - Predicted 9300/17262 samples... (53.88%)
2025-04-06 06:53:24,823 - Predicted 9400/17262 samples... (54.45%)
2025-04-06 06:53:25,019 - Predicted 9500/17262 samples... (55.03%)
2025-04-06 06:53:25,212 - Predicted 9600/17262 samples... (55.61%)
2025-04-06 06:53:25,409 - Predicted 9700/17262 samples... (56.19%)
2025-04-06 06:53:25,603 - Predicted 9800/17262 samples... (56.77%)
2025-04-06 06:53:25,797 - Predicted 9900/17262 samples... (57.35%)
2025-04-06 06:53:25,994 - Predicted 10000/17262 samples... (57.93%)
2025-04-06 06:53:26,188 - Predicted 10100/17262 samples... (58.51%)
2025-04-06 06:53:26,415 - Predicted 10200/17262 samples... (59.09%)
2025-04-06 06:53:26,610 - Predicted 10300/17262 samples... (59.67%)
2025-04-06 06:53:26,802 - Predicted 10400/17262 samples... (60.25%)
2025-04-06 06:53:27,000 - Predicted 10500/17262 samples... (60.83%)
2025-04-06 06:53:27,193 - Predicted 10600/17262 samples... (61.41%)
2025-04-06 06:53:27,388 - Predicted 10700/17262 samples... (61.99%)
2025-04-06 06:53:27,585 - Predicted 10800/17262 samples... (62.57%)
2025-04-06 06:53:27,779 - Predicted 10900/17262 samples... (63.14%)
2025-04-06 06:53:27,976 - Predicted 11000/17262 samples... (63.72%)
2025-04-06 06:53:28,168 - Predicted 11100/17262 samples... (64.30%)
2025-04-06 06:53:28,361 - Predicted 11200/17262 samples... (64.88%)
2025-04-06 06:53:28,554 - Predicted 11300/17262 samples... (65.46%)
2025-04-06 06:53:28,747 - Predicted 11400/17262 samples... (66.04%)
2025-04-06 06:53:28,942 - Predicted 11500/17262 samples... (66.62%)
2025-04-06 06:53:29,136 - Predicted 11600/17262 samples... (67.20%)
2025-04-06 06:53:29,330 - Predicted 11700/17262 samples... (67.78%)
2025-04-06 06:53:29,525 - Predicted 11800/17262 samples... (68.36%)
2025-04-06 06:53:29,720 - Predicted 11900/17262 samples... (68.94%)
2025-04-06 06:53:29,915 - Predicted 12000/17262 samples... (69.52%)
2025-04-06 06:53:30,111 - Predicted 12100/17262 samples... (70.10%)
2025-04-06 06:53:30,306 - Predicted 12200/17262 samples... (70.68%)
2025-04-06 06:53:30,503 - Predicted 12300/17262 samples... (71.25%)
2025-04-06 06:53:30,698 - Predicted 12400/17262 samples... (71.83%)
2025-04-06 06:53:30,895 - Predicted 12500/17262 samples... (72.41%)
2025-04-06 06:53:31,088 - Predicted 12600/17262 samples... (72.99%)
2025-04-06 06:53:31,280 - Predicted 12700/17262 samples... (73.57%)
2025-04-06 06:53:31,474 - Predicted 12800/17262 samples... (74.15%)
2025-04-06 06:53:31,667 - Predicted 12900/17262 samples... (74.73%)
2025-04-06 06:53:31,861 - Predicted 13000/17262 samples... (75.31%)
2025-04-06 06:53:32,053 - Predicted 13100/17262 samples... (75.89%)
2025-04-06 06:53:32,245 - Predicted 13200/17262 samples... (76.47%)
2025-04-06 06:53:32,439 - Predicted 13300/17262 samples... (77.05%)
2025-04-06 06:53:32,633 - Predicted 13400/17262 samples... (77.63%)
2025-04-06 06:53:32,827 - Predicted 13500/17262 samples... (78.21%)
2025-04-06 06:53:33,020 - Predicted 13600/17262 samples... (78.79%)
2025-04-06 06:53:33,215 - Predicted 13700/17262 samples... (79.37%)
2025-04-06 06:53:33,407 - Predicted 13800/17262 samples... (79.94%)
2025-04-06 06:53:33,600 - Predicted 13900/17262 samples... (80.52%)
2025-04-06 06:53:33,794 - Predicted 14000/17262 samples... (81.10%)
2025-04-06 06:53:33,988 - Predicted 14100/17262 samples... (81.68%)
2025-04-06 06:53:34,183 - Predicted 14200/17262 samples... (82.26%)
2025-04-06 06:53:34,379 - Predicted 14300/17262 samples... (82.84%)
2025-04-06 06:53:34,573 - Predicted 14400/17262 samples... (83.42%)
2025-04-06 06:53:34,767 - Predicted 14500/17262 samples... (84.00%)
2025-04-06 06:53:34,965 - Predicted 14600/17262 samples... (84.58%)
2025-04-06 06:53:35,162 - Predicted 14700/17262 samples... (85.16%)
2025-04-06 06:53:35,355 - Predicted 14800/17262 samples... (85.74%)
2025-04-06 06:53:35,551 - Predicted 14900/17262 samples... (86.32%)
2025-04-06 06:53:35,744 - Predicted 15000/17262 samples... (86.90%)
2025-04-06 06:53:35,937 - Predicted 15100/17262 samples... (87.48%)
2025-04-06 06:53:36,130 - Predicted 15200/17262 samples... (88.05%)
2025-04-06 06:53:36,322 - Predicted 15300/17262 samples... (88.63%)
2025-04-06 06:53:36,517 - Predicted 15400/17262 samples... (89.21%)
2025-04-06 06:53:36,712 - Predicted 15500/17262 samples... (89.79%)
2025-04-06 06:53:36,907 - Predicted 15600/17262 samples... (90.37%)
2025-04-06 06:53:37,104 - Predicted 15700/17262 samples... (90.95%)
2025-04-06 06:53:37,297 - Predicted 15800/17262 samples... (91.53%)
2025-04-06 06:53:37,494 - Predicted 15900/17262 samples... (92.11%)
2025-04-06 06:53:37,687 - Predicted 16000/17262 samples... (92.69%)
2025-04-06 06:53:37,880 - Predicted 16100/17262 samples... (93.27%)
2025-04-06 06:53:38,073 - Predicted 16200/17262 samples... (93.85%)
2025-04-06 06:53:38,269 - Predicted 16300/17262 samples... (94.43%)
2025-04-06 06:53:38,465 - Predicted 16400/17262 samples... (95.01%)
2025-04-06 06:53:38,660 - Predicted 16500/17262 samples... (95.59%)
2025-04-06 06:53:38,853 - Predicted 16600/17262 samples... (96.16%)
2025-04-06 06:53:39,047 - Predicted 16700/17262 samples... (96.74%)
2025-04-06 06:53:39,239 - Predicted 16800/17262 samples... (97.32%)
2025-04-06 06:53:39,431 - Predicted 16900/17262 samples... (97.90%)
2025-04-06 06:53:39,624 - Predicted 17000/17262 samples... (98.48%)
2025-04-06 06:53:39,818 - Predicted 17100/17262 samples... (99.06%)
2025-04-06 06:53:40,014 - Predicted 17200/17262 samples... (99.64%)
2025-04-06 06:53:40,135 - Predicted 17262/17262 samples... (100.00%)
2025-04-06 06:53:40,135 - Prediction completed in 34.00 seconds.
2025-04-06 06:53:40,155 - Model Accuracy: 68.96%
2025-04-06 06:53:40,245 - 
               precision    recall  f1-score   support

        Apple       0.95      0.29      0.45      2628
      Apricot       0.51      1.00      0.67        96
      Avocado       0.85      1.00      0.92       188
       Banana       0.81      0.53      0.64       347
        Beans       0.98      1.00      0.99        41
     Beetroot       0.61      0.93      0.74        84
   Blackberry       0.81      0.76      0.78       319
    Blueberry       0.32      1.00      0.48        92
      Cabbage       0.81      1.00      0.90        47
 Cactus fruit       1.00      0.54      0.70       399
   Cantaloupe       1.00      1.00      1.00       204
    Carambula       0.65      1.00      0.79        95
       Carrot       0.60      1.00      0.75        24
  Cauliflower       1.00      1.00      1.00       140
    Cherimoya       0.84      1.00      0.91       197
       Cherry       1.00      0.52      0.68       786
     Chestnut       0.28      1.00      0.43        85
   Clementine       0.99      1.00      1.00       106
      Coconut       1.00      1.00      1.00       104
         Corn       0.40      0.99      0.57       178
     Cucumber       0.88      0.65      0.74       508
        Dates       0.97      0.99      0.98       117
     Eggplant       0.58      0.98      0.73       142
          Fig       1.00      0.97      0.99       147
       Ginger       0.30      1.00      0.46        62
   Gooseberry       0.34      0.98      0.51        99
   Granadilla       0.84      1.00      0.92       109
        Grape       0.62      0.55      0.58       715
   Grapefruit       0.82      1.00      0.90       202
        Guava       0.78      1.00      0.88       103
     Hazelnut       0.86      1.00      0.92        98
  Huckleberry       1.00      1.00      1.00        78
         Kaki       1.00      1.00      1.00        99
         Kiwi       0.86      1.00      0.92       101
     Kohlrabi       0.50      1.00      0.66        90
      Kumquat       1.00      1.00      1.00       101
        Lemon       0.87      0.78      0.83       186
         Lime       1.00      1.00      1.00       101
       Lychee       0.99      1.00      1.00       102
    Mandarine       1.00      1.00      1.00       108
        Mango       0.42      0.58      0.49       190
   Mangosteen       0.82      1.00      0.90        62
        Melon       0.98      1.00      0.99       145
     Mulberry       1.00      1.00      1.00        82
    Nectarine       0.17      0.69      0.28       180
          Nut       0.32      0.64      0.43       222
        Onion       0.87      0.97      0.92       279
       Orange       1.00      1.00      1.00       110
       Papaya       0.29      1.00      0.45       106
Passion Fruit       0.93      0.99      0.96       197
        Peach       0.64      0.71      0.67       335
         Pear       0.92      0.19      0.32      1058
       Pepino       0.47      1.00      0.64       103
       Pepper       0.81      0.62      0.70       483
     Physalis       0.94      0.90      0.92       213
    Pineapple       0.95      0.99      0.97       200
    Pistachio       0.84      1.00      0.91       142
     Pitahaya       0.91      1.00      0.95       108
         Plum       0.70      0.86      0.77       366
  Pomegranate       0.13      1.00      0.24        98
       Pomelo       0.58      1.00      0.74        81
       Potato       0.56      0.68      0.62       364
       Quince       0.69      0.90      0.78       482
     Rambutan       1.00      1.00      1.00        93
    Raspberry       1.00      1.00      1.00        92
   Redcurrant       0.91      1.00      0.95       100
        Salak       0.92      1.00      0.96        82
   Strawberry       0.80      0.90      0.85       270
    Tamarillo       0.46      1.00      0.63       106
      Tangelo       1.00      1.00      1.00       112
       Tomato       0.99      0.50      0.67      1032
       Walnut       1.00      1.00      1.00       155
   Watermelon       0.93      1.00      0.96        88
     Zucchini       0.59      1.00      0.75        98

     accuracy                           0.69     17262
    macro avg       0.77      0.90      0.79     17262
 weighted avg       0.82      0.69      0.69     17262

2025-04-06 06:53:40,281 - Model parameters saved to 'model/model_parameters.pkl'
2025-04-06 06:53:41,351 - Loaded test data.
2025-04-06 06:54:40,235 - Accuracy: 0.6362
2025-04-06 06:54:40,235 - Classification Report:
               precision    recall  f1-score   support

        Apple       0.89      0.27      0.41      4443
      Apricot       0.42      1.00      0.59       164
      Avocado       0.74      1.00      0.85       309
       Banana       0.91      0.40      0.56       561
        Beans       0.97      1.00      0.99        77
     Beetroot       0.55      0.43      0.48       150
   Blackberry       0.80      0.74      0.77       600
    Blueberry       0.27      1.00      0.43       154
      Cabbage       0.73      1.00      0.84        96
 Cactus fruit       0.96      0.51      0.67       634
   Cantaloupe       1.00      1.00      1.00       328
    Carambula       0.51      1.00      0.67       166
       Carrot       0.65      1.00      0.79        50
  Cauliflower       0.98      1.00      0.99       234
    Cherimoya       0.49      1.00      0.66       320
       Cherry       1.00      0.51      0.68      1373
     Chestnut       0.30      1.00      0.46       153
   Clementine       1.00      1.00      1.00       166
      Coconut       1.00      0.99      1.00       166
         Corn       0.22      0.53      0.31       304
     Cucumber       0.84      0.52      0.64       811
        Dates       1.00      1.00      1.00       166
     Eggplant       0.44      0.67      0.53       236
          Fig       1.00      1.00      1.00       234
       Ginger       0.46      0.95      0.62        99
   Gooseberry       0.23      0.98      0.37       154
   Granadilla       0.92      1.00      0.96       166
        Grape       0.61      0.55      0.58      1146
   Grapefruit       0.80      1.00      0.89       330
        Guava       0.78      1.00      0.88       166
     Hazelnut       0.99      1.00      1.00       157
  Huckleberry       1.00      1.00      1.00       166
         Kaki       0.98      1.00      0.99       166
         Kiwi       0.89      1.00      0.94       156
     Kohlrabi       0.86      1.00      0.92       157
      Kumquat       1.00      1.00      1.00       166
        Lemon       0.78      0.76      0.77       330
         Lime       1.00      1.00      1.00       166
       Lychee       1.00      1.00      1.00       166
    Mandarine       1.00      1.00      1.00       166
        Mango       0.49      0.54      0.51       308
   Mangosteen       0.80      1.00      0.89       102
        Melon       0.98      1.00      0.99       246
     Mulberry       1.00      1.00      1.00       164
    Nectarine       0.16      0.63      0.26       324
          Nut       0.34      0.65      0.44       396
        Onion       0.61      0.89      0.72       451
       Orange       0.96      1.00      0.98       160
       Papaya       0.26      1.00      0.41       164
Passion Fruit       0.87      0.99      0.93       332
        Peach       0.51      0.60      0.55       574
         Pear       0.85      0.12      0.20      1761
       Pepino       0.38      1.00      0.55       166
       Pepper       0.76      0.44      0.56       826
     Physalis       0.92      0.76      0.83       328
    Pineapple       0.70      0.96      0.81       329
    Pistachio       0.78      1.00      0.88       231
     Pitahaya       0.83      1.00      0.91       166
         Plum       0.64      0.57      0.60       597
  Pomegranate       0.14      1.00      0.25       164
       Pomelo       0.62      1.00      0.77       153
       Potato       0.55      0.56      0.55       601
       Quince       0.70      0.88      0.78       897
     Rambutan       1.00      1.00      1.00       164
    Raspberry       1.00      1.00      1.00       166
   Redcurrant       1.00      1.00      1.00       164
        Salak       1.00      1.00      1.00       162
   Strawberry       0.70      0.91      0.79       410
    Tamarillo       0.27      1.00      0.42       166
      Tangelo       1.00      1.00      1.00       166
       Tomato       0.93      0.40      0.56      1707
       Walnut       1.00      1.00      1.00       249
   Watermelon       0.79      1.00      0.88       157
     Zucchini       0.48      1.00      0.65       160

     accuracy                           0.64     28863
    macro avg       0.74      0.86      0.76     28863
 weighted avg       0.78      0.64      0.63     28863

2025-04-08 12:21:18,963 - Training started...
2025-04-08 12:21:19,068 - Class 'Apple' prior: 0.1554
2025-04-08 12:21:19,069 - Class 'Apricot' prior: 0.0057
2025-04-08 12:21:19,069 - Class 'Avocado' prior: 0.0106
2025-04-08 12:21:19,069 - Class 'Banana' prior: 0.0191
2025-04-08 12:21:19,069 - Class 'Beans' prior: 0.0028
2025-04-08 12:21:19,070 - Class 'Beetroot' prior: 0.0053
2025-04-08 12:21:19,070 - Class 'Blackberry' prior: 0.0214
2025-04-08 12:21:19,070 - Class 'Blueberry' prior: 0.0054
2025-04-08 12:21:19,070 - Class 'Cabbage' prior: 0.0036
2025-04-08 12:21:19,070 - Class 'Cactus fruit' prior: 0.0218
2025-04-08 12:21:19,070 - Class 'Cantaloupe' prior: 0.0113
2025-04-08 12:21:19,070 - Class 'Carambula' prior: 0.0057
2025-04-08 12:21:19,071 - Class 'Carrot' prior: 0.0018
2025-04-08 12:21:19,071 - Class 'Cauliflower' prior: 0.0081
2025-04-08 12:21:19,071 - Class 'Cherimoya' prior: 0.0112
2025-04-08 12:21:19,071 - Class 'Cherry' prior: 0.0483
2025-04-08 12:21:19,072 - Class 'Chestnut' prior: 0.0053
2025-04-08 12:21:19,072 - Class 'Clementine' prior: 0.0056
2025-04-08 12:21:19,073 - Class 'Coconut' prior: 0.0056
2025-04-08 12:21:19,073 - Class 'Corn' prior: 0.0106
2025-04-08 12:21:19,073 - Class 'Cucumber' prior: 0.0280
2025-04-08 12:21:19,074 - Class 'Dates' prior: 0.0054
2025-04-08 12:21:19,074 - Class 'Eggplant' prior: 0.0082
2025-04-08 12:21:19,074 - Class 'Fig' prior: 0.0080
2025-04-08 12:21:19,075 - Class 'Ginger' prior: 0.0034
2025-04-08 12:21:19,075 - Class 'Gooseberry' prior: 0.0053
2025-04-08 12:21:19,075 - Class 'Granadilla' prior: 0.0055
2025-04-08 12:21:19,076 - Class 'Grape' prior: 0.0392
2025-04-08 12:21:19,076 - Class 'Grapefruit' prior: 0.0113
2025-04-08 12:21:19,077 - Class 'Guava' prior: 0.0056
2025-04-08 12:21:19,077 - Class 'Hazelnut' prior: 0.0053
2025-04-08 12:21:19,077 - Class 'Huckleberry' prior: 0.0060
2025-04-08 12:21:19,078 - Class 'Kaki' prior: 0.0057
2025-04-08 12:21:19,078 - Class 'Kiwi' prior: 0.0053
2025-04-08 12:21:19,078 - Class 'Kohlrabi' prior: 0.0055
2025-04-08 12:21:19,079 - Class 'Kumquat' prior: 0.0056
2025-04-08 12:21:19,079 - Class 'Lemon' prior: 0.0115
2025-04-08 12:21:19,079 - Class 'Lime' prior: 0.0056
2025-04-08 12:21:19,079 - Class 'Lychee' prior: 0.0056
2025-04-08 12:21:19,080 - Class 'Mandarine' prior: 0.0055
2025-04-08 12:21:19,080 - Class 'Mango' prior: 0.0105
2025-04-08 12:21:19,080 - Class 'Mangosteen' prior: 0.0034
2025-04-08 12:21:19,080 - Class 'Melon' prior: 0.0086
2025-04-08 12:21:19,081 - Class 'Mulberry' prior: 0.0059
2025-04-08 12:21:19,081 - Class 'Nectarine' prior: 0.0115
2025-04-08 12:21:19,081 - Class 'Nut' prior: 0.0140
2025-04-08 12:21:19,082 - Class 'Onion' prior: 0.0153
2025-04-08 12:21:19,082 - Class 'Orange' prior: 0.0053
2025-04-08 12:21:19,082 - Class 'Papaya' prior: 0.0056
2025-04-08 12:21:19,082 - Class 'Passion Fruit' prior: 0.0113
2025-04-08 12:21:19,083 - Class 'Peach' prior: 0.0201
2025-04-08 12:21:19,083 - Class 'Pear' prior: 0.0607
2025-04-08 12:21:19,083 - Class 'Pepino' prior: 0.0056
2025-04-08 12:21:19,083 - Class 'Pepper' prior: 0.0289
2025-04-08 12:21:19,084 - Class 'Physalis' prior: 0.0112
2025-04-08 12:21:19,084 - Class 'Pineapple' prior: 0.0113
2025-04-08 12:21:19,084 - Class 'Pistachio' prior: 0.0081
2025-04-08 12:21:19,085 - Class 'Pitahaya' prior: 0.0055
2025-04-08 12:21:19,085 - Class 'Plum' prior: 0.0203
2025-04-08 12:21:19,085 - Class 'Pomegranate' prior: 0.0057
2025-04-08 12:21:19,086 - Class 'Pomelo' prior: 0.0053
2025-04-08 12:21:19,086 - Class 'Potato' prior: 0.0208
2025-04-08 12:21:19,086 - Class 'Quince' prior: 0.0321
2025-04-08 12:21:19,087 - Class 'Rambutan' prior: 0.0058
2025-04-08 12:21:19,087 - Class 'Raspberry' prior: 0.0058
2025-04-08 12:21:19,087 - Class 'Redcurrant' prior: 0.0057
2025-04-08 12:21:19,087 - Class 'Salak' prior: 0.0059
2025-04-08 12:21:19,088 - Class 'Strawberry' prior: 0.0139
2025-04-08 12:21:19,088 - Class 'Tamarillo' prior: 0.0056
2025-04-08 12:21:19,089 - Class 'Tangelo' prior: 0.0055
2025-04-08 12:21:19,089 - Class 'Tomato' prior: 0.0590
2025-04-08 12:21:19,089 - Class 'Walnut' prior: 0.0084
2025-04-08 12:21:19,089 - Class 'Watermelon' prior: 0.0056
2025-04-08 12:21:19,089 - Class 'Zucchini' prior: 0.0055
2025-04-08 12:21:19,891 - Making predictions on 17262 test samples...
2025-04-08 12:21:20,217 - Predicted 100/17262 samples... (0.58%)
2025-04-08 12:21:20,547 - Predicted 200/17262 samples... (1.16%)
2025-04-08 12:21:20,868 - Predicted 300/17262 samples... (1.74%)
2025-04-08 12:21:21,190 - Predicted 400/17262 samples... (2.32%)
2025-04-08 12:21:21,506 - Predicted 500/17262 samples... (2.90%)
2025-04-08 12:21:21,813 - Predicted 600/17262 samples... (3.48%)
2025-04-08 12:21:22,135 - Predicted 700/17262 samples... (4.06%)
2025-04-08 12:21:22,453 - Predicted 800/17262 samples... (4.63%)
2025-04-08 12:21:22,775 - Predicted 900/17262 samples... (5.21%)
2025-04-08 12:21:23,069 - Predicted 1000/17262 samples... (5.79%)
2025-04-08 12:21:23,336 - Predicted 1100/17262 samples... (6.37%)
2025-04-08 12:21:23,604 - Predicted 1200/17262 samples... (6.95%)
2025-04-08 12:21:23,871 - Predicted 1300/17262 samples... (7.53%)
2025-04-08 12:21:24,143 - Predicted 1400/17262 samples... (8.11%)
2025-04-08 12:21:24,419 - Predicted 1500/17262 samples... (8.69%)
2025-04-08 12:21:24,689 - Predicted 1600/17262 samples... (9.27%)
2025-04-08 12:21:24,965 - Predicted 1700/17262 samples... (9.85%)
2025-04-08 12:21:25,236 - Predicted 1800/17262 samples... (10.43%)
2025-04-08 12:21:25,506 - Predicted 1900/17262 samples... (11.01%)
2025-04-08 12:21:25,780 - Predicted 2000/17262 samples... (11.59%)
2025-04-08 12:21:26,058 - Predicted 2100/17262 samples... (12.17%)
2025-04-08 12:21:26,331 - Predicted 2200/17262 samples... (12.74%)
2025-04-08 12:21:26,610 - Predicted 2300/17262 samples... (13.32%)
2025-04-08 12:21:26,879 - Predicted 2400/17262 samples... (13.90%)
2025-04-08 12:21:27,155 - Predicted 2500/17262 samples... (14.48%)
2025-04-08 12:21:27,426 - Predicted 2600/17262 samples... (15.06%)
2025-04-08 12:21:27,698 - Predicted 2700/17262 samples... (15.64%)
2025-04-08 12:21:27,976 - Predicted 2800/17262 samples... (16.22%)
2025-04-08 12:21:28,302 - Predicted 2900/17262 samples... (16.80%)
2025-04-08 12:21:28,571 - Predicted 3000/17262 samples... (17.38%)
2025-04-08 12:21:28,842 - Predicted 3100/17262 samples... (17.96%)
2025-04-08 12:21:29,120 - Predicted 3200/17262 samples... (18.54%)
2025-04-08 12:21:29,413 - Predicted 3300/17262 samples... (19.12%)
2025-04-08 12:21:29,684 - Predicted 3400/17262 samples... (19.70%)
2025-04-08 12:21:29,966 - Predicted 3500/17262 samples... (20.28%)
2025-04-08 12:21:30,242 - Predicted 3600/17262 samples... (20.86%)
2025-04-08 12:21:30,518 - Predicted 3700/17262 samples... (21.43%)
2025-04-08 12:21:30,786 - Predicted 3800/17262 samples... (22.01%)
2025-04-08 12:21:31,054 - Predicted 3900/17262 samples... (22.59%)
2025-04-08 12:21:31,325 - Predicted 4000/17262 samples... (23.17%)
2025-04-08 12:21:31,605 - Predicted 4100/17262 samples... (23.75%)
2025-04-08 12:21:31,873 - Predicted 4200/17262 samples... (24.33%)
2025-04-08 12:21:32,146 - Predicted 4300/17262 samples... (24.91%)
2025-04-08 12:21:32,412 - Predicted 4400/17262 samples... (25.49%)
2025-04-08 12:21:32,681 - Predicted 4500/17262 samples... (26.07%)
2025-04-08 12:21:32,958 - Predicted 4600/17262 samples... (26.65%)
2025-04-08 12:21:33,233 - Predicted 4700/17262 samples... (27.23%)
2025-04-08 12:21:33,521 - Predicted 4800/17262 samples... (27.81%)
2025-04-08 12:21:33,825 - Predicted 4900/17262 samples... (28.39%)
2025-04-08 12:21:34,135 - Predicted 5000/17262 samples... (28.97%)
2025-04-08 12:21:34,439 - Predicted 5100/17262 samples... (29.54%)
2025-04-08 12:21:34,722 - Predicted 5200/17262 samples... (30.12%)
2025-04-08 12:21:35,004 - Predicted 5300/17262 samples... (30.70%)
2025-04-08 12:21:35,278 - Predicted 5400/17262 samples... (31.28%)
2025-04-08 12:21:35,565 - Predicted 5500/17262 samples... (31.86%)
2025-04-08 12:21:35,844 - Predicted 5600/17262 samples... (32.44%)
2025-04-08 12:21:36,117 - Predicted 5700/17262 samples... (33.02%)
2025-04-08 12:21:36,396 - Predicted 5800/17262 samples... (33.60%)
2025-04-08 12:21:36,680 - Predicted 5900/17262 samples... (34.18%)
2025-04-08 12:21:36,958 - Predicted 6000/17262 samples... (34.76%)
2025-04-08 12:21:37,264 - Predicted 6100/17262 samples... (35.34%)
2025-04-08 12:21:37,551 - Predicted 6200/17262 samples... (35.92%)
2025-04-08 12:21:37,836 - Predicted 6300/17262 samples... (36.50%)
2025-04-08 12:21:38,142 - Predicted 6400/17262 samples... (37.08%)
2025-04-08 12:21:38,423 - Predicted 6500/17262 samples... (37.65%)
2025-04-08 12:21:38,702 - Predicted 6600/17262 samples... (38.23%)
2025-04-08 12:21:38,982 - Predicted 6700/17262 samples... (38.81%)
2025-04-08 12:21:39,277 - Predicted 6800/17262 samples... (39.39%)
2025-04-08 12:21:39,581 - Predicted 6900/17262 samples... (39.97%)
2025-04-08 12:21:39,872 - Predicted 7000/17262 samples... (40.55%)
2025-04-08 12:21:40,160 - Predicted 7100/17262 samples... (41.13%)
2025-04-08 12:21:40,438 - Predicted 7200/17262 samples... (41.71%)
2025-04-08 12:21:40,709 - Predicted 7300/17262 samples... (42.29%)
2025-04-08 12:21:40,991 - Predicted 7400/17262 samples... (42.87%)
2025-04-08 12:21:41,271 - Predicted 7500/17262 samples... (43.45%)
2025-04-08 12:21:41,544 - Predicted 7600/17262 samples... (44.03%)
2025-04-08 12:21:41,827 - Predicted 7700/17262 samples... (44.61%)
2025-04-08 12:21:42,189 - Predicted 7800/17262 samples... (45.19%)
2025-04-08 12:21:42,474 - Predicted 7900/17262 samples... (45.77%)
2025-04-08 12:21:42,773 - Predicted 8000/17262 samples... (46.34%)
2025-04-08 12:21:43,092 - Predicted 8100/17262 samples... (46.92%)
2025-04-08 12:21:43,367 - Predicted 8200/17262 samples... (47.50%)
2025-04-08 12:21:43,664 - Predicted 8300/17262 samples... (48.08%)
2025-04-08 12:21:43,946 - Predicted 8400/17262 samples... (48.66%)
2025-04-08 12:21:44,234 - Predicted 8500/17262 samples... (49.24%)
2025-04-08 12:21:44,521 - Predicted 8600/17262 samples... (49.82%)
2025-04-08 12:21:44,807 - Predicted 8700/17262 samples... (50.40%)
2025-04-08 12:21:45,096 - Predicted 8800/17262 samples... (50.98%)
2025-04-08 12:21:45,396 - Predicted 8900/17262 samples... (51.56%)
2025-04-08 12:21:45,686 - Predicted 9000/17262 samples... (52.14%)
2025-04-08 12:21:45,980 - Predicted 9100/17262 samples... (52.72%)
2025-04-08 12:21:46,284 - Predicted 9200/17262 samples... (53.30%)
2025-04-08 12:21:46,583 - Predicted 9300/17262 samples... (53.88%)
2025-04-08 12:21:46,884 - Predicted 9400/17262 samples... (54.45%)
2025-04-08 12:21:47,181 - Predicted 9500/17262 samples... (55.03%)
2025-04-08 12:21:47,492 - Predicted 9600/17262 samples... (55.61%)
2025-04-08 12:21:47,768 - Predicted 9700/17262 samples... (56.19%)
2025-04-08 12:21:48,061 - Predicted 9800/17262 samples... (56.77%)
2025-04-08 12:21:48,370 - Predicted 9900/17262 samples... (57.35%)
2025-04-08 12:21:48,673 - Predicted 10000/17262 samples... (57.93%)
2025-04-08 12:21:48,980 - Predicted 10100/17262 samples... (58.51%)
2025-04-08 12:21:49,259 - Predicted 10200/17262 samples... (59.09%)
2025-04-08 12:21:49,527 - Predicted 10300/17262 samples... (59.67%)
2025-04-08 12:21:49,803 - Predicted 10400/17262 samples... (60.25%)
2025-04-08 12:21:50,088 - Predicted 10500/17262 samples... (60.83%)
2025-04-08 12:21:50,366 - Predicted 10600/17262 samples... (61.41%)
2025-04-08 12:21:50,627 - Predicted 10700/17262 samples... (61.99%)
2025-04-08 12:21:50,898 - Predicted 10800/17262 samples... (62.57%)
2025-04-08 12:21:51,176 - Predicted 10900/17262 samples... (63.14%)
2025-04-08 12:21:51,441 - Predicted 11000/17262 samples... (63.72%)
2025-04-08 12:21:51,715 - Predicted 11100/17262 samples... (64.30%)
2025-04-08 12:21:51,985 - Predicted 11200/17262 samples... (64.88%)
2025-04-08 12:21:52,277 - Predicted 11300/17262 samples... (65.46%)
2025-04-08 12:21:52,571 - Predicted 11400/17262 samples... (66.04%)
2025-04-08 12:21:52,872 - Predicted 11500/17262 samples... (66.62%)
2025-04-08 12:21:53,170 - Predicted 11600/17262 samples... (67.20%)
2025-04-08 12:21:53,460 - Predicted 11700/17262 samples... (67.78%)
2025-04-08 12:21:53,748 - Predicted 11800/17262 samples... (68.36%)
2025-04-08 12:21:54,035 - Predicted 11900/17262 samples... (68.94%)
2025-04-08 12:21:54,323 - Predicted 12000/17262 samples... (69.52%)
2025-04-08 12:21:54,609 - Predicted 12100/17262 samples... (70.10%)
2025-04-08 12:21:54,917 - Predicted 12200/17262 samples... (70.68%)
2025-04-08 12:21:55,204 - Predicted 12300/17262 samples... (71.25%)
2025-04-08 12:21:55,501 - Predicted 12400/17262 samples... (71.83%)
2025-04-08 12:21:55,797 - Predicted 12500/17262 samples... (72.41%)
2025-04-08 12:21:56,087 - Predicted 12600/17262 samples... (72.99%)
2025-04-08 12:21:56,358 - Predicted 12700/17262 samples... (73.57%)
2025-04-08 12:21:56,712 - Predicted 12800/17262 samples... (74.15%)
2025-04-08 12:21:56,987 - Predicted 12900/17262 samples... (74.73%)
2025-04-08 12:21:57,251 - Predicted 13000/17262 samples... (75.31%)
2025-04-08 12:21:57,531 - Predicted 13100/17262 samples... (75.89%)
2025-04-08 12:21:57,800 - Predicted 13200/17262 samples... (76.47%)
2025-04-08 12:21:58,069 - Predicted 13300/17262 samples... (77.05%)
2025-04-08 12:21:58,361 - Predicted 13400/17262 samples... (77.63%)
2025-04-08 12:21:58,632 - Predicted 13500/17262 samples... (78.21%)
2025-04-08 12:21:58,910 - Predicted 13600/17262 samples... (78.79%)
2025-04-08 12:21:59,199 - Predicted 13700/17262 samples... (79.37%)
2025-04-08 12:21:59,479 - Predicted 13800/17262 samples... (79.94%)
2025-04-08 12:21:59,755 - Predicted 13900/17262 samples... (80.52%)
2025-04-08 12:22:00,063 - Predicted 14000/17262 samples... (81.10%)
2025-04-08 12:22:00,338 - Predicted 14100/17262 samples... (81.68%)
2025-04-08 12:22:00,638 - Predicted 14200/17262 samples... (82.26%)
2025-04-08 12:22:00,938 - Predicted 14300/17262 samples... (82.84%)
2025-04-08 12:22:01,231 - Predicted 14400/17262 samples... (83.42%)
2025-04-08 12:22:01,531 - Predicted 14500/17262 samples... (84.00%)
2025-04-08 12:22:01,831 - Predicted 14600/17262 samples... (84.58%)
2025-04-08 12:22:02,133 - Predicted 14700/17262 samples... (85.16%)
2025-04-08 12:22:02,423 - Predicted 14800/17262 samples... (85.74%)
2025-04-08 12:22:02,722 - Predicted 14900/17262 samples... (86.32%)
2025-04-08 12:22:03,010 - Predicted 15000/17262 samples... (86.90%)
2025-04-08 12:22:03,295 - Predicted 15100/17262 samples... (87.48%)
2025-04-08 12:22:03,578 - Predicted 15200/17262 samples... (88.05%)
2025-04-08 12:22:03,847 - Predicted 15300/17262 samples... (88.63%)
2025-04-08 12:22:04,134 - Predicted 15400/17262 samples... (89.21%)
2025-04-08 12:22:04,426 - Predicted 15500/17262 samples... (89.79%)
2025-04-08 12:22:04,707 - Predicted 15600/17262 samples... (90.37%)
2025-04-08 12:22:05,003 - Predicted 15700/17262 samples... (90.95%)
2025-04-08 12:22:05,273 - Predicted 15800/17262 samples... (91.53%)
2025-04-08 12:22:05,575 - Predicted 15900/17262 samples... (92.11%)
2025-04-08 12:22:05,882 - Predicted 16000/17262 samples... (92.69%)
2025-04-08 12:22:06,166 - Predicted 16100/17262 samples... (93.27%)
2025-04-08 12:22:06,518 - Predicted 16200/17262 samples... (93.85%)
2025-04-08 12:22:06,795 - Predicted 16300/17262 samples... (94.43%)
2025-04-08 12:22:07,078 - Predicted 16400/17262 samples... (95.01%)
2025-04-08 12:22:07,361 - Predicted 16500/17262 samples... (95.59%)
2025-04-08 12:22:07,683 - Predicted 16600/17262 samples... (96.16%)
2025-04-08 12:22:07,996 - Predicted 16700/17262 samples... (96.74%)
2025-04-08 12:22:08,308 - Predicted 16800/17262 samples... (97.32%)
2025-04-08 12:22:08,572 - Predicted 16900/17262 samples... (97.90%)
2025-04-08 12:22:08,856 - Predicted 17000/17262 samples... (98.48%)
2025-04-08 12:22:09,154 - Predicted 17100/17262 samples... (99.06%)
2025-04-08 12:22:09,433 - Predicted 17200/17262 samples... (99.64%)
2025-04-08 12:22:09,612 - Predicted 17262/17262 samples... (100.00%)
2025-04-08 12:22:09,613 - Prediction completed in 49.72 seconds.
2025-04-08 12:22:09,635 - Model Accuracy: 70.35%
2025-04-08 12:22:09,731 - 
               precision    recall  f1-score   support

        Apple       0.98      0.21      0.35      2628
      Apricot       0.27      1.00      0.43        96
      Avocado       0.97      1.00      0.98       188
       Banana       0.72      0.63      0.67       347
        Beans       1.00      1.00      1.00        41
     Beetroot       0.92      1.00      0.96        84
   Blackberry       0.88      0.84      0.86       319
    Blueberry       0.98      1.00      0.99        92
      Cabbage       0.92      1.00      0.96        47
 Cactus fruit       1.00      0.34      0.51       399
   Cantaloupe       1.00      1.00      1.00       204
    Carambula       0.39      1.00      0.57        95
       Carrot       1.00      1.00      1.00        24
  Cauliflower       1.00      1.00      1.00       140
    Cherimoya       0.98      1.00      0.99       197
       Cherry       0.99      0.58      0.73       786
     Chestnut       0.41      1.00      0.59        85
   Clementine       0.97      1.00      0.99       106
      Coconut       1.00      1.00      1.00       104
         Corn       0.37      0.97      0.53       178
     Cucumber       0.99      0.65      0.79       508
        Dates       0.95      1.00      0.97       117
     Eggplant       0.53      1.00      0.69       142
          Fig       0.99      1.00      1.00       147
       Ginger       0.34      1.00      0.51        62
   Gooseberry       0.54      1.00      0.70        99
   Granadilla       0.84      1.00      0.92       109
        Grape       0.91      0.78      0.84       715
   Grapefruit       0.90      1.00      0.95       202
        Guava       0.66      1.00      0.80       103
     Hazelnut       0.96      1.00      0.98        98
  Huckleberry       1.00      1.00      1.00        78
         Kaki       0.98      1.00      0.99        99
         Kiwi       0.90      1.00      0.95       101
     Kohlrabi       0.33      1.00      0.50        90
      Kumquat       1.00      1.00      1.00       101
        Lemon       0.62      0.97      0.76       186
         Lime       1.00      1.00      1.00       101
       Lychee       0.96      1.00      0.98       102
    Mandarine       1.00      1.00      1.00       108
        Mango       0.86      0.73      0.79       190
   Mangosteen       0.85      1.00      0.92        62
        Melon       0.78      1.00      0.88       145
     Mulberry       1.00      1.00      1.00        82
    Nectarine       0.20      0.85      0.32       180
          Nut       0.26      0.58      0.36       222
        Onion       0.93      0.97      0.95       279
       Orange       1.00      1.00      1.00       110
       Papaya       0.21      1.00      0.35       106
Passion Fruit       0.96      1.00      0.98       197
        Peach       0.57      0.89      0.69       335
         Pear       0.69      0.19      0.30      1058
       Pepino       0.47      1.00      0.64       103
       Pepper       0.89      0.57      0.69       483
     Physalis       0.70      0.96      0.81       213
    Pineapple       0.97      1.00      0.99       200
    Pistachio       0.92      1.00      0.96       142
     Pitahaya       0.68      1.00      0.81       108
         Plum       0.98      0.90      0.94       366
  Pomegranate       0.18      1.00      0.31        98
       Pomelo       0.80      1.00      0.89        81
       Potato       0.57      0.71      0.63       364
       Quince       0.60      0.93      0.73       482
     Rambutan       0.99      1.00      0.99        93
    Raspberry       1.00      1.00      1.00        92
   Redcurrant       0.98      1.00      0.99       100
        Salak       0.65      1.00      0.78        82
   Strawberry       0.74      0.96      0.83       270
    Tamarillo       0.71      1.00      0.83       106
      Tangelo       0.98      1.00      0.99       112
       Tomato       0.98      0.57      0.72      1032
       Walnut       1.00      1.00      1.00       155
   Watermelon       0.95      1.00      0.97        88
     Zucchini       0.56      1.00      0.72        98

     accuracy                           0.70     17262
    macro avg       0.79      0.92      0.81     17262
 weighted avg       0.84      0.70      0.70     17262

2025-04-08 12:22:09,771 - Model parameters saved to 'model/model_parameters.pkl'
2025-04-08 12:22:12,689 - Loaded test data.
2025-04-08 12:23:47,530 - Accuracy: 0.6567
2025-04-08 12:23:47,531 - Classification Report:
               precision    recall  f1-score   support

        Apple       0.94      0.18      0.31      4443
      Apricot       0.25      1.00      0.40       164
      Avocado       0.95      1.00      0.98       309
       Banana       0.57      0.40      0.47       561
        Beans       1.00      1.00      1.00        77
     Beetroot       0.82      0.65      0.72       150
   Blackberry       0.77      0.86      0.81       600
    Blueberry       0.83      1.00      0.91       154
      Cabbage       0.87      1.00      0.93        96
 Cactus fruit       1.00      0.32      0.49       634
   Cantaloupe       1.00      1.00      1.00       328
    Carambula       0.43      1.00      0.60       166
       Carrot       0.98      1.00      0.99        50
  Cauliflower       1.00      1.00      1.00       234
    Cherimoya       0.82      1.00      0.90       320
       Cherry       1.00      0.53      0.69      1373
     Chestnut       0.48      1.00      0.65       153
   Clementine       0.92      1.00      0.96       166
      Coconut       1.00      1.00      1.00       166
         Corn       0.22      0.54      0.31       304
     Cucumber       0.92      0.55      0.69       811
        Dates       0.84      1.00      0.91       166
     Eggplant       0.44      0.77      0.56       236
          Fig       1.00      1.00      1.00       234
       Ginger       0.62      1.00      0.77        99
   Gooseberry       0.38      1.00      0.55       154
   Granadilla       0.80      1.00      0.89       166
        Grape       0.91      0.72      0.80      1146
   Grapefruit       0.99      1.00      0.99       330
        Guava       0.41      1.00      0.58       166
     Hazelnut       1.00      1.00      1.00       157
  Huckleberry       1.00      1.00      1.00       166
         Kaki       0.98      1.00      0.99       166
         Kiwi       0.92      1.00      0.96       156
     Kohlrabi       0.46      1.00      0.63       157
      Kumquat       1.00      1.00      1.00       166
        Lemon       0.58      1.00      0.74       330
         Lime       1.00      1.00      1.00       166
       Lychee       1.00      1.00      1.00       166
    Mandarine       1.00      1.00      1.00       166
        Mango       0.99      0.66      0.79       308
   Mangosteen       0.72      1.00      0.84       102
        Melon       0.61      1.00      0.76       246
     Mulberry       1.00      1.00      1.00       164
    Nectarine       0.20      0.83      0.32       324
          Nut       0.32      0.60      0.41       396
        Onion       0.71      0.95      0.82       451
       Orange       0.92      1.00      0.96       160
       Papaya       0.18      1.00      0.31       164
Passion Fruit       0.96      1.00      0.98       332
        Peach       0.42      0.74      0.54       574
         Pear       0.55      0.11      0.19      1761
       Pepino       0.40      1.00      0.57       166
       Pepper       0.82      0.51      0.63       826
     Physalis       0.59      0.99      0.74       328
    Pineapple       0.71      1.00      0.83       329
    Pistachio       0.86      1.00      0.92       231
     Pitahaya       0.99      1.00      0.99       166
         Plum       0.94      0.65      0.77       597
  Pomegranate       0.17      1.00      0.29       164
       Pomelo       0.80      1.00      0.89       153
       Potato       0.56      0.64      0.60       601
       Quince       0.63      0.96      0.76       897
     Rambutan       0.90      1.00      0.95       164
    Raspberry       1.00      1.00      1.00       166
   Redcurrant       1.00      1.00      1.00       164
        Salak       0.76      1.00      0.86       162
   Strawberry       0.68      0.97      0.80       410
    Tamarillo       0.76      1.00      0.86       166
      Tangelo       1.00      1.00      1.00       166
       Tomato       0.96      0.46      0.62      1707
       Walnut       1.00      1.00      1.00       249
   Watermelon       0.80      1.00      0.89       157
     Zucchini       0.46      1.00      0.63       160

     accuracy                           0.66     28863
    macro avg       0.76      0.89      0.78     28863
 weighted avg       0.79      0.66      0.64     28863

2025-04-08 13:41:26,091 - Training started...
2025-04-08 13:41:26,183 - Class 'Apple' prior: 0.1554
2025-04-08 13:41:26,184 - Class 'Apricot' prior: 0.0057
2025-04-08 13:41:26,184 - Class 'Avocado' prior: 0.0106
2025-04-08 13:41:26,184 - Class 'Banana' prior: 0.0191
2025-04-08 13:41:26,184 - Class 'Beans' prior: 0.0028
2025-04-08 13:41:26,185 - Class 'Beetroot' prior: 0.0053
2025-04-08 13:41:26,185 - Class 'Blackberry' prior: 0.0214
2025-04-08 13:41:26,185 - Class 'Blueberry' prior: 0.0054
2025-04-08 13:41:26,185 - Class 'Cabbage' prior: 0.0036
2025-04-08 13:41:26,185 - Class 'Cactus fruit' prior: 0.0218
2025-04-08 13:41:26,186 - Class 'Cantaloupe' prior: 0.0113
2025-04-08 13:41:26,186 - Class 'Carambula' prior: 0.0057
2025-04-08 13:41:26,186 - Class 'Carrot' prior: 0.0018
2025-04-08 13:41:26,186 - Class 'Cauliflower' prior: 0.0081
2025-04-08 13:41:26,186 - Class 'Cherimoya' prior: 0.0112
2025-04-08 13:41:26,187 - Class 'Cherry' prior: 0.0483
2025-04-08 13:41:26,187 - Class 'Chestnut' prior: 0.0053
2025-04-08 13:41:26,187 - Class 'Clementine' prior: 0.0056
2025-04-08 13:41:26,187 - Class 'Coconut' prior: 0.0056
2025-04-08 13:41:26,187 - Class 'Corn' prior: 0.0106
2025-04-08 13:41:26,188 - Class 'Cucumber' prior: 0.0280
2025-04-08 13:41:26,188 - Class 'Dates' prior: 0.0054
2025-04-08 13:41:26,188 - Class 'Eggplant' prior: 0.0082
2025-04-08 13:41:26,188 - Class 'Fig' prior: 0.0080
2025-04-08 13:41:26,188 - Class 'Ginger' prior: 0.0034
2025-04-08 13:41:26,189 - Class 'Gooseberry' prior: 0.0053
2025-04-08 13:41:26,189 - Class 'Granadilla' prior: 0.0055
2025-04-08 13:41:26,189 - Class 'Grape' prior: 0.0392
2025-04-08 13:41:26,189 - Class 'Grapefruit' prior: 0.0113
2025-04-08 13:41:26,189 - Class 'Guava' prior: 0.0056
2025-04-08 13:41:26,190 - Class 'Hazelnut' prior: 0.0053
2025-04-08 13:41:26,190 - Class 'Huckleberry' prior: 0.0060
2025-04-08 13:41:26,190 - Class 'Kaki' prior: 0.0057
2025-04-08 13:41:26,190 - Class 'Kiwi' prior: 0.0053
2025-04-08 13:41:26,190 - Class 'Kohlrabi' prior: 0.0055
2025-04-08 13:41:26,191 - Class 'Kumquat' prior: 0.0056
2025-04-08 13:41:26,191 - Class 'Lemon' prior: 0.0115
2025-04-08 13:41:26,191 - Class 'Lime' prior: 0.0056
2025-04-08 13:41:26,192 - Class 'Lychee' prior: 0.0056
2025-04-08 13:41:26,193 - Class 'Mandarine' prior: 0.0055
2025-04-08 13:41:26,193 - Class 'Mango' prior: 0.0105
2025-04-08 13:41:26,194 - Class 'Mangosteen' prior: 0.0034
2025-04-08 13:41:26,194 - Class 'Melon' prior: 0.0086
2025-04-08 13:41:26,194 - Class 'Mulberry' prior: 0.0059
2025-04-08 13:41:26,195 - Class 'Nectarine' prior: 0.0115
2025-04-08 13:41:26,195 - Class 'Nut' prior: 0.0140
2025-04-08 13:41:26,195 - Class 'Onion' prior: 0.0153
2025-04-08 13:41:26,195 - Class 'Orange' prior: 0.0053
2025-04-08 13:41:26,197 - Class 'Papaya' prior: 0.0056
2025-04-08 13:41:26,197 - Class 'Passion Fruit' prior: 0.0113
2025-04-08 13:41:26,198 - Class 'Peach' prior: 0.0201
2025-04-08 13:41:26,199 - Class 'Pear' prior: 0.0607
2025-04-08 13:41:26,200 - Class 'Pepino' prior: 0.0056
2025-04-08 13:41:26,200 - Class 'Pepper' prior: 0.0289
2025-04-08 13:41:26,201 - Class 'Physalis' prior: 0.0112
2025-04-08 13:41:26,201 - Class 'Pineapple' prior: 0.0113
2025-04-08 13:41:26,202 - Class 'Pistachio' prior: 0.0081
2025-04-08 13:41:26,202 - Class 'Pitahaya' prior: 0.0055
2025-04-08 13:41:26,204 - Class 'Plum' prior: 0.0203
2025-04-08 13:41:26,206 - Class 'Pomegranate' prior: 0.0057
2025-04-08 13:41:26,208 - Class 'Pomelo' prior: 0.0053
2025-04-08 13:41:26,208 - Class 'Potato' prior: 0.0208
2025-04-08 13:41:26,209 - Class 'Quince' prior: 0.0321
2025-04-08 13:41:26,209 - Class 'Rambutan' prior: 0.0058
2025-04-08 13:41:26,209 - Class 'Raspberry' prior: 0.0058
2025-04-08 13:41:26,209 - Class 'Redcurrant' prior: 0.0057
2025-04-08 13:41:26,210 - Class 'Salak' prior: 0.0059
2025-04-08 13:41:26,210 - Class 'Strawberry' prior: 0.0139
2025-04-08 13:41:26,210 - Class 'Tamarillo' prior: 0.0056
2025-04-08 13:41:26,210 - Class 'Tangelo' prior: 0.0055
2025-04-08 13:41:26,211 - Class 'Tomato' prior: 0.0590
2025-04-08 13:41:26,211 - Class 'Walnut' prior: 0.0084
2025-04-08 13:41:26,211 - Class 'Watermelon' prior: 0.0056
2025-04-08 13:41:26,211 - Class 'Zucchini' prior: 0.0055
2025-04-08 13:41:26,597 - Making predictions on 17262 test samples...
2025-04-08 13:41:26,797 - Predicted 100/17262 samples... (0.58%)
2025-04-08 13:41:26,992 - Predicted 200/17262 samples... (1.16%)
2025-04-08 13:41:27,205 - Predicted 300/17262 samples... (1.74%)
2025-04-08 13:41:27,412 - Predicted 400/17262 samples... (2.32%)
2025-04-08 13:41:27,586 - Predicted 500/17262 samples... (2.90%)
2025-04-08 13:41:27,774 - Predicted 600/17262 samples... (3.48%)
2025-04-08 13:41:27,955 - Predicted 700/17262 samples... (4.06%)
2025-04-08 13:41:28,137 - Predicted 800/17262 samples... (4.63%)
2025-04-08 13:41:28,320 - Predicted 900/17262 samples... (5.21%)
2025-04-08 13:41:28,499 - Predicted 1000/17262 samples... (5.79%)
2025-04-08 13:41:28,673 - Predicted 1100/17262 samples... (6.37%)
2025-04-08 13:41:28,847 - Predicted 1200/17262 samples... (6.95%)
2025-04-08 13:41:29,022 - Predicted 1300/17262 samples... (7.53%)
2025-04-08 13:41:29,197 - Predicted 1400/17262 samples... (8.11%)
2025-04-08 13:41:29,378 - Predicted 1500/17262 samples... (8.69%)
2025-04-08 13:41:29,554 - Predicted 1600/17262 samples... (9.27%)
2025-04-08 13:41:29,732 - Predicted 1700/17262 samples... (9.85%)
2025-04-08 13:41:29,908 - Predicted 1800/17262 samples... (10.43%)
2025-04-08 13:41:30,085 - Predicted 1900/17262 samples... (11.01%)
2025-04-08 13:41:30,258 - Predicted 2000/17262 samples... (11.59%)
2025-04-08 13:41:30,432 - Predicted 2100/17262 samples... (12.17%)
2025-04-08 13:41:30,625 - Predicted 2200/17262 samples... (12.74%)
2025-04-08 13:41:30,813 - Predicted 2300/17262 samples... (13.32%)
2025-04-08 13:41:30,986 - Predicted 2400/17262 samples... (13.90%)
2025-04-08 13:41:31,160 - Predicted 2500/17262 samples... (14.48%)
2025-04-08 13:41:31,433 - Predicted 2600/17262 samples... (15.06%)
2025-04-08 13:41:31,611 - Predicted 2700/17262 samples... (15.64%)
2025-04-08 13:41:31,785 - Predicted 2800/17262 samples... (16.22%)
2025-04-08 13:41:31,957 - Predicted 2900/17262 samples... (16.80%)
2025-04-08 13:41:32,133 - Predicted 3000/17262 samples... (17.38%)
2025-04-08 13:41:32,303 - Predicted 3100/17262 samples... (17.96%)
2025-04-08 13:41:32,478 - Predicted 3200/17262 samples... (18.54%)
2025-04-08 13:41:32,655 - Predicted 3300/17262 samples... (19.12%)
2025-04-08 13:41:32,830 - Predicted 3400/17262 samples... (19.70%)
2025-04-08 13:41:33,005 - Predicted 3500/17262 samples... (20.28%)
2025-04-08 13:41:33,178 - Predicted 3600/17262 samples... (20.86%)
2025-04-08 13:41:33,346 - Predicted 3700/17262 samples... (21.43%)
2025-04-08 13:41:33,524 - Predicted 3800/17262 samples... (22.01%)
2025-04-08 13:41:33,700 - Predicted 3900/17262 samples... (22.59%)
2025-04-08 13:41:33,882 - Predicted 4000/17262 samples... (23.17%)
2025-04-08 13:41:34,060 - Predicted 4100/17262 samples... (23.75%)
2025-04-08 13:41:34,236 - Predicted 4200/17262 samples... (24.33%)
2025-04-08 13:41:34,413 - Predicted 4300/17262 samples... (24.91%)
2025-04-08 13:41:34,584 - Predicted 4400/17262 samples... (25.49%)
2025-04-08 13:41:34,769 - Predicted 4500/17262 samples... (26.07%)
2025-04-08 13:41:34,943 - Predicted 4600/17262 samples... (26.65%)
2025-04-08 13:41:35,116 - Predicted 4700/17262 samples... (27.23%)
2025-04-08 13:41:35,292 - Predicted 4800/17262 samples... (27.81%)
2025-04-08 13:41:35,468 - Predicted 4900/17262 samples... (28.39%)
2025-04-08 13:41:35,649 - Predicted 5000/17262 samples... (28.97%)
2025-04-08 13:41:35,828 - Predicted 5100/17262 samples... (29.54%)
2025-04-08 13:41:36,007 - Predicted 5200/17262 samples... (30.12%)
2025-04-08 13:41:36,184 - Predicted 5300/17262 samples... (30.70%)
2025-04-08 13:41:36,361 - Predicted 5400/17262 samples... (31.28%)
2025-04-08 13:41:36,533 - Predicted 5500/17262 samples... (31.86%)
2025-04-08 13:41:36,708 - Predicted 5600/17262 samples... (32.44%)
2025-04-08 13:41:36,882 - Predicted 5700/17262 samples... (33.02%)
2025-04-08 13:41:37,056 - Predicted 5800/17262 samples... (33.60%)
2025-04-08 13:41:37,234 - Predicted 5900/17262 samples... (34.18%)
2025-04-08 13:41:37,411 - Predicted 6000/17262 samples... (34.76%)
2025-04-08 13:41:37,586 - Predicted 6100/17262 samples... (35.34%)
2025-04-08 13:41:37,758 - Predicted 6200/17262 samples... (35.92%)
2025-04-08 13:41:37,938 - Predicted 6300/17262 samples... (36.50%)
2025-04-08 13:41:38,123 - Predicted 6400/17262 samples... (37.08%)
2025-04-08 13:41:38,297 - Predicted 6500/17262 samples... (37.65%)
2025-04-08 13:41:38,485 - Predicted 6600/17262 samples... (38.23%)
2025-04-08 13:41:38,660 - Predicted 6700/17262 samples... (38.81%)
2025-04-08 13:41:38,833 - Predicted 6800/17262 samples... (39.39%)
2025-04-08 13:41:39,016 - Predicted 6900/17262 samples... (39.97%)
2025-04-08 13:41:39,190 - Predicted 7000/17262 samples... (40.55%)
2025-04-08 13:41:39,376 - Predicted 7100/17262 samples... (41.13%)
2025-04-08 13:41:39,555 - Predicted 7200/17262 samples... (41.71%)
2025-04-08 13:41:39,730 - Predicted 7300/17262 samples... (42.29%)
2025-04-08 13:41:39,913 - Predicted 7400/17262 samples... (42.87%)
2025-04-08 13:41:40,086 - Predicted 7500/17262 samples... (43.45%)
2025-04-08 13:41:40,262 - Predicted 7600/17262 samples... (44.03%)
2025-04-08 13:41:40,436 - Predicted 7700/17262 samples... (44.61%)
2025-04-08 13:41:40,628 - Predicted 7800/17262 samples... (45.19%)
2025-04-08 13:41:40,812 - Predicted 7900/17262 samples... (45.77%)
2025-04-08 13:41:41,000 - Predicted 8000/17262 samples... (46.34%)
2025-04-08 13:41:41,182 - Predicted 8100/17262 samples... (46.92%)
2025-04-08 13:41:41,356 - Predicted 8200/17262 samples... (47.50%)
2025-04-08 13:41:41,532 - Predicted 8300/17262 samples... (48.08%)
2025-04-08 13:41:41,710 - Predicted 8400/17262 samples... (48.66%)
2025-04-08 13:41:41,885 - Predicted 8500/17262 samples... (49.24%)
2025-04-08 13:41:42,059 - Predicted 8600/17262 samples... (49.82%)
2025-04-08 13:41:42,237 - Predicted 8700/17262 samples... (50.40%)
2025-04-08 13:41:42,457 - Predicted 8800/17262 samples... (50.98%)
2025-04-08 13:41:42,626 - Predicted 8900/17262 samples... (51.56%)
2025-04-08 13:41:42,813 - Predicted 9000/17262 samples... (52.14%)
2025-04-08 13:41:42,990 - Predicted 9100/17262 samples... (52.72%)
2025-04-08 13:41:43,173 - Predicted 9200/17262 samples... (53.30%)
2025-04-08 13:41:43,350 - Predicted 9300/17262 samples... (53.88%)
2025-04-08 13:41:43,527 - Predicted 9400/17262 samples... (54.45%)
2025-04-08 13:41:43,702 - Predicted 9500/17262 samples... (55.03%)
2025-04-08 13:41:43,879 - Predicted 9600/17262 samples... (55.61%)
2025-04-08 13:41:44,054 - Predicted 9700/17262 samples... (56.19%)
2025-04-08 13:41:44,238 - Predicted 9800/17262 samples... (56.77%)
2025-04-08 13:41:44,415 - Predicted 9900/17262 samples... (57.35%)
2025-04-08 13:41:44,604 - Predicted 10000/17262 samples... (57.93%)
2025-04-08 13:41:44,778 - Predicted 10100/17262 samples... (58.51%)
2025-04-08 13:41:44,959 - Predicted 10200/17262 samples... (59.09%)
2025-04-08 13:41:45,141 - Predicted 10300/17262 samples... (59.67%)
2025-04-08 13:41:45,318 - Predicted 10400/17262 samples... (60.25%)
2025-04-08 13:41:45,505 - Predicted 10500/17262 samples... (60.83%)
2025-04-08 13:41:45,682 - Predicted 10600/17262 samples... (61.41%)
2025-04-08 13:41:45,851 - Predicted 10700/17262 samples... (61.99%)
2025-04-08 13:41:46,034 - Predicted 10800/17262 samples... (62.57%)
2025-04-08 13:41:46,209 - Predicted 10900/17262 samples... (63.14%)
2025-04-08 13:41:46,389 - Predicted 11000/17262 samples... (63.72%)
2025-04-08 13:41:46,563 - Predicted 11100/17262 samples... (64.30%)
2025-04-08 13:41:46,742 - Predicted 11200/17262 samples... (64.88%)
2025-04-08 13:41:46,919 - Predicted 11300/17262 samples... (65.46%)
2025-04-08 13:41:47,105 - Predicted 11400/17262 samples... (66.04%)
2025-04-08 13:41:47,277 - Predicted 11500/17262 samples... (66.62%)
2025-04-08 13:41:47,455 - Predicted 11600/17262 samples... (67.20%)
2025-04-08 13:41:47,630 - Predicted 11700/17262 samples... (67.78%)
2025-04-08 13:41:47,804 - Predicted 11800/17262 samples... (68.36%)
2025-04-08 13:41:47,979 - Predicted 11900/17262 samples... (68.94%)
2025-04-08 13:41:48,174 - Predicted 12000/17262 samples... (69.52%)
2025-04-08 13:41:48,347 - Predicted 12100/17262 samples... (70.10%)
2025-04-08 13:41:48,536 - Predicted 12200/17262 samples... (70.68%)
2025-04-08 13:41:48,712 - Predicted 12300/17262 samples... (71.25%)
2025-04-08 13:41:48,907 - Predicted 12400/17262 samples... (71.83%)
2025-04-08 13:41:49,081 - Predicted 12500/17262 samples... (72.41%)
2025-04-08 13:41:49,256 - Predicted 12600/17262 samples... (72.99%)
2025-04-08 13:41:49,434 - Predicted 12700/17262 samples... (73.57%)
2025-04-08 13:41:49,609 - Predicted 12800/17262 samples... (74.15%)
2025-04-08 13:41:49,799 - Predicted 12900/17262 samples... (74.73%)
2025-04-08 13:41:49,999 - Predicted 13000/17262 samples... (75.31%)
2025-04-08 13:41:50,188 - Predicted 13100/17262 samples... (75.89%)
2025-04-08 13:41:50,369 - Predicted 13200/17262 samples... (76.47%)
2025-04-08 13:41:50,554 - Predicted 13300/17262 samples... (77.05%)
2025-04-08 13:41:50,741 - Predicted 13400/17262 samples... (77.63%)
2025-04-08 13:41:50,918 - Predicted 13500/17262 samples... (78.21%)
2025-04-08 13:41:51,100 - Predicted 13600/17262 samples... (78.79%)
2025-04-08 13:41:51,276 - Predicted 13700/17262 samples... (79.37%)
2025-04-08 13:41:51,458 - Predicted 13800/17262 samples... (79.94%)
2025-04-08 13:41:51,635 - Predicted 13900/17262 samples... (80.52%)
2025-04-08 13:41:51,820 - Predicted 14000/17262 samples... (81.10%)
2025-04-08 13:41:51,993 - Predicted 14100/17262 samples... (81.68%)
2025-04-08 13:41:52,187 - Predicted 14200/17262 samples... (82.26%)
2025-04-08 13:41:52,363 - Predicted 14300/17262 samples... (82.84%)
2025-04-08 13:41:52,542 - Predicted 14400/17262 samples... (83.42%)
2025-04-08 13:41:52,715 - Predicted 14500/17262 samples... (84.00%)
2025-04-08 13:41:52,893 - Predicted 14600/17262 samples... (84.58%)
2025-04-08 13:41:53,066 - Predicted 14700/17262 samples... (85.16%)
2025-04-08 13:41:53,288 - Predicted 14800/17262 samples... (85.74%)
2025-04-08 13:41:53,459 - Predicted 14900/17262 samples... (86.32%)
2025-04-08 13:41:53,643 - Predicted 15000/17262 samples... (86.90%)
2025-04-08 13:41:53,822 - Predicted 15100/17262 samples... (87.48%)
2025-04-08 13:41:54,009 - Predicted 15200/17262 samples... (88.05%)
2025-04-08 13:41:54,182 - Predicted 15300/17262 samples... (88.63%)
2025-04-08 13:41:54,358 - Predicted 15400/17262 samples... (89.21%)
2025-04-08 13:41:54,536 - Predicted 15500/17262 samples... (89.79%)
2025-04-08 13:41:54,712 - Predicted 15600/17262 samples... (90.37%)
2025-04-08 13:41:54,889 - Predicted 15700/17262 samples... (90.95%)
2025-04-08 13:41:55,066 - Predicted 15800/17262 samples... (91.53%)
2025-04-08 13:41:55,241 - Predicted 15900/17262 samples... (92.11%)
2025-04-08 13:41:55,424 - Predicted 16000/17262 samples... (92.69%)
2025-04-08 13:41:55,605 - Predicted 16100/17262 samples... (93.27%)
2025-04-08 13:41:55,788 - Predicted 16200/17262 samples... (93.85%)
2025-04-08 13:41:55,971 - Predicted 16300/17262 samples... (94.43%)
2025-04-08 13:41:56,155 - Predicted 16400/17262 samples... (95.01%)
2025-04-08 13:41:56,329 - Predicted 16500/17262 samples... (95.59%)
2025-04-08 13:41:56,512 - Predicted 16600/17262 samples... (96.16%)
2025-04-08 13:41:56,687 - Predicted 16700/17262 samples... (96.74%)
2025-04-08 13:41:56,877 - Predicted 16800/17262 samples... (97.32%)
2025-04-08 13:41:57,057 - Predicted 16900/17262 samples... (97.90%)
2025-04-08 13:41:57,234 - Predicted 17000/17262 samples... (98.48%)
2025-04-08 13:41:57,408 - Predicted 17100/17262 samples... (99.06%)
2025-04-08 13:41:57,579 - Predicted 17200/17262 samples... (99.64%)
2025-04-08 13:41:57,689 - Predicted 17262/17262 samples... (100.00%)
2025-04-08 13:41:57,689 - Prediction completed in 31.09 seconds.
2025-04-08 13:41:57,707 - Model Accuracy: 94.35%
2025-04-08 13:41:57,801 - 
               precision    recall  f1-score   support

        Apple       0.92      0.86      0.89      2628
      Apricot       1.00      1.00      1.00        96
      Avocado       1.00      1.00      1.00       188
       Banana       0.83      0.79      0.81       347
        Beans       0.56      1.00      0.72        41
     Beetroot       1.00      1.00      1.00        84
   Blackberry       0.99      0.97      0.98       319
    Blueberry       1.00      1.00      1.00        92
      Cabbage       1.00      1.00      1.00        47
 Cactus fruit       0.91      0.93      0.92       399
   Cantaloupe       1.00      1.00      1.00       204
    Carambula       0.96      1.00      0.98        95
       Carrot       0.96      1.00      0.98        24
  Cauliflower       1.00      1.00      1.00       140
    Cherimoya       1.00      1.00      1.00       197
       Cherry       0.99      0.97      0.98       786
     Chestnut       0.87      0.98      0.92        85
   Clementine       1.00      1.00      1.00       106
      Coconut       1.00      1.00      1.00       104
         Corn       0.93      0.97      0.95       178
     Cucumber       0.99      0.93      0.96       508
        Dates       1.00      0.99      1.00       117
     Eggplant       0.95      0.99      0.97       142
          Fig       1.00      1.00      1.00       147
       Ginger       0.49      1.00      0.66        62
   Gooseberry       1.00      1.00      1.00        99
   Granadilla       1.00      1.00      1.00       109
        Grape       0.96      1.00      0.98       715
   Grapefruit       0.91      1.00      0.95       202
        Guava       1.00      1.00      1.00       103
     Hazelnut       1.00      1.00      1.00        98
  Huckleberry       1.00      1.00      1.00        78
         Kaki       1.00      0.96      0.98        99
         Kiwi       1.00      1.00      1.00       101
     Kohlrabi       1.00      0.99      0.99        90
      Kumquat       1.00      1.00      1.00       101
        Lemon       0.81      0.89      0.85       186
         Lime       1.00      1.00      1.00       101
       Lychee       1.00      1.00      1.00       102
    Mandarine       1.00      1.00      1.00       108
        Mango       1.00      0.99      1.00       190
   Mangosteen       1.00      0.98      0.99        62
        Melon       1.00      1.00      1.00       145
     Mulberry       1.00      1.00      1.00        82
    Nectarine       0.63      0.99      0.77       180
          Nut       1.00      0.95      0.97       222
        Onion       1.00      1.00      1.00       279
       Orange       1.00      1.00      1.00       110
       Papaya       0.89      0.98      0.93       106
Passion Fruit       1.00      0.96      0.98       197
        Peach       0.95      0.92      0.94       335
         Pear       0.92      0.89      0.91      1058
       Pepino       1.00      1.00      1.00       103
       Pepper       0.99      0.94      0.96       483
     Physalis       1.00      0.89      0.94       213
    Pineapple       1.00      1.00      1.00       200
    Pistachio       1.00      1.00      1.00       142
     Pitahaya       1.00      1.00      1.00       108
         Plum       0.75      1.00      0.86       366
  Pomegranate       0.98      1.00      0.99        98
       Pomelo       1.00      1.00      1.00        81
       Potato       0.95      0.82      0.88       364
       Quince       0.86      0.97      0.91       482
     Rambutan       1.00      1.00      1.00        93
    Raspberry       0.97      1.00      0.98        92
   Redcurrant       1.00      1.00      1.00       100
        Salak       1.00      1.00      1.00        82
   Strawberry       1.00      0.93      0.96       270
    Tamarillo       1.00      1.00      1.00       106
      Tangelo       1.00      1.00      1.00       112
       Tomato       0.99      0.93      0.96      1032
       Walnut       1.00      1.00      1.00       155
   Watermelon       0.99      1.00      0.99        88
     Zucchini       1.00      1.00      1.00        98

     accuracy                           0.94     17262
    macro avg       0.96      0.98      0.96     17262
 weighted avg       0.95      0.94      0.94     17262

2025-04-08 13:41:57,840 - Model parameters saved to 'model/model_parameters.pkl'
2025-04-08 13:41:59,840 - Loaded test data.
2025-04-08 13:42:50,631 - Accuracy: 0.9178
2025-04-08 13:42:50,631 - Classification Report:
               precision    recall  f1-score   support

        Apple       0.87      0.85      0.86      4443
      Apricot       1.00      1.00      1.00       164
      Avocado       1.00      1.00      1.00       309
       Banana       0.70      0.75      0.72       561
        Beans       0.51      1.00      0.67        77
     Beetroot       1.00      0.68      0.81       150
   Blackberry       1.00      0.97      0.98       600
    Blueberry       1.00      1.00      1.00       154
      Cabbage       1.00      1.00      1.00        96
 Cactus fruit       0.81      0.83      0.82       634
   Cantaloupe       1.00      1.00      1.00       328
    Carambula       0.84      0.77      0.81       166
       Carrot       0.77      1.00      0.87        50
  Cauliflower       1.00      1.00      1.00       234
    Cherimoya       1.00      1.00      1.00       320
       Cherry       0.97      0.88      0.92      1373
     Chestnut       0.79      1.00      0.88       153
   Clementine       1.00      1.00      1.00       166
      Coconut       1.00      0.99      0.99       166
         Corn       0.67      0.44      0.53       304
     Cucumber       0.98      0.91      0.94       811
        Dates       1.00      0.99      0.99       166
     Eggplant       1.00      0.78      0.88       236
          Fig       1.00      1.00      1.00       234
       Ginger       0.91      1.00      0.95        99
   Gooseberry       1.00      1.00      1.00       154
   Granadilla       1.00      1.00      1.00       166
        Grape       0.93      1.00      0.96      1146
   Grapefruit       0.96      1.00      0.98       330
        Guava       1.00      0.99      1.00       166
     Hazelnut       1.00      1.00      1.00       157
  Huckleberry       1.00      1.00      1.00       166
         Kaki       1.00      0.99      1.00       166
         Kiwi       1.00      1.00      1.00       156
     Kohlrabi       1.00      0.99      0.99       157
      Kumquat       1.00      1.00      1.00       166
        Lemon       0.91      0.95      0.93       330
         Lime       1.00      1.00      1.00       166
       Lychee       1.00      1.00      1.00       166
    Mandarine       1.00      1.00      1.00       166
        Mango       1.00      0.90      0.95       308
   Mangosteen       1.00      1.00      1.00       102
        Melon       1.00      0.93      0.97       246
     Mulberry       1.00      1.00      1.00       164
    Nectarine       0.66      0.93      0.77       324
          Nut       1.00      0.87      0.93       396
        Onion       0.93      0.94      0.94       451
       Orange       1.00      1.00      1.00       160
       Papaya       0.86      1.00      0.93       164
Passion Fruit       1.00      0.92      0.96       332
        Peach       0.94      0.94      0.94       574
         Pear       0.80      0.88      0.84      1761
       Pepino       1.00      1.00      1.00       166
       Pepper       0.96      0.88      0.92       826
     Physalis       0.98      0.90      0.94       328
    Pineapple       1.00      1.00      1.00       329
    Pistachio       1.00      1.00      1.00       231
     Pitahaya       1.00      0.79      0.88       166
         Plum       0.72      1.00      0.84       597
  Pomegranate       0.96      0.96      0.96       164
       Pomelo       1.00      1.00      1.00       153
       Potato       0.97      0.88      0.93       601
       Quince       0.87      0.96      0.91       897
     Rambutan       1.00      1.00      1.00       164
    Raspberry       0.99      1.00      1.00       166
   Redcurrant       1.00      1.00      1.00       164
        Salak       1.00      1.00      1.00       162
   Strawberry       1.00      0.97      0.99       410
    Tamarillo       1.00      1.00      1.00       166
      Tangelo       1.00      1.00      1.00       166
       Tomato       0.98      0.92      0.95      1707
       Walnut       1.00      1.00      1.00       249
   Watermelon       0.93      1.00      0.96       157
     Zucchini       0.98      1.00      0.99       160

     accuracy                           0.92     28863
    macro avg       0.95      0.95      0.95     28863
 weighted avg       0.92      0.92      0.92     28863

2025-04-08 16:48:01,330 - Training started...
2025-04-08 16:48:01,417 - Class 'Apple' prior: 0.1554
2025-04-08 16:48:01,417 - Class 'Apricot' prior: 0.0057
2025-04-08 16:48:01,417 - Class 'Avocado' prior: 0.0106
2025-04-08 16:48:01,418 - Class 'Banana' prior: 0.0191
2025-04-08 16:48:01,418 - Class 'Beans' prior: 0.0028
2025-04-08 16:48:01,418 - Class 'Beetroot' prior: 0.0053
2025-04-08 16:48:01,418 - Class 'Blackberry' prior: 0.0214
2025-04-08 16:48:01,418 - Class 'Blueberry' prior: 0.0054
2025-04-08 16:48:01,418 - Class 'Cabbage' prior: 0.0036
2025-04-08 16:48:01,418 - Class 'Cactus fruit' prior: 0.0218
2025-04-08 16:48:01,418 - Class 'Cantaloupe' prior: 0.0113
2025-04-08 16:48:01,419 - Class 'Carambula' prior: 0.0057
2025-04-08 16:48:01,419 - Class 'Carrot' prior: 0.0018
2025-04-08 16:48:01,419 - Class 'Cauliflower' prior: 0.0081
2025-04-08 16:48:01,419 - Class 'Cherimoya' prior: 0.0112
2025-04-08 16:48:01,419 - Class 'Cherry' prior: 0.0483
2025-04-08 16:48:01,419 - Class 'Chestnut' prior: 0.0053
2025-04-08 16:48:01,419 - Class 'Clementine' prior: 0.0056
2025-04-08 16:48:01,419 - Class 'Coconut' prior: 0.0056
2025-04-08 16:48:01,420 - Class 'Corn' prior: 0.0106
2025-04-08 16:48:01,420 - Class 'Cucumber' prior: 0.0280
2025-04-08 16:48:01,420 - Class 'Dates' prior: 0.0054
2025-04-08 16:48:01,420 - Class 'Eggplant' prior: 0.0082
2025-04-08 16:48:01,420 - Class 'Fig' prior: 0.0080
2025-04-08 16:48:01,420 - Class 'Ginger' prior: 0.0034
2025-04-08 16:48:01,420 - Class 'Gooseberry' prior: 0.0053
2025-04-08 16:48:01,421 - Class 'Granadilla' prior: 0.0055
2025-04-08 16:48:01,421 - Class 'Grape' prior: 0.0392
2025-04-08 16:48:01,421 - Class 'Grapefruit' prior: 0.0113
2025-04-08 16:48:01,421 - Class 'Guava' prior: 0.0056
2025-04-08 16:48:01,421 - Class 'Hazelnut' prior: 0.0053
2025-04-08 16:48:01,421 - Class 'Huckleberry' prior: 0.0060
2025-04-08 16:48:01,422 - Class 'Kaki' prior: 0.0057
2025-04-08 16:48:01,422 - Class 'Kiwi' prior: 0.0053
2025-04-08 16:48:01,422 - Class 'Kohlrabi' prior: 0.0055
2025-04-08 16:48:01,422 - Class 'Kumquat' prior: 0.0056
2025-04-08 16:48:01,422 - Class 'Lemon' prior: 0.0115
2025-04-08 16:48:01,423 - Class 'Lime' prior: 0.0056
2025-04-08 16:48:01,423 - Class 'Lychee' prior: 0.0056
2025-04-08 16:48:01,423 - Class 'Mandarine' prior: 0.0055
2025-04-08 16:48:01,423 - Class 'Mango' prior: 0.0105
2025-04-08 16:48:01,424 - Class 'Mangosteen' prior: 0.0034
2025-04-08 16:48:01,424 - Class 'Melon' prior: 0.0086
2025-04-08 16:48:01,424 - Class 'Mulberry' prior: 0.0059
2025-04-08 16:48:01,424 - Class 'Nectarine' prior: 0.0115
2025-04-08 16:48:01,424 - Class 'Nut' prior: 0.0140
2025-04-08 16:48:01,425 - Class 'Onion' prior: 0.0153
2025-04-08 16:48:01,425 - Class 'Orange' prior: 0.0053
2025-04-08 16:48:01,425 - Class 'Papaya' prior: 0.0056
2025-04-08 16:48:01,425 - Class 'Passion Fruit' prior: 0.0113
2025-04-08 16:48:01,426 - Class 'Peach' prior: 0.0201
2025-04-08 16:48:01,426 - Class 'Pear' prior: 0.0607
2025-04-08 16:48:01,426 - Class 'Pepino' prior: 0.0056
2025-04-08 16:48:01,426 - Class 'Pepper' prior: 0.0289
2025-04-08 16:48:01,426 - Class 'Physalis' prior: 0.0112
2025-04-08 16:48:01,426 - Class 'Pineapple' prior: 0.0113
2025-04-08 16:48:01,426 - Class 'Pistachio' prior: 0.0081
2025-04-08 16:48:01,426 - Class 'Pitahaya' prior: 0.0055
2025-04-08 16:48:01,427 - Class 'Plum' prior: 0.0203
2025-04-08 16:48:01,427 - Class 'Pomegranate' prior: 0.0057
2025-04-08 16:48:01,427 - Class 'Pomelo' prior: 0.0053
2025-04-08 16:48:01,427 - Class 'Potato' prior: 0.0208
2025-04-08 16:48:01,428 - Class 'Quince' prior: 0.0321
2025-04-08 16:48:01,428 - Class 'Rambutan' prior: 0.0058
2025-04-08 16:48:01,428 - Class 'Raspberry' prior: 0.0058
2025-04-08 16:48:01,429 - Class 'Redcurrant' prior: 0.0057
2025-04-08 16:48:01,429 - Class 'Salak' prior: 0.0059
2025-04-08 16:48:01,429 - Class 'Strawberry' prior: 0.0139
2025-04-08 16:48:01,429 - Class 'Tamarillo' prior: 0.0056
2025-04-08 16:48:01,430 - Class 'Tangelo' prior: 0.0055
2025-04-08 16:48:01,430 - Class 'Tomato' prior: 0.0590
2025-04-08 16:48:01,430 - Class 'Walnut' prior: 0.0084
2025-04-08 16:48:01,430 - Class 'Watermelon' prior: 0.0056
2025-04-08 16:48:01,430 - Class 'Zucchini' prior: 0.0055
2025-04-08 16:48:01,770 - Making predictions on 17262 test samples...
2025-04-08 16:48:01,967 - Predicted 100/17262 samples... (0.58%)
2025-04-08 16:48:02,222 - Predicted 200/17262 samples... (1.16%)
2025-04-08 16:48:02,417 - Predicted 300/17262 samples... (1.74%)
2025-04-08 16:48:02,590 - Predicted 400/17262 samples... (2.32%)
2025-04-08 16:48:02,763 - Predicted 500/17262 samples... (2.90%)
2025-04-08 16:48:02,936 - Predicted 600/17262 samples... (3.48%)
2025-04-08 16:48:03,109 - Predicted 700/17262 samples... (4.06%)
2025-04-08 16:48:03,283 - Predicted 800/17262 samples... (4.63%)
2025-04-08 16:48:03,455 - Predicted 900/17262 samples... (5.21%)
2025-04-08 16:48:03,629 - Predicted 1000/17262 samples... (5.79%)
2025-04-08 16:48:03,804 - Predicted 1100/17262 samples... (6.37%)
2025-04-08 16:48:03,979 - Predicted 1200/17262 samples... (6.95%)
2025-04-08 16:48:04,153 - Predicted 1300/17262 samples... (7.53%)
2025-04-08 16:48:04,343 - Predicted 1400/17262 samples... (8.11%)
2025-04-08 16:48:04,519 - Predicted 1500/17262 samples... (8.69%)
2025-04-08 16:48:04,694 - Predicted 1600/17262 samples... (9.27%)
2025-04-08 16:48:04,872 - Predicted 1700/17262 samples... (9.85%)
2025-04-08 16:48:05,047 - Predicted 1800/17262 samples... (10.43%)
2025-04-08 16:48:05,224 - Predicted 1900/17262 samples... (11.01%)
2025-04-08 16:48:05,397 - Predicted 2000/17262 samples... (11.59%)
2025-04-08 16:48:05,572 - Predicted 2100/17262 samples... (12.17%)
2025-04-08 16:48:05,746 - Predicted 2200/17262 samples... (12.74%)
2025-04-08 16:48:05,919 - Predicted 2300/17262 samples... (13.32%)
2025-04-08 16:48:06,092 - Predicted 2400/17262 samples... (13.90%)
2025-04-08 16:48:06,265 - Predicted 2500/17262 samples... (14.48%)
2025-04-08 16:48:06,437 - Predicted 2600/17262 samples... (15.06%)
2025-04-08 16:48:06,607 - Predicted 2700/17262 samples... (15.64%)
2025-04-08 16:48:06,782 - Predicted 2800/17262 samples... (16.22%)
2025-04-08 16:48:06,953 - Predicted 2900/17262 samples... (16.80%)
2025-04-08 16:48:07,122 - Predicted 3000/17262 samples... (17.38%)
2025-04-08 16:48:07,296 - Predicted 3100/17262 samples... (17.96%)
2025-04-08 16:48:07,467 - Predicted 3200/17262 samples... (18.54%)
2025-04-08 16:48:07,639 - Predicted 3300/17262 samples... (19.12%)
2025-04-08 16:48:07,810 - Predicted 3400/17262 samples... (19.70%)
2025-04-08 16:48:07,978 - Predicted 3500/17262 samples... (20.28%)
2025-04-08 16:48:08,146 - Predicted 3600/17262 samples... (20.86%)
2025-04-08 16:48:08,314 - Predicted 3700/17262 samples... (21.43%)
2025-04-08 16:48:08,481 - Predicted 3800/17262 samples... (22.01%)
2025-04-08 16:48:08,648 - Predicted 3900/17262 samples... (22.59%)
2025-04-08 16:48:08,818 - Predicted 4000/17262 samples... (23.17%)
2025-04-08 16:48:08,986 - Predicted 4100/17262 samples... (23.75%)
2025-04-08 16:48:09,155 - Predicted 4200/17262 samples... (24.33%)
2025-04-08 16:48:09,323 - Predicted 4300/17262 samples... (24.91%)
2025-04-08 16:48:09,491 - Predicted 4400/17262 samples... (25.49%)
2025-04-08 16:48:09,659 - Predicted 4500/17262 samples... (26.07%)
2025-04-08 16:48:09,827 - Predicted 4600/17262 samples... (26.65%)
2025-04-08 16:48:09,998 - Predicted 4700/17262 samples... (27.23%)
2025-04-08 16:48:10,166 - Predicted 4800/17262 samples... (27.81%)
2025-04-08 16:48:10,369 - Predicted 4900/17262 samples... (28.39%)
2025-04-08 16:48:10,540 - Predicted 5000/17262 samples... (28.97%)
2025-04-08 16:48:10,709 - Predicted 5100/17262 samples... (29.54%)
2025-04-08 16:48:10,877 - Predicted 5200/17262 samples... (30.12%)
2025-04-08 16:48:11,047 - Predicted 5300/17262 samples... (30.70%)
2025-04-08 16:48:11,221 - Predicted 5400/17262 samples... (31.28%)
2025-04-08 16:48:11,391 - Predicted 5500/17262 samples... (31.86%)
2025-04-08 16:48:11,562 - Predicted 5600/17262 samples... (32.44%)
2025-04-08 16:48:11,731 - Predicted 5700/17262 samples... (33.02%)
2025-04-08 16:48:11,900 - Predicted 5800/17262 samples... (33.60%)
2025-04-08 16:48:12,069 - Predicted 5900/17262 samples... (34.18%)
2025-04-08 16:48:12,238 - Predicted 6000/17262 samples... (34.76%)
2025-04-08 16:48:12,408 - Predicted 6100/17262 samples... (35.34%)
2025-04-08 16:48:12,576 - Predicted 6200/17262 samples... (35.92%)
2025-04-08 16:48:12,747 - Predicted 6300/17262 samples... (36.50%)
2025-04-08 16:48:12,917 - Predicted 6400/17262 samples... (37.08%)
2025-04-08 16:48:13,084 - Predicted 6500/17262 samples... (37.65%)
2025-04-08 16:48:13,253 - Predicted 6600/17262 samples... (38.23%)
2025-04-08 16:48:13,421 - Predicted 6700/17262 samples... (38.81%)
2025-04-08 16:48:13,591 - Predicted 6800/17262 samples... (39.39%)
2025-04-08 16:48:13,761 - Predicted 6900/17262 samples... (39.97%)
2025-04-08 16:48:13,931 - Predicted 7000/17262 samples... (40.55%)
2025-04-08 16:48:14,099 - Predicted 7100/17262 samples... (41.13%)
2025-04-08 16:48:14,273 - Predicted 7200/17262 samples... (41.71%)
2025-04-08 16:48:14,444 - Predicted 7300/17262 samples... (42.29%)
2025-04-08 16:48:14,616 - Predicted 7400/17262 samples... (42.87%)
2025-04-08 16:48:14,784 - Predicted 7500/17262 samples... (43.45%)
2025-04-08 16:48:14,953 - Predicted 7600/17262 samples... (44.03%)
2025-04-08 16:48:15,123 - Predicted 7700/17262 samples... (44.61%)
2025-04-08 16:48:15,294 - Predicted 7800/17262 samples... (45.19%)
2025-04-08 16:48:15,464 - Predicted 7900/17262 samples... (45.77%)
2025-04-08 16:48:15,633 - Predicted 8000/17262 samples... (46.34%)
2025-04-08 16:48:15,802 - Predicted 8100/17262 samples... (46.92%)
2025-04-08 16:48:15,972 - Predicted 8200/17262 samples... (47.50%)
2025-04-08 16:48:16,142 - Predicted 8300/17262 samples... (48.08%)
2025-04-08 16:48:16,310 - Predicted 8400/17262 samples... (48.66%)
2025-04-08 16:48:16,477 - Predicted 8500/17262 samples... (49.24%)
2025-04-08 16:48:16,646 - Predicted 8600/17262 samples... (49.82%)
2025-04-08 16:48:16,816 - Predicted 8700/17262 samples... (50.40%)
2025-04-08 16:48:16,984 - Predicted 8800/17262 samples... (50.98%)
2025-04-08 16:48:17,151 - Predicted 8900/17262 samples... (51.56%)
2025-04-08 16:48:17,320 - Predicted 9000/17262 samples... (52.14%)
2025-04-08 16:48:17,490 - Predicted 9100/17262 samples... (52.72%)
2025-04-08 16:48:17,657 - Predicted 9200/17262 samples... (53.30%)
2025-04-08 16:48:17,825 - Predicted 9300/17262 samples... (53.88%)
2025-04-08 16:48:17,992 - Predicted 9400/17262 samples... (54.45%)
2025-04-08 16:48:18,165 - Predicted 9500/17262 samples... (55.03%)
2025-04-08 16:48:18,342 - Predicted 9600/17262 samples... (55.61%)
2025-04-08 16:48:18,516 - Predicted 9700/17262 samples... (56.19%)
2025-04-08 16:48:18,685 - Predicted 9800/17262 samples... (56.77%)
2025-04-08 16:48:18,854 - Predicted 9900/17262 samples... (57.35%)
2025-04-08 16:48:19,024 - Predicted 10000/17262 samples... (57.93%)
2025-04-08 16:48:19,192 - Predicted 10100/17262 samples... (58.51%)
2025-04-08 16:48:19,360 - Predicted 10200/17262 samples... (59.09%)
2025-04-08 16:48:19,528 - Predicted 10300/17262 samples... (59.67%)
2025-04-08 16:48:19,696 - Predicted 10400/17262 samples... (60.25%)
2025-04-08 16:48:19,863 - Predicted 10500/17262 samples... (60.83%)
2025-04-08 16:48:20,032 - Predicted 10600/17262 samples... (61.41%)
2025-04-08 16:48:20,201 - Predicted 10700/17262 samples... (61.99%)
2025-04-08 16:48:20,371 - Predicted 10800/17262 samples... (62.57%)
2025-04-08 16:48:20,541 - Predicted 10900/17262 samples... (63.14%)
2025-04-08 16:48:20,708 - Predicted 11000/17262 samples... (63.72%)
2025-04-08 16:48:20,877 - Predicted 11100/17262 samples... (64.30%)
2025-04-08 16:48:21,045 - Predicted 11200/17262 samples... (64.88%)
2025-04-08 16:48:21,213 - Predicted 11300/17262 samples... (65.46%)
2025-04-08 16:48:21,382 - Predicted 11400/17262 samples... (66.04%)
2025-04-08 16:48:21,551 - Predicted 11500/17262 samples... (66.62%)
2025-04-08 16:48:21,721 - Predicted 11600/17262 samples... (67.20%)
2025-04-08 16:48:21,891 - Predicted 11700/17262 samples... (67.78%)
2025-04-08 16:48:22,102 - Predicted 11800/17262 samples... (68.36%)
2025-04-08 16:48:22,270 - Predicted 11900/17262 samples... (68.94%)
2025-04-08 16:48:22,439 - Predicted 12000/17262 samples... (69.52%)
2025-04-08 16:48:22,607 - Predicted 12100/17262 samples... (70.10%)
2025-04-08 16:48:22,775 - Predicted 12200/17262 samples... (70.68%)
2025-04-08 16:48:22,942 - Predicted 12300/17262 samples... (71.25%)
2025-04-08 16:48:23,110 - Predicted 12400/17262 samples... (71.83%)
2025-04-08 16:48:23,278 - Predicted 12500/17262 samples... (72.41%)
2025-04-08 16:48:23,446 - Predicted 12600/17262 samples... (72.99%)
2025-04-08 16:48:23,614 - Predicted 12700/17262 samples... (73.57%)
2025-04-08 16:48:23,782 - Predicted 12800/17262 samples... (74.15%)
2025-04-08 16:48:23,950 - Predicted 12900/17262 samples... (74.73%)
2025-04-08 16:48:24,119 - Predicted 13000/17262 samples... (75.31%)
2025-04-08 16:48:24,288 - Predicted 13100/17262 samples... (75.89%)
2025-04-08 16:48:24,457 - Predicted 13200/17262 samples... (76.47%)
2025-04-08 16:48:24,624 - Predicted 13300/17262 samples... (77.05%)
2025-04-08 16:48:24,791 - Predicted 13400/17262 samples... (77.63%)
2025-04-08 16:48:24,959 - Predicted 13500/17262 samples... (78.21%)
2025-04-08 16:48:25,127 - Predicted 13600/17262 samples... (78.79%)
2025-04-08 16:48:25,296 - Predicted 13700/17262 samples... (79.37%)
2025-04-08 16:48:25,464 - Predicted 13800/17262 samples... (79.94%)
2025-04-08 16:48:25,629 - Predicted 13900/17262 samples... (80.52%)
2025-04-08 16:48:25,797 - Predicted 14000/17262 samples... (81.10%)
2025-04-08 16:48:25,964 - Predicted 14100/17262 samples... (81.68%)
2025-04-08 16:48:26,135 - Predicted 14200/17262 samples... (82.26%)
2025-04-08 16:48:26,304 - Predicted 14300/17262 samples... (82.84%)
2025-04-08 16:48:26,472 - Predicted 14400/17262 samples... (83.42%)
2025-04-08 16:48:26,640 - Predicted 14500/17262 samples... (84.00%)
2025-04-08 16:48:26,807 - Predicted 14600/17262 samples... (84.58%)
2025-04-08 16:48:26,975 - Predicted 14700/17262 samples... (85.16%)
2025-04-08 16:48:27,147 - Predicted 14800/17262 samples... (85.74%)
2025-04-08 16:48:27,315 - Predicted 14900/17262 samples... (86.32%)
2025-04-08 16:48:27,484 - Predicted 15000/17262 samples... (86.90%)
2025-04-08 16:48:27,651 - Predicted 15100/17262 samples... (87.48%)
2025-04-08 16:48:27,820 - Predicted 15200/17262 samples... (88.05%)
2025-04-08 16:48:27,991 - Predicted 15300/17262 samples... (88.63%)
2025-04-08 16:48:28,158 - Predicted 15400/17262 samples... (89.21%)
2025-04-08 16:48:28,328 - Predicted 15500/17262 samples... (89.79%)
2025-04-08 16:48:28,497 - Predicted 15600/17262 samples... (90.37%)
2025-04-08 16:48:28,664 - Predicted 15700/17262 samples... (90.95%)
2025-04-08 16:48:28,833 - Predicted 15800/17262 samples... (91.53%)
2025-04-08 16:48:29,003 - Predicted 15900/17262 samples... (92.11%)
2025-04-08 16:48:29,171 - Predicted 16000/17262 samples... (92.69%)
2025-04-08 16:48:29,341 - Predicted 16100/17262 samples... (93.27%)
2025-04-08 16:48:29,509 - Predicted 16200/17262 samples... (93.85%)
2025-04-08 16:48:29,676 - Predicted 16300/17262 samples... (94.43%)
2025-04-08 16:48:29,843 - Predicted 16400/17262 samples... (95.01%)
2025-04-08 16:48:30,012 - Predicted 16500/17262 samples... (95.59%)
2025-04-08 16:48:30,180 - Predicted 16600/17262 samples... (96.16%)
2025-04-08 16:48:30,348 - Predicted 16700/17262 samples... (96.74%)
2025-04-08 16:48:30,516 - Predicted 16800/17262 samples... (97.32%)
2025-04-08 16:48:30,684 - Predicted 16900/17262 samples... (97.90%)
2025-04-08 16:48:30,854 - Predicted 17000/17262 samples... (98.48%)
2025-04-08 16:48:31,025 - Predicted 17100/17262 samples... (99.06%)
2025-04-08 16:48:31,194 - Predicted 17200/17262 samples... (99.64%)
2025-04-08 16:48:31,299 - Predicted 17262/17262 samples... (100.00%)
2025-04-08 16:48:31,300 - Prediction completed in 29.53 seconds.
2025-04-08 16:48:31,317 - Model Accuracy: 94.35%
2025-04-08 16:48:31,406 - 
               precision    recall  f1-score   support

        Apple       0.92      0.86      0.89      2628
      Apricot       1.00      1.00      1.00        96
      Avocado       1.00      1.00      1.00       188
       Banana       0.83      0.79      0.81       347
        Beans       0.56      1.00      0.72        41
     Beetroot       1.00      1.00      1.00        84
   Blackberry       0.99      0.97      0.98       319
    Blueberry       1.00      1.00      1.00        92
      Cabbage       1.00      1.00      1.00        47
 Cactus fruit       0.91      0.93      0.92       399
   Cantaloupe       1.00      1.00      1.00       204
    Carambula       0.96      1.00      0.98        95
       Carrot       0.96      1.00      0.98        24
  Cauliflower       1.00      1.00      1.00       140
    Cherimoya       1.00      1.00      1.00       197
       Cherry       0.99      0.97      0.98       786
     Chestnut       0.87      0.98      0.92        85
   Clementine       1.00      1.00      1.00       106
      Coconut       1.00      1.00      1.00       104
         Corn       0.93      0.97      0.95       178
     Cucumber       0.99      0.93      0.96       508
        Dates       1.00      0.99      1.00       117
     Eggplant       0.95      0.99      0.97       142
          Fig       1.00      1.00      1.00       147
       Ginger       0.49      1.00      0.66        62
   Gooseberry       1.00      1.00      1.00        99
   Granadilla       1.00      1.00      1.00       109
        Grape       0.96      1.00      0.98       715
   Grapefruit       0.91      1.00      0.95       202
        Guava       1.00      1.00      1.00       103
     Hazelnut       1.00      1.00      1.00        98
  Huckleberry       1.00      1.00      1.00        78
         Kaki       1.00      0.96      0.98        99
         Kiwi       1.00      1.00      1.00       101
     Kohlrabi       1.00      0.99      0.99        90
      Kumquat       1.00      1.00      1.00       101
        Lemon       0.81      0.89      0.85       186
         Lime       1.00      1.00      1.00       101
       Lychee       1.00      1.00      1.00       102
    Mandarine       1.00      1.00      1.00       108
        Mango       1.00      0.99      1.00       190
   Mangosteen       1.00      0.98      0.99        62
        Melon       1.00      1.00      1.00       145
     Mulberry       1.00      1.00      1.00        82
    Nectarine       0.63      0.99      0.77       180
          Nut       1.00      0.95      0.97       222
        Onion       1.00      1.00      1.00       279
       Orange       1.00      1.00      1.00       110
       Papaya       0.89      0.98      0.93       106
Passion Fruit       1.00      0.96      0.98       197
        Peach       0.95      0.92      0.94       335
         Pear       0.92      0.89      0.91      1058
       Pepino       1.00      1.00      1.00       103
       Pepper       0.99      0.94      0.96       483
     Physalis       1.00      0.89      0.94       213
    Pineapple       1.00      1.00      1.00       200
    Pistachio       1.00      1.00      1.00       142
     Pitahaya       1.00      1.00      1.00       108
         Plum       0.75      1.00      0.86       366
  Pomegranate       0.98      1.00      0.99        98
       Pomelo       1.00      1.00      1.00        81
       Potato       0.95      0.82      0.88       364
       Quince       0.86      0.97      0.91       482
     Rambutan       1.00      1.00      1.00        93
    Raspberry       0.97      1.00      0.98        92
   Redcurrant       1.00      1.00      1.00       100
        Salak       1.00      1.00      1.00        82
   Strawberry       1.00      0.93      0.96       270
    Tamarillo       1.00      1.00      1.00       106
      Tangelo       1.00      1.00      1.00       112
       Tomato       0.99      0.93      0.96      1032
       Walnut       1.00      1.00      1.00       155
   Watermelon       0.99      1.00      0.99        88
     Zucchini       1.00      1.00      1.00        98

     accuracy                           0.94     17262
    macro avg       0.96      0.98      0.96     17262
 weighted avg       0.95      0.94      0.94     17262

2025-04-08 16:48:31,440 - Model parameters saved to 'model/model_parameters.pkl'
2025-04-08 16:48:33,491 - Loaded test data.
2025-04-08 16:50:08,519 - Accuracy: 0.9178
2025-04-08 16:50:08,519 - Classification Report:
               precision    recall  f1-score   support

        Apple       0.87      0.85      0.86      4443
      Apricot       1.00      1.00      1.00       164
      Avocado       1.00      1.00      1.00       309
       Banana       0.70      0.75      0.72       561
        Beans       0.51      1.00      0.67        77
     Beetroot       1.00      0.68      0.81       150
   Blackberry       1.00      0.97      0.98       600
    Blueberry       1.00      1.00      1.00       154
      Cabbage       1.00      1.00      1.00        96
 Cactus fruit       0.81      0.83      0.82       634
   Cantaloupe       1.00      1.00      1.00       328
    Carambula       0.84      0.77      0.81       166
       Carrot       0.77      1.00      0.87        50
  Cauliflower       1.00      1.00      1.00       234
    Cherimoya       1.00      1.00      1.00       320
       Cherry       0.97      0.88      0.92      1373
     Chestnut       0.79      1.00      0.88       153
   Clementine       1.00      1.00      1.00       166
      Coconut       1.00      0.99      0.99       166
         Corn       0.67      0.44      0.53       304
     Cucumber       0.98      0.91      0.94       811
        Dates       1.00      0.99      0.99       166
     Eggplant       1.00      0.78      0.88       236
          Fig       1.00      1.00      1.00       234
       Ginger       0.91      1.00      0.95        99
   Gooseberry       1.00      1.00      1.00       154
   Granadilla       1.00      1.00      1.00       166
        Grape       0.93      1.00      0.96      1146
   Grapefruit       0.96      1.00      0.98       330
        Guava       1.00      0.99      1.00       166
     Hazelnut       1.00      1.00      1.00       157
  Huckleberry       1.00      1.00      1.00       166
         Kaki       1.00      0.99      1.00       166
         Kiwi       1.00      1.00      1.00       156
     Kohlrabi       1.00      0.99      0.99       157
      Kumquat       1.00      1.00      1.00       166
        Lemon       0.91      0.95      0.93       330
         Lime       1.00      1.00      1.00       166
       Lychee       1.00      1.00      1.00       166
    Mandarine       1.00      1.00      1.00       166
        Mango       1.00      0.90      0.95       308
   Mangosteen       1.00      1.00      1.00       102
        Melon       1.00      0.93      0.97       246
     Mulberry       1.00      1.00      1.00       164
    Nectarine       0.66      0.93      0.77       324
          Nut       1.00      0.87      0.93       396
        Onion       0.93      0.94      0.94       451
       Orange       1.00      1.00      1.00       160
       Papaya       0.86      1.00      0.93       164
Passion Fruit       1.00      0.92      0.96       332
        Peach       0.94      0.94      0.94       574
         Pear       0.80      0.88      0.84      1761
       Pepino       1.00      1.00      1.00       166
       Pepper       0.96      0.88      0.92       826
     Physalis       0.98      0.90      0.94       328
    Pineapple       1.00      1.00      1.00       329
    Pistachio       1.00      1.00      1.00       231
     Pitahaya       1.00      0.79      0.88       166
         Plum       0.72      1.00      0.84       597
  Pomegranate       0.96      0.96      0.96       164
       Pomelo       1.00      1.00      1.00       153
       Potato       0.97      0.88      0.93       601
       Quince       0.87      0.96      0.91       897
     Rambutan       1.00      1.00      1.00       164
    Raspberry       0.99      1.00      1.00       166
   Redcurrant       1.00      1.00      1.00       164
        Salak       1.00      1.00      1.00       162
   Strawberry       1.00      0.97      0.99       410
    Tamarillo       1.00      1.00      1.00       166
      Tangelo       1.00      1.00      1.00       166
       Tomato       0.98      0.92      0.95      1707
       Walnut       1.00      1.00      1.00       249
   Watermelon       0.93      1.00      0.96       157
     Zucchini       0.98      1.00      0.99       160

     accuracy                           0.92     28863
    macro avg       0.95      0.95      0.95     28863
 weighted avg       0.92      0.92      0.92     28863

2025-04-08 16:50:20,689 - Loaded test data.
2025-04-08 16:50:20,798 - Accuracy: 0.0652
2025-04-08 16:50:20,798 - Classification Report:
              precision    recall  f1-score   support

       Apple       0.00      0.00      0.00         3
      Banana       0.00      0.00      0.00         2
    Beetroot       0.00      0.00      0.00         2
      Cashew       0.00      0.00      0.00         1
     Coconut       0.00      0.00      0.00         2
        Corn       0.00      0.00      0.00         2
      Ginger       0.00      0.00      0.00         2
       Grape       0.00      0.00      0.00         2
       Lemon       0.00      0.00      0.00         1
       Mango       0.00      0.00      0.00        11
       Melon       0.00      0.00      0.00         4
      Orange       0.00      0.00      0.00         4
        Pear       0.06      1.00      0.12         2
   Pineapple       0.00      0.00      0.00         1
      Potato       0.00      0.00      0.00         2
   Raspberry       0.00      0.00      0.00         0
      Tomato       0.00      0.00      0.00         2
  Watermelon       0.25      0.33      0.29         3

    accuracy                           0.07        46
   macro avg       0.02      0.07      0.02        46
weighted avg       0.02      0.07      0.02        46

2025-04-09 00:23:04,762 - Training started...
2025-04-09 00:23:04,848 - Class 'Apple' prior: 0.1554
2025-04-09 00:23:04,849 - Class 'Apricot' prior: 0.0057
2025-04-09 00:23:04,849 - Class 'Avocado' prior: 0.0106
2025-04-09 00:23:04,849 - Class 'Banana' prior: 0.0191
2025-04-09 00:23:04,850 - Class 'Beans' prior: 0.0028
2025-04-09 00:23:04,850 - Class 'Beetroot' prior: 0.0053
2025-04-09 00:23:04,850 - Class 'Blackberry' prior: 0.0214
2025-04-09 00:23:04,850 - Class 'Blueberry' prior: 0.0054
2025-04-09 00:23:04,851 - Class 'Cabbage' prior: 0.0036
2025-04-09 00:23:04,851 - Class 'Cactus fruit' prior: 0.0218
2025-04-09 00:23:04,851 - Class 'Cantaloupe' prior: 0.0113
2025-04-09 00:23:04,851 - Class 'Carambula' prior: 0.0057
2025-04-09 00:23:04,851 - Class 'Carrot' prior: 0.0018
2025-04-09 00:23:04,852 - Class 'Cauliflower' prior: 0.0081
2025-04-09 00:23:04,852 - Class 'Cherimoya' prior: 0.0112
2025-04-09 00:23:04,852 - Class 'Cherry' prior: 0.0483
2025-04-09 00:23:04,852 - Class 'Chestnut' prior: 0.0053
2025-04-09 00:23:04,852 - Class 'Clementine' prior: 0.0056
2025-04-09 00:23:04,853 - Class 'Coconut' prior: 0.0056
2025-04-09 00:23:04,853 - Class 'Corn' prior: 0.0106
2025-04-09 00:23:04,854 - Class 'Cucumber' prior: 0.0280
2025-04-09 00:23:04,855 - Class 'Dates' prior: 0.0054
2025-04-09 00:23:04,856 - Class 'Eggplant' prior: 0.0082
2025-04-09 00:23:04,856 - Class 'Fig' prior: 0.0080
2025-04-09 00:23:04,857 - Class 'Ginger' prior: 0.0034
2025-04-09 00:23:04,858 - Class 'Gooseberry' prior: 0.0053
2025-04-09 00:23:04,858 - Class 'Granadilla' prior: 0.0055
2025-04-09 00:23:04,859 - Class 'Grape' prior: 0.0392
2025-04-09 00:23:04,859 - Class 'Grapefruit' prior: 0.0113
2025-04-09 00:23:04,859 - Class 'Guava' prior: 0.0056
2025-04-09 00:23:04,860 - Class 'Hazelnut' prior: 0.0053
2025-04-09 00:23:04,860 - Class 'Huckleberry' prior: 0.0060
2025-04-09 00:23:04,860 - Class 'Kaki' prior: 0.0057
2025-04-09 00:23:04,861 - Class 'Kiwi' prior: 0.0053
2025-04-09 00:23:04,861 - Class 'Kohlrabi' prior: 0.0055
2025-04-09 00:23:04,862 - Class 'Kumquat' prior: 0.0056
2025-04-09 00:23:04,862 - Class 'Lemon' prior: 0.0115
2025-04-09 00:23:04,863 - Class 'Lime' prior: 0.0056
2025-04-09 00:23:04,863 - Class 'Lychee' prior: 0.0056
2025-04-09 00:23:04,864 - Class 'Mandarine' prior: 0.0055
2025-04-09 00:23:04,864 - Class 'Mango' prior: 0.0105
2025-04-09 00:23:04,864 - Class 'Mangosteen' prior: 0.0034
2025-04-09 00:23:04,864 - Class 'Melon' prior: 0.0086
2025-04-09 00:23:04,865 - Class 'Mulberry' prior: 0.0059
2025-04-09 00:23:04,865 - Class 'Nectarine' prior: 0.0115
2025-04-09 00:23:04,865 - Class 'Nut' prior: 0.0140
2025-04-09 00:23:04,866 - Class 'Onion' prior: 0.0153
2025-04-09 00:23:04,870 - Class 'Orange' prior: 0.0053
2025-04-09 00:23:04,870 - Class 'Papaya' prior: 0.0056
2025-04-09 00:23:04,872 - Class 'Passion Fruit' prior: 0.0113
2025-04-09 00:23:04,873 - Class 'Peach' prior: 0.0201
2025-04-09 00:23:04,873 - Class 'Pear' prior: 0.0607
2025-04-09 00:23:04,873 - Class 'Pepino' prior: 0.0056
2025-04-09 00:23:04,873 - Class 'Pepper' prior: 0.0289
2025-04-09 00:23:04,874 - Class 'Physalis' prior: 0.0112
2025-04-09 00:23:04,874 - Class 'Pineapple' prior: 0.0113
2025-04-09 00:23:04,874 - Class 'Pistachio' prior: 0.0081
2025-04-09 00:23:04,874 - Class 'Pitahaya' prior: 0.0055
2025-04-09 00:23:04,875 - Class 'Plum' prior: 0.0203
2025-04-09 00:23:04,875 - Class 'Pomegranate' prior: 0.0057
2025-04-09 00:23:04,875 - Class 'Pomelo' prior: 0.0053
2025-04-09 00:23:04,875 - Class 'Potato' prior: 0.0208
2025-04-09 00:23:04,876 - Class 'Quince' prior: 0.0321
2025-04-09 00:23:04,876 - Class 'Rambutan' prior: 0.0058
2025-04-09 00:23:04,876 - Class 'Raspberry' prior: 0.0058
2025-04-09 00:23:04,876 - Class 'Redcurrant' prior: 0.0057
2025-04-09 00:23:04,877 - Class 'Salak' prior: 0.0059
2025-04-09 00:23:04,877 - Class 'Strawberry' prior: 0.0139
2025-04-09 00:23:04,877 - Class 'Tamarillo' prior: 0.0056
2025-04-09 00:23:04,877 - Class 'Tangelo' prior: 0.0055
2025-04-09 00:23:04,878 - Class 'Tomato' prior: 0.0590
2025-04-09 00:23:04,878 - Class 'Walnut' prior: 0.0084
2025-04-09 00:23:04,878 - Class 'Watermelon' prior: 0.0056
2025-04-09 00:23:04,879 - Class 'Zucchini' prior: 0.0055
2025-04-09 00:23:05,213 - Making predictions on 17262 test samples...
2025-04-09 00:23:05,401 - Predicted 100/17262 samples... (0.58%)
2025-04-09 00:23:05,581 - Predicted 200/17262 samples... (1.16%)
2025-04-09 00:23:05,753 - Predicted 300/17262 samples... (1.74%)
2025-04-09 00:23:05,928 - Predicted 400/17262 samples... (2.32%)
2025-04-09 00:23:06,094 - Predicted 500/17262 samples... (2.90%)
2025-04-09 00:23:06,275 - Predicted 600/17262 samples... (3.48%)
2025-04-09 00:23:06,447 - Predicted 700/17262 samples... (4.06%)
2025-04-09 00:23:06,615 - Predicted 800/17262 samples... (4.63%)
2025-04-09 00:23:06,787 - Predicted 900/17262 samples... (5.21%)
2025-04-09 00:23:07,040 - Predicted 1000/17262 samples... (5.79%)
2025-04-09 00:23:07,215 - Predicted 1100/17262 samples... (6.37%)
2025-04-09 00:23:07,401 - Predicted 1200/17262 samples... (6.95%)
2025-04-09 00:23:07,586 - Predicted 1300/17262 samples... (7.53%)
2025-04-09 00:23:07,766 - Predicted 1400/17262 samples... (8.11%)
2025-04-09 00:23:07,944 - Predicted 1500/17262 samples... (8.69%)
2025-04-09 00:23:08,150 - Predicted 1600/17262 samples... (9.27%)
2025-04-09 00:23:08,326 - Predicted 1700/17262 samples... (9.85%)
2025-04-09 00:23:08,504 - Predicted 1800/17262 samples... (10.43%)
2025-04-09 00:23:08,679 - Predicted 1900/17262 samples... (11.01%)
2025-04-09 00:23:08,848 - Predicted 2000/17262 samples... (11.59%)
2025-04-09 00:23:09,027 - Predicted 2100/17262 samples... (12.17%)
2025-04-09 00:23:09,197 - Predicted 2200/17262 samples... (12.74%)
2025-04-09 00:23:09,374 - Predicted 2300/17262 samples... (13.32%)
2025-04-09 00:23:09,546 - Predicted 2400/17262 samples... (13.90%)
2025-04-09 00:23:09,716 - Predicted 2500/17262 samples... (14.48%)
2025-04-09 00:23:09,885 - Predicted 2600/17262 samples... (15.06%)
2025-04-09 00:23:10,065 - Predicted 2700/17262 samples... (15.64%)
2025-04-09 00:23:10,238 - Predicted 2800/17262 samples... (16.22%)
2025-04-09 00:23:10,416 - Predicted 2900/17262 samples... (16.80%)
2025-04-09 00:23:10,589 - Predicted 3000/17262 samples... (17.38%)
2025-04-09 00:23:10,756 - Predicted 3100/17262 samples... (17.96%)
2025-04-09 00:23:10,925 - Predicted 3200/17262 samples... (18.54%)
2025-04-09 00:23:11,094 - Predicted 3300/17262 samples... (19.12%)
2025-04-09 00:23:11,270 - Predicted 3400/17262 samples... (19.70%)
2025-04-09 00:23:11,441 - Predicted 3500/17262 samples... (20.28%)
2025-04-09 00:23:11,612 - Predicted 3600/17262 samples... (20.86%)
2025-04-09 00:23:11,784 - Predicted 3700/17262 samples... (21.43%)
2025-04-09 00:23:11,957 - Predicted 3800/17262 samples... (22.01%)
2025-04-09 00:23:12,131 - Predicted 3900/17262 samples... (22.59%)
2025-04-09 00:23:12,302 - Predicted 4000/17262 samples... (23.17%)
2025-04-09 00:23:12,473 - Predicted 4100/17262 samples... (23.75%)
2025-04-09 00:23:12,643 - Predicted 4200/17262 samples... (24.33%)
2025-04-09 00:23:12,813 - Predicted 4300/17262 samples... (24.91%)
2025-04-09 00:23:12,984 - Predicted 4400/17262 samples... (25.49%)
2025-04-09 00:23:13,157 - Predicted 4500/17262 samples... (26.07%)
2025-04-09 00:23:13,327 - Predicted 4600/17262 samples... (26.65%)
2025-04-09 00:23:13,506 - Predicted 4700/17262 samples... (27.23%)
2025-04-09 00:23:13,676 - Predicted 4800/17262 samples... (27.81%)
2025-04-09 00:23:13,846 - Predicted 4900/17262 samples... (28.39%)
2025-04-09 00:23:14,027 - Predicted 5000/17262 samples... (28.97%)
2025-04-09 00:23:14,200 - Predicted 5100/17262 samples... (29.54%)
2025-04-09 00:23:14,379 - Predicted 5200/17262 samples... (30.12%)
2025-04-09 00:23:14,553 - Predicted 5300/17262 samples... (30.70%)
2025-04-09 00:23:14,739 - Predicted 5400/17262 samples... (31.28%)
2025-04-09 00:23:14,914 - Predicted 5500/17262 samples... (31.86%)
2025-04-09 00:23:15,090 - Predicted 5600/17262 samples... (32.44%)
2025-04-09 00:23:15,298 - Predicted 5700/17262 samples... (33.02%)
2025-04-09 00:23:15,486 - Predicted 5800/17262 samples... (33.60%)
2025-04-09 00:23:15,667 - Predicted 5900/17262 samples... (34.18%)
2025-04-09 00:23:15,847 - Predicted 6000/17262 samples... (34.76%)
2025-04-09 00:23:16,027 - Predicted 6100/17262 samples... (35.34%)
2025-04-09 00:23:16,204 - Predicted 6200/17262 samples... (35.92%)
2025-04-09 00:23:16,403 - Predicted 6300/17262 samples... (36.50%)
2025-04-09 00:23:16,594 - Predicted 6400/17262 samples... (37.08%)
2025-04-09 00:23:16,782 - Predicted 6500/17262 samples... (37.65%)
2025-04-09 00:23:16,951 - Predicted 6600/17262 samples... (38.23%)
2025-04-09 00:23:17,120 - Predicted 6700/17262 samples... (38.81%)
2025-04-09 00:23:17,291 - Predicted 6800/17262 samples... (39.39%)
2025-04-09 00:23:17,464 - Predicted 6900/17262 samples... (39.97%)
2025-04-09 00:23:17,648 - Predicted 7000/17262 samples... (40.55%)
2025-04-09 00:23:17,830 - Predicted 7100/17262 samples... (41.13%)
2025-04-09 00:23:18,017 - Predicted 7200/17262 samples... (41.71%)
2025-04-09 00:23:18,206 - Predicted 7300/17262 samples... (42.29%)
2025-04-09 00:23:18,395 - Predicted 7400/17262 samples... (42.87%)
2025-04-09 00:23:18,568 - Predicted 7500/17262 samples... (43.45%)
2025-04-09 00:23:18,752 - Predicted 7600/17262 samples... (44.03%)
2025-04-09 00:23:18,948 - Predicted 7700/17262 samples... (44.61%)
2025-04-09 00:23:19,125 - Predicted 7800/17262 samples... (45.19%)
2025-04-09 00:23:19,310 - Predicted 7900/17262 samples... (45.77%)
2025-04-09 00:23:19,478 - Predicted 8000/17262 samples... (46.34%)
2025-04-09 00:23:19,689 - Predicted 8100/17262 samples... (46.92%)
2025-04-09 00:23:19,874 - Predicted 8200/17262 samples... (47.50%)
2025-04-09 00:23:20,047 - Predicted 8300/17262 samples... (48.08%)
2025-04-09 00:23:20,227 - Predicted 8400/17262 samples... (48.66%)
2025-04-09 00:23:20,426 - Predicted 8500/17262 samples... (49.24%)
2025-04-09 00:23:20,620 - Predicted 8600/17262 samples... (49.82%)
2025-04-09 00:23:20,824 - Predicted 8700/17262 samples... (50.40%)
2025-04-09 00:23:20,992 - Predicted 8800/17262 samples... (50.98%)
2025-04-09 00:23:21,163 - Predicted 8900/17262 samples... (51.56%)
2025-04-09 00:23:21,354 - Predicted 9000/17262 samples... (52.14%)
2025-04-09 00:23:21,538 - Predicted 9100/17262 samples... (52.72%)
2025-04-09 00:23:21,722 - Predicted 9200/17262 samples... (53.30%)
2025-04-09 00:23:21,893 - Predicted 9300/17262 samples... (53.88%)
2025-04-09 00:23:22,089 - Predicted 9400/17262 samples... (54.45%)
2025-04-09 00:23:22,262 - Predicted 9500/17262 samples... (55.03%)
2025-04-09 00:23:22,436 - Predicted 9600/17262 samples... (55.61%)
2025-04-09 00:23:22,623 - Predicted 9700/17262 samples... (56.19%)
2025-04-09 00:23:22,804 - Predicted 9800/17262 samples... (56.77%)
2025-04-09 00:23:22,989 - Predicted 9900/17262 samples... (57.35%)
2025-04-09 00:23:23,170 - Predicted 10000/17262 samples... (57.93%)
2025-04-09 00:23:23,367 - Predicted 10100/17262 samples... (58.51%)
2025-04-09 00:23:23,566 - Predicted 10200/17262 samples... (59.09%)
2025-04-09 00:23:23,755 - Predicted 10300/17262 samples... (59.67%)
2025-04-09 00:23:23,926 - Predicted 10400/17262 samples... (60.25%)
2025-04-09 00:23:24,117 - Predicted 10500/17262 samples... (60.83%)
2025-04-09 00:23:24,294 - Predicted 10600/17262 samples... (61.41%)
2025-04-09 00:23:24,473 - Predicted 10700/17262 samples... (61.99%)
2025-04-09 00:23:24,673 - Predicted 10800/17262 samples... (62.57%)
2025-04-09 00:23:24,878 - Predicted 10900/17262 samples... (63.14%)
2025-04-09 00:23:25,047 - Predicted 11000/17262 samples... (63.72%)
2025-04-09 00:23:25,236 - Predicted 11100/17262 samples... (64.30%)
2025-04-09 00:23:25,411 - Predicted 11200/17262 samples... (64.88%)
2025-04-09 00:23:25,580 - Predicted 11300/17262 samples... (65.46%)
2025-04-09 00:23:25,756 - Predicted 11400/17262 samples... (66.04%)
2025-04-09 00:23:25,941 - Predicted 11500/17262 samples... (66.62%)
2025-04-09 00:23:26,111 - Predicted 11600/17262 samples... (67.20%)
2025-04-09 00:23:26,297 - Predicted 11700/17262 samples... (67.78%)
2025-04-09 00:23:26,476 - Predicted 11800/17262 samples... (68.36%)
2025-04-09 00:23:26,670 - Predicted 11900/17262 samples... (68.94%)
2025-04-09 00:23:26,865 - Predicted 12000/17262 samples... (69.52%)
2025-04-09 00:23:27,052 - Predicted 12100/17262 samples... (70.10%)
2025-04-09 00:23:27,234 - Predicted 12200/17262 samples... (70.68%)
2025-04-09 00:23:27,418 - Predicted 12300/17262 samples... (71.25%)
2025-04-09 00:23:27,596 - Predicted 12400/17262 samples... (71.83%)
2025-04-09 00:23:27,771 - Predicted 12500/17262 samples... (72.41%)
2025-04-09 00:23:27,948 - Predicted 12600/17262 samples... (72.99%)
2025-04-09 00:23:28,127 - Predicted 12700/17262 samples... (73.57%)
2025-04-09 00:23:28,313 - Predicted 12800/17262 samples... (74.15%)
2025-04-09 00:23:28,485 - Predicted 12900/17262 samples... (74.73%)
2025-04-09 00:23:28,671 - Predicted 13000/17262 samples... (75.31%)
2025-04-09 00:23:28,862 - Predicted 13100/17262 samples... (75.89%)
2025-04-09 00:23:29,054 - Predicted 13200/17262 samples... (76.47%)
2025-04-09 00:23:29,234 - Predicted 13300/17262 samples... (77.05%)
2025-04-09 00:23:29,408 - Predicted 13400/17262 samples... (77.63%)
2025-04-09 00:23:29,578 - Predicted 13500/17262 samples... (78.21%)
2025-04-09 00:23:29,770 - Predicted 13600/17262 samples... (78.79%)
2025-04-09 00:23:29,954 - Predicted 13700/17262 samples... (79.37%)
2025-04-09 00:23:30,138 - Predicted 13800/17262 samples... (79.94%)
2025-04-09 00:23:30,333 - Predicted 13900/17262 samples... (80.52%)
2025-04-09 00:23:30,504 - Predicted 14000/17262 samples... (81.10%)
2025-04-09 00:23:30,680 - Predicted 14100/17262 samples... (81.68%)
2025-04-09 00:23:30,852 - Predicted 14200/17262 samples... (82.26%)
2025-04-09 00:23:31,028 - Predicted 14300/17262 samples... (82.84%)
2025-04-09 00:23:31,222 - Predicted 14400/17262 samples... (83.42%)
2025-04-09 00:23:31,406 - Predicted 14500/17262 samples... (84.00%)
2025-04-09 00:23:31,642 - Predicted 14600/17262 samples... (84.58%)
2025-04-09 00:23:31,814 - Predicted 14700/17262 samples... (85.16%)
2025-04-09 00:23:31,996 - Predicted 14800/17262 samples... (85.74%)
2025-04-09 00:23:32,172 - Predicted 14900/17262 samples... (86.32%)
2025-04-09 00:23:32,346 - Predicted 15000/17262 samples... (86.90%)
2025-04-09 00:23:32,532 - Predicted 15100/17262 samples... (87.48%)
2025-04-09 00:23:32,719 - Predicted 15200/17262 samples... (88.05%)
2025-04-09 00:23:32,898 - Predicted 15300/17262 samples... (88.63%)
2025-04-09 00:23:33,082 - Predicted 15400/17262 samples... (89.21%)
2025-04-09 00:23:33,257 - Predicted 15500/17262 samples... (89.79%)
2025-04-09 00:23:33,434 - Predicted 15600/17262 samples... (90.37%)
2025-04-09 00:23:33,626 - Predicted 15700/17262 samples... (90.95%)
2025-04-09 00:23:33,824 - Predicted 15800/17262 samples... (91.53%)
2025-04-09 00:23:34,008 - Predicted 15900/17262 samples... (92.11%)
2025-04-09 00:23:34,193 - Predicted 16000/17262 samples... (92.69%)
2025-04-09 00:23:34,377 - Predicted 16100/17262 samples... (93.27%)
2025-04-09 00:23:34,558 - Predicted 16200/17262 samples... (93.85%)
2025-04-09 00:23:34,732 - Predicted 16300/17262 samples... (94.43%)
2025-04-09 00:23:34,908 - Predicted 16400/17262 samples... (95.01%)
2025-04-09 00:23:35,107 - Predicted 16500/17262 samples... (95.59%)
2025-04-09 00:23:35,289 - Predicted 16600/17262 samples... (96.16%)
2025-04-09 00:23:35,491 - Predicted 16700/17262 samples... (96.74%)
2025-04-09 00:23:35,674 - Predicted 16800/17262 samples... (97.32%)
2025-04-09 00:23:35,860 - Predicted 16900/17262 samples... (97.90%)
2025-04-09 00:23:36,035 - Predicted 17000/17262 samples... (98.48%)
2025-04-09 00:23:36,212 - Predicted 17100/17262 samples... (99.06%)
2025-04-09 00:23:36,398 - Predicted 17200/17262 samples... (99.64%)
2025-04-09 00:23:36,507 - Predicted 17262/17262 samples... (100.00%)
2025-04-09 00:23:36,507 - Prediction completed in 31.29 seconds.
2025-04-09 00:23:36,531 - Model Accuracy: 94.35%
2025-04-09 00:23:36,624 - 
               precision    recall  f1-score   support

        Apple       0.92      0.86      0.89      2628
      Apricot       1.00      1.00      1.00        96
      Avocado       1.00      1.00      1.00       188
       Banana       0.83      0.79      0.81       347
        Beans       0.56      1.00      0.72        41
     Beetroot       1.00      1.00      1.00        84
   Blackberry       0.99      0.97      0.98       319
    Blueberry       1.00      1.00      1.00        92
      Cabbage       1.00      1.00      1.00        47
 Cactus fruit       0.91      0.93      0.92       399
   Cantaloupe       1.00      1.00      1.00       204
    Carambula       0.96      1.00      0.98        95
       Carrot       0.96      1.00      0.98        24
  Cauliflower       1.00      1.00      1.00       140
    Cherimoya       1.00      1.00      1.00       197
       Cherry       0.99      0.97      0.98       786
     Chestnut       0.87      0.98      0.92        85
   Clementine       1.00      1.00      1.00       106
      Coconut       1.00      1.00      1.00       104
         Corn       0.93      0.97      0.95       178
     Cucumber       0.99      0.93      0.96       508
        Dates       1.00      0.99      1.00       117
     Eggplant       0.95      0.99      0.97       142
          Fig       1.00      1.00      1.00       147
       Ginger       0.49      1.00      0.66        62
   Gooseberry       1.00      1.00      1.00        99
   Granadilla       1.00      1.00      1.00       109
        Grape       0.96      1.00      0.98       715
   Grapefruit       0.91      1.00      0.95       202
        Guava       1.00      1.00      1.00       103
     Hazelnut       1.00      1.00      1.00        98
  Huckleberry       1.00      1.00      1.00        78
         Kaki       1.00      0.96      0.98        99
         Kiwi       1.00      1.00      1.00       101
     Kohlrabi       1.00      0.99      0.99        90
      Kumquat       1.00      1.00      1.00       101
        Lemon       0.81      0.89      0.85       186
         Lime       1.00      1.00      1.00       101
       Lychee       1.00      1.00      1.00       102
    Mandarine       1.00      1.00      1.00       108
        Mango       1.00      0.99      1.00       190
   Mangosteen       1.00      0.98      0.99        62
        Melon       1.00      1.00      1.00       145
     Mulberry       1.00      1.00      1.00        82
    Nectarine       0.63      0.99      0.77       180
          Nut       1.00      0.95      0.97       222
        Onion       1.00      1.00      1.00       279
       Orange       1.00      1.00      1.00       110
       Papaya       0.89      0.98      0.93       106
Passion Fruit       1.00      0.96      0.98       197
        Peach       0.95      0.92      0.94       335
         Pear       0.92      0.89      0.91      1058
       Pepino       1.00      1.00      1.00       103
       Pepper       0.99      0.94      0.96       483
     Physalis       1.00      0.89      0.94       213
    Pineapple       1.00      1.00      1.00       200
    Pistachio       1.00      1.00      1.00       142
     Pitahaya       1.00      1.00      1.00       108
         Plum       0.75      1.00      0.86       366
  Pomegranate       0.98      1.00      0.99        98
       Pomelo       1.00      1.00      1.00        81
       Potato       0.95      0.82      0.88       364
       Quince       0.86      0.97      0.91       482
     Rambutan       1.00      1.00      1.00        93
    Raspberry       0.97      1.00      0.98        92
   Redcurrant       1.00      1.00      1.00       100
        Salak       1.00      1.00      1.00        82
   Strawberry       1.00      0.93      0.96       270
    Tamarillo       1.00      1.00      1.00       106
      Tangelo       1.00      1.00      1.00       112
       Tomato       0.99      0.93      0.96      1032
       Walnut       1.00      1.00      1.00       155
   Watermelon       0.99      1.00      0.99        88
     Zucchini       1.00      1.00      1.00        98

     accuracy                           0.94     17262
    macro avg       0.96      0.98      0.96     17262
 weighted avg       0.95      0.94      0.94     17262

2025-04-09 00:23:36,661 - Model parameters saved to 'model/model_parameters.pkl'
2025-04-09 00:23:38,860 - Loaded test data.
2025-04-09 00:24:31,746 - Accuracy: 0.9178
2025-04-09 00:24:31,747 - Classification Report:
               precision    recall  f1-score   support

        Apple       0.87      0.85      0.86      4443
      Apricot       1.00      1.00      1.00       164
      Avocado       1.00      1.00      1.00       309
       Banana       0.70      0.75      0.72       561
        Beans       0.51      1.00      0.67        77
     Beetroot       1.00      0.68      0.81       150
   Blackberry       1.00      0.97      0.98       600
    Blueberry       1.00      1.00      1.00       154
      Cabbage       1.00      1.00      1.00        96
 Cactus fruit       0.81      0.83      0.82       634
   Cantaloupe       1.00      1.00      1.00       328
    Carambula       0.84      0.77      0.81       166
       Carrot       0.77      1.00      0.87        50
  Cauliflower       1.00      1.00      1.00       234
    Cherimoya       1.00      1.00      1.00       320
       Cherry       0.97      0.88      0.92      1373
     Chestnut       0.79      1.00      0.88       153
   Clementine       1.00      1.00      1.00       166
      Coconut       1.00      0.99      0.99       166
         Corn       0.67      0.44      0.53       304
     Cucumber       0.98      0.91      0.94       811
        Dates       1.00      0.99      0.99       166
     Eggplant       1.00      0.78      0.88       236
          Fig       1.00      1.00      1.00       234
       Ginger       0.91      1.00      0.95        99
   Gooseberry       1.00      1.00      1.00       154
   Granadilla       1.00      1.00      1.00       166
        Grape       0.93      1.00      0.96      1146
   Grapefruit       0.96      1.00      0.98       330
        Guava       1.00      0.99      1.00       166
     Hazelnut       1.00      1.00      1.00       157
  Huckleberry       1.00      1.00      1.00       166
         Kaki       1.00      0.99      1.00       166
         Kiwi       1.00      1.00      1.00       156
     Kohlrabi       1.00      0.99      0.99       157
      Kumquat       1.00      1.00      1.00       166
        Lemon       0.91      0.95      0.93       330
         Lime       1.00      1.00      1.00       166
       Lychee       1.00      1.00      1.00       166
    Mandarine       1.00      1.00      1.00       166
        Mango       1.00      0.90      0.95       308
   Mangosteen       1.00      1.00      1.00       102
        Melon       1.00      0.93      0.97       246
     Mulberry       1.00      1.00      1.00       164
    Nectarine       0.66      0.93      0.77       324
          Nut       1.00      0.87      0.93       396
        Onion       0.93      0.94      0.94       451
       Orange       1.00      1.00      1.00       160
       Papaya       0.86      1.00      0.93       164
Passion Fruit       1.00      0.92      0.96       332
        Peach       0.94      0.94      0.94       574
         Pear       0.80      0.88      0.84      1761
       Pepino       1.00      1.00      1.00       166
       Pepper       0.96      0.88      0.92       826
     Physalis       0.98      0.90      0.94       328
    Pineapple       1.00      1.00      1.00       329
    Pistachio       1.00      1.00      1.00       231
     Pitahaya       1.00      0.79      0.88       166
         Plum       0.72      1.00      0.84       597
  Pomegranate       0.96      0.96      0.96       164
       Pomelo       1.00      1.00      1.00       153
       Potato       0.97      0.88      0.93       601
       Quince       0.87      0.96      0.91       897
     Rambutan       1.00      1.00      1.00       164
    Raspberry       0.99      1.00      1.00       166
   Redcurrant       1.00      1.00      1.00       164
        Salak       1.00      1.00      1.00       162
   Strawberry       1.00      0.97      0.99       410
    Tamarillo       1.00      1.00      1.00       166
      Tangelo       1.00      1.00      1.00       166
       Tomato       0.98      0.92      0.95      1707
       Walnut       1.00      1.00      1.00       249
   Watermelon       0.93      1.00      0.96       157
     Zucchini       0.98      1.00      0.99       160

     accuracy                           0.92     28863
    macro avg       0.95      0.95      0.95     28863
 weighted avg       0.92      0.92      0.92     28863

2025-04-09 00:25:01,075 - Training started...
2025-04-09 00:25:01,166 - Class 'Apple' prior: 0.1554
2025-04-09 00:25:01,166 - Class 'Apricot' prior: 0.0057
2025-04-09 00:25:01,166 - Class 'Avocado' prior: 0.0106
2025-04-09 00:25:01,166 - Class 'Banana' prior: 0.0191
2025-04-09 00:25:01,166 - Class 'Beans' prior: 0.0028
2025-04-09 00:25:01,166 - Class 'Beetroot' prior: 0.0053
2025-04-09 00:25:01,166 - Class 'Blackberry' prior: 0.0214
2025-04-09 00:25:01,166 - Class 'Blueberry' prior: 0.0054
2025-04-09 00:25:01,166 - Class 'Cabbage' prior: 0.0036
2025-04-09 00:25:01,166 - Class 'Cactus fruit' prior: 0.0218
2025-04-09 00:25:01,166 - Class 'Cantaloupe' prior: 0.0113
2025-04-09 00:25:01,167 - Class 'Carambula' prior: 0.0057
2025-04-09 00:25:01,167 - Class 'Carrot' prior: 0.0018
2025-04-09 00:25:01,167 - Class 'Cauliflower' prior: 0.0081
2025-04-09 00:25:01,167 - Class 'Cherimoya' prior: 0.0112
2025-04-09 00:25:01,167 - Class 'Cherry' prior: 0.0483
2025-04-09 00:25:01,167 - Class 'Chestnut' prior: 0.0053
2025-04-09 00:25:01,168 - Class 'Clementine' prior: 0.0056
2025-04-09 00:25:01,168 - Class 'Coconut' prior: 0.0056
2025-04-09 00:25:01,168 - Class 'Corn' prior: 0.0106
2025-04-09 00:25:01,168 - Class 'Cucumber' prior: 0.0280
2025-04-09 00:25:01,168 - Class 'Dates' prior: 0.0054
2025-04-09 00:25:01,169 - Class 'Eggplant' prior: 0.0082
2025-04-09 00:25:01,169 - Class 'Fig' prior: 0.0080
2025-04-09 00:25:01,169 - Class 'Ginger' prior: 0.0034
2025-04-09 00:25:01,169 - Class 'Gooseberry' prior: 0.0053
2025-04-09 00:25:01,169 - Class 'Granadilla' prior: 0.0055
2025-04-09 00:25:01,170 - Class 'Grape' prior: 0.0392
2025-04-09 00:25:01,170 - Class 'Grapefruit' prior: 0.0113
2025-04-09 00:25:01,170 - Class 'Guava' prior: 0.0056
2025-04-09 00:25:01,170 - Class 'Hazelnut' prior: 0.0053
2025-04-09 00:25:01,170 - Class 'Huckleberry' prior: 0.0060
2025-04-09 00:25:01,171 - Class 'Kaki' prior: 0.0057
2025-04-09 00:25:01,171 - Class 'Kiwi' prior: 0.0053
2025-04-09 00:25:01,171 - Class 'Kohlrabi' prior: 0.0055
2025-04-09 00:25:01,171 - Class 'Kumquat' prior: 0.0056
2025-04-09 00:25:01,171 - Class 'Lemon' prior: 0.0115
2025-04-09 00:25:01,172 - Class 'Lime' prior: 0.0056
2025-04-09 00:25:01,172 - Class 'Lychee' prior: 0.0056
2025-04-09 00:25:01,172 - Class 'Mandarine' prior: 0.0055
2025-04-09 00:25:01,173 - Class 'Mango' prior: 0.0105
2025-04-09 00:25:01,173 - Class 'Mangosteen' prior: 0.0034
2025-04-09 00:25:01,173 - Class 'Melon' prior: 0.0086
2025-04-09 00:25:01,175 - Class 'Mulberry' prior: 0.0059
2025-04-09 00:25:01,175 - Class 'Nectarine' prior: 0.0115
2025-04-09 00:25:01,176 - Class 'Nut' prior: 0.0140
2025-04-09 00:25:01,176 - Class 'Onion' prior: 0.0153
2025-04-09 00:25:01,176 - Class 'Orange' prior: 0.0053
2025-04-09 00:25:01,177 - Class 'Papaya' prior: 0.0056
2025-04-09 00:25:01,177 - Class 'Passion Fruit' prior: 0.0113
2025-04-09 00:25:01,177 - Class 'Peach' prior: 0.0201
2025-04-09 00:25:01,177 - Class 'Pear' prior: 0.0607
2025-04-09 00:25:01,178 - Class 'Pepino' prior: 0.0056
2025-04-09 00:25:01,178 - Class 'Pepper' prior: 0.0289
2025-04-09 00:25:01,178 - Class 'Physalis' prior: 0.0112
2025-04-09 00:25:01,178 - Class 'Pineapple' prior: 0.0113
2025-04-09 00:25:01,178 - Class 'Pistachio' prior: 0.0081
2025-04-09 00:25:01,179 - Class 'Pitahaya' prior: 0.0055
2025-04-09 00:25:01,179 - Class 'Plum' prior: 0.0203
2025-04-09 00:25:01,180 - Class 'Pomegranate' prior: 0.0057
2025-04-09 00:25:01,181 - Class 'Pomelo' prior: 0.0053
2025-04-09 00:25:01,181 - Class 'Potato' prior: 0.0208
2025-04-09 00:25:01,181 - Class 'Quince' prior: 0.0321
2025-04-09 00:25:01,182 - Class 'Rambutan' prior: 0.0058
2025-04-09 00:25:01,183 - Class 'Raspberry' prior: 0.0058
2025-04-09 00:25:01,183 - Class 'Redcurrant' prior: 0.0057
2025-04-09 00:25:01,184 - Class 'Salak' prior: 0.0059
2025-04-09 00:25:01,185 - Class 'Strawberry' prior: 0.0139
2025-04-09 00:25:01,186 - Class 'Tamarillo' prior: 0.0056
2025-04-09 00:25:01,186 - Class 'Tangelo' prior: 0.0055
2025-04-09 00:25:01,186 - Class 'Tomato' prior: 0.0590
2025-04-09 00:25:01,187 - Class 'Walnut' prior: 0.0084
2025-04-09 00:25:01,189 - Class 'Watermelon' prior: 0.0056
2025-04-09 00:25:01,189 - Class 'Zucchini' prior: 0.0055
2025-04-09 00:25:01,524 - Making predictions on 17262 test samples...
2025-04-09 00:25:01,703 - Predicted 100/17262 samples... (0.58%)
2025-04-09 00:25:01,880 - Predicted 200/17262 samples... (1.16%)
2025-04-09 00:25:02,058 - Predicted 300/17262 samples... (1.74%)
2025-04-09 00:25:02,237 - Predicted 400/17262 samples... (2.32%)
2025-04-09 00:25:02,416 - Predicted 500/17262 samples... (2.90%)
2025-04-09 00:25:02,593 - Predicted 600/17262 samples... (3.48%)
2025-04-09 00:25:02,770 - Predicted 700/17262 samples... (4.06%)
2025-04-09 00:25:02,952 - Predicted 800/17262 samples... (4.63%)
2025-04-09 00:25:03,132 - Predicted 900/17262 samples... (5.21%)
2025-04-09 00:25:03,311 - Predicted 1000/17262 samples... (5.79%)
2025-04-09 00:25:03,495 - Predicted 1100/17262 samples... (6.37%)
2025-04-09 00:25:03,673 - Predicted 1200/17262 samples... (6.95%)
2025-04-09 00:25:03,864 - Predicted 1300/17262 samples... (7.53%)
2025-04-09 00:25:04,044 - Predicted 1400/17262 samples... (8.11%)
2025-04-09 00:25:04,238 - Predicted 1500/17262 samples... (8.69%)
2025-04-09 00:25:04,423 - Predicted 1600/17262 samples... (9.27%)
2025-04-09 00:25:04,607 - Predicted 1700/17262 samples... (9.85%)
2025-04-09 00:25:04,791 - Predicted 1800/17262 samples... (10.43%)
2025-04-09 00:25:04,966 - Predicted 1900/17262 samples... (11.01%)
2025-04-09 00:25:05,147 - Predicted 2000/17262 samples... (11.59%)
2025-04-09 00:25:05,325 - Predicted 2100/17262 samples... (12.17%)
2025-04-09 00:25:05,506 - Predicted 2200/17262 samples... (12.74%)
2025-04-09 00:25:05,686 - Predicted 2300/17262 samples... (13.32%)
2025-04-09 00:25:05,866 - Predicted 2400/17262 samples... (13.90%)
2025-04-09 00:25:06,044 - Predicted 2500/17262 samples... (14.48%)
2025-04-09 00:25:06,226 - Predicted 2600/17262 samples... (15.06%)
2025-04-09 00:25:06,404 - Predicted 2700/17262 samples... (15.64%)
2025-04-09 00:25:06,581 - Predicted 2800/17262 samples... (16.22%)
2025-04-09 00:25:06,761 - Predicted 2900/17262 samples... (16.80%)
2025-04-09 00:25:06,942 - Predicted 3000/17262 samples... (17.38%)
2025-04-09 00:25:07,129 - Predicted 3100/17262 samples... (17.96%)
2025-04-09 00:25:07,355 - Predicted 3200/17262 samples... (18.54%)
2025-04-09 00:25:07,531 - Predicted 3300/17262 samples... (19.12%)
2025-04-09 00:25:07,723 - Predicted 3400/17262 samples... (19.70%)
2025-04-09 00:25:07,902 - Predicted 3500/17262 samples... (20.28%)
2025-04-09 00:25:08,093 - Predicted 3600/17262 samples... (20.86%)
2025-04-09 00:25:08,274 - Predicted 3700/17262 samples... (21.43%)
2025-04-09 00:25:08,465 - Predicted 3800/17262 samples... (22.01%)
2025-04-09 00:25:08,645 - Predicted 3900/17262 samples... (22.59%)
2025-04-09 00:25:08,828 - Predicted 4000/17262 samples... (23.17%)
2025-04-09 00:25:09,008 - Predicted 4100/17262 samples... (23.75%)
2025-04-09 00:25:09,191 - Predicted 4200/17262 samples... (24.33%)
2025-04-09 00:25:09,374 - Predicted 4300/17262 samples... (24.91%)
2025-04-09 00:25:09,555 - Predicted 4400/17262 samples... (25.49%)
2025-04-09 00:25:09,741 - Predicted 4500/17262 samples... (26.07%)
2025-04-09 00:25:09,921 - Predicted 4600/17262 samples... (26.65%)
2025-04-09 00:25:10,100 - Predicted 4700/17262 samples... (27.23%)
2025-04-09 00:25:10,284 - Predicted 4800/17262 samples... (27.81%)
2025-04-09 00:25:10,460 - Predicted 4900/17262 samples... (28.39%)
2025-04-09 00:25:10,639 - Predicted 5000/17262 samples... (28.97%)
2025-04-09 00:25:10,835 - Predicted 5100/17262 samples... (29.54%)
2025-04-09 00:25:11,017 - Predicted 5200/17262 samples... (30.12%)
2025-04-09 00:25:11,195 - Predicted 5300/17262 samples... (30.70%)
2025-04-09 00:25:11,378 - Predicted 5400/17262 samples... (31.28%)
2025-04-09 00:25:11,553 - Predicted 5500/17262 samples... (31.86%)
2025-04-09 00:25:11,737 - Predicted 5600/17262 samples... (32.44%)
2025-04-09 00:25:11,924 - Predicted 5700/17262 samples... (33.02%)
2025-04-09 00:25:12,102 - Predicted 5800/17262 samples... (33.60%)
2025-04-09 00:25:12,285 - Predicted 5900/17262 samples... (34.18%)
2025-04-09 00:25:12,475 - Predicted 6000/17262 samples... (34.76%)
2025-04-09 00:25:12,654 - Predicted 6100/17262 samples... (35.34%)
2025-04-09 00:25:12,838 - Predicted 6200/17262 samples... (35.92%)
2025-04-09 00:25:13,019 - Predicted 6300/17262 samples... (36.50%)
2025-04-09 00:25:13,203 - Predicted 6400/17262 samples... (37.08%)
2025-04-09 00:25:13,386 - Predicted 6500/17262 samples... (37.65%)
2025-04-09 00:25:13,566 - Predicted 6600/17262 samples... (38.23%)
2025-04-09 00:25:13,756 - Predicted 6700/17262 samples... (38.81%)
2025-04-09 00:25:13,933 - Predicted 6800/17262 samples... (39.39%)
2025-04-09 00:25:14,126 - Predicted 6900/17262 samples... (39.97%)
2025-04-09 00:25:14,324 - Predicted 7000/17262 samples... (40.55%)
2025-04-09 00:25:14,505 - Predicted 7100/17262 samples... (41.13%)
2025-04-09 00:25:14,691 - Predicted 7200/17262 samples... (41.71%)
2025-04-09 00:25:14,875 - Predicted 7300/17262 samples... (42.29%)
2025-04-09 00:25:15,057 - Predicted 7400/17262 samples... (42.87%)
2025-04-09 00:25:15,240 - Predicted 7500/17262 samples... (43.45%)
2025-04-09 00:25:15,424 - Predicted 7600/17262 samples... (44.03%)
2025-04-09 00:25:15,608 - Predicted 7700/17262 samples... (44.61%)
2025-04-09 00:25:15,792 - Predicted 7800/17262 samples... (45.19%)
2025-04-09 00:25:15,966 - Predicted 7900/17262 samples... (45.77%)
2025-04-09 00:25:16,144 - Predicted 8000/17262 samples... (46.34%)
2025-04-09 00:25:16,322 - Predicted 8100/17262 samples... (46.92%)
2025-04-09 00:25:16,504 - Predicted 8200/17262 samples... (47.50%)
2025-04-09 00:25:16,685 - Predicted 8300/17262 samples... (48.08%)
2025-04-09 00:25:16,873 - Predicted 8400/17262 samples... (48.66%)
2025-04-09 00:25:17,057 - Predicted 8500/17262 samples... (49.24%)
2025-04-09 00:25:17,238 - Predicted 8600/17262 samples... (49.82%)
2025-04-09 00:25:17,418 - Predicted 8700/17262 samples... (50.40%)
2025-04-09 00:25:17,597 - Predicted 8800/17262 samples... (50.98%)
2025-04-09 00:25:17,776 - Predicted 8900/17262 samples... (51.56%)
2025-04-09 00:25:17,957 - Predicted 9000/17262 samples... (52.14%)
2025-04-09 00:25:18,134 - Predicted 9100/17262 samples... (52.72%)
2025-04-09 00:25:18,316 - Predicted 9200/17262 samples... (53.30%)
2025-04-09 00:25:18,496 - Predicted 9300/17262 samples... (53.88%)
2025-04-09 00:25:18,676 - Predicted 9400/17262 samples... (54.45%)
2025-04-09 00:25:18,862 - Predicted 9500/17262 samples... (55.03%)
2025-04-09 00:25:19,043 - Predicted 9600/17262 samples... (55.61%)
2025-04-09 00:25:19,267 - Predicted 9700/17262 samples... (56.19%)
2025-04-09 00:25:19,443 - Predicted 9800/17262 samples... (56.77%)
2025-04-09 00:25:19,626 - Predicted 9900/17262 samples... (57.35%)
2025-04-09 00:25:19,810 - Predicted 10000/17262 samples... (57.93%)
2025-04-09 00:25:19,999 - Predicted 10100/17262 samples... (58.51%)
2025-04-09 00:25:20,182 - Predicted 10200/17262 samples... (59.09%)
2025-04-09 00:25:20,376 - Predicted 10300/17262 samples... (59.67%)
2025-04-09 00:25:20,553 - Predicted 10400/17262 samples... (60.25%)
2025-04-09 00:25:20,737 - Predicted 10500/17262 samples... (60.83%)
2025-04-09 00:25:20,920 - Predicted 10600/17262 samples... (61.41%)
2025-04-09 00:25:21,103 - Predicted 10700/17262 samples... (61.99%)
2025-04-09 00:25:21,283 - Predicted 10800/17262 samples... (62.57%)
2025-04-09 00:25:21,469 - Predicted 10900/17262 samples... (63.14%)
2025-04-09 00:25:21,646 - Predicted 11000/17262 samples... (63.72%)
2025-04-09 00:25:21,834 - Predicted 11100/17262 samples... (64.30%)
2025-04-09 00:25:22,012 - Predicted 11200/17262 samples... (64.88%)
2025-04-09 00:25:22,203 - Predicted 11300/17262 samples... (65.46%)
2025-04-09 00:25:22,388 - Predicted 11400/17262 samples... (66.04%)
2025-04-09 00:25:22,569 - Predicted 11500/17262 samples... (66.62%)
2025-04-09 00:25:22,753 - Predicted 11600/17262 samples... (67.20%)
2025-04-09 00:25:22,935 - Predicted 11700/17262 samples... (67.78%)
2025-04-09 00:25:23,129 - Predicted 11800/17262 samples... (68.36%)
2025-04-09 00:25:23,315 - Predicted 11900/17262 samples... (68.94%)
2025-04-09 00:25:23,494 - Predicted 12000/17262 samples... (69.52%)
2025-04-09 00:25:23,684 - Predicted 12100/17262 samples... (70.10%)
2025-04-09 00:25:23,863 - Predicted 12200/17262 samples... (70.68%)
2025-04-09 00:25:24,053 - Predicted 12300/17262 samples... (71.25%)
2025-04-09 00:25:24,237 - Predicted 12400/17262 samples... (71.83%)
2025-04-09 00:25:24,420 - Predicted 12500/17262 samples... (72.41%)
2025-04-09 00:25:24,606 - Predicted 12600/17262 samples... (72.99%)
2025-04-09 00:25:24,790 - Predicted 12700/17262 samples... (73.57%)
2025-04-09 00:25:24,996 - Predicted 12800/17262 samples... (74.15%)
2025-04-09 00:25:25,171 - Predicted 12900/17262 samples... (74.73%)
2025-04-09 00:25:25,341 - Predicted 13000/17262 samples... (75.31%)
2025-04-09 00:25:25,515 - Predicted 13100/17262 samples... (75.89%)
2025-04-09 00:25:25,688 - Predicted 13200/17262 samples... (76.47%)
2025-04-09 00:25:25,866 - Predicted 13300/17262 samples... (77.05%)
2025-04-09 00:25:26,058 - Predicted 13400/17262 samples... (77.63%)
2025-04-09 00:25:26,232 - Predicted 13500/17262 samples... (78.21%)
2025-04-09 00:25:26,409 - Predicted 13600/17262 samples... (78.79%)
2025-04-09 00:25:26,587 - Predicted 13700/17262 samples... (79.37%)
2025-04-09 00:25:26,763 - Predicted 13800/17262 samples... (79.94%)
2025-04-09 00:25:26,942 - Predicted 13900/17262 samples... (80.52%)
2025-04-09 00:25:27,127 - Predicted 14000/17262 samples... (81.10%)
2025-04-09 00:25:27,301 - Predicted 14100/17262 samples... (81.68%)
2025-04-09 00:25:27,481 - Predicted 14200/17262 samples... (82.26%)
2025-04-09 00:25:27,677 - Predicted 14300/17262 samples... (82.84%)
2025-04-09 00:25:27,859 - Predicted 14400/17262 samples... (83.42%)
2025-04-09 00:25:28,039 - Predicted 14500/17262 samples... (84.00%)
2025-04-09 00:25:28,230 - Predicted 14600/17262 samples... (84.58%)
2025-04-09 00:25:28,412 - Predicted 14700/17262 samples... (85.16%)
2025-04-09 00:25:28,605 - Predicted 14800/17262 samples... (85.74%)
2025-04-09 00:25:28,786 - Predicted 14900/17262 samples... (86.32%)
2025-04-09 00:25:28,979 - Predicted 15000/17262 samples... (86.90%)
2025-04-09 00:25:29,154 - Predicted 15100/17262 samples... (87.48%)
2025-04-09 00:25:29,336 - Predicted 15200/17262 samples... (88.05%)
2025-04-09 00:25:29,516 - Predicted 15300/17262 samples... (88.63%)
2025-04-09 00:25:29,711 - Predicted 15400/17262 samples... (89.21%)
2025-04-09 00:25:29,893 - Predicted 15500/17262 samples... (89.79%)
2025-04-09 00:25:30,070 - Predicted 15600/17262 samples... (90.37%)
2025-04-09 00:25:30,250 - Predicted 15700/17262 samples... (90.95%)
2025-04-09 00:25:30,425 - Predicted 15800/17262 samples... (91.53%)
2025-04-09 00:25:30,603 - Predicted 15900/17262 samples... (92.11%)
2025-04-09 00:25:30,784 - Predicted 16000/17262 samples... (92.69%)
2025-04-09 00:25:30,961 - Predicted 16100/17262 samples... (93.27%)
2025-04-09 00:25:31,141 - Predicted 16200/17262 samples... (93.85%)
2025-04-09 00:25:31,315 - Predicted 16300/17262 samples... (94.43%)
2025-04-09 00:25:31,541 - Predicted 16400/17262 samples... (95.01%)
2025-04-09 00:25:31,716 - Predicted 16500/17262 samples... (95.59%)
2025-04-09 00:25:31,897 - Predicted 16600/17262 samples... (96.16%)
2025-04-09 00:25:32,076 - Predicted 16700/17262 samples... (96.74%)
2025-04-09 00:25:32,259 - Predicted 16800/17262 samples... (97.32%)
2025-04-09 00:25:32,445 - Predicted 16900/17262 samples... (97.90%)
2025-04-09 00:25:32,626 - Predicted 17000/17262 samples... (98.48%)
2025-04-09 00:25:32,806 - Predicted 17100/17262 samples... (99.06%)
2025-04-09 00:25:32,985 - Predicted 17200/17262 samples... (99.64%)
2025-04-09 00:25:33,099 - Predicted 17262/17262 samples... (100.00%)
2025-04-09 00:25:33,099 - Prediction completed in 31.57 seconds.
2025-04-09 00:25:33,118 - Model Accuracy: 94.35%
2025-04-09 00:25:33,214 - 
               precision    recall  f1-score   support

        Apple       0.92      0.86      0.89      2628
      Apricot       1.00      1.00      1.00        96
      Avocado       1.00      1.00      1.00       188
       Banana       0.83      0.79      0.81       347
        Beans       0.56      1.00      0.72        41
     Beetroot       1.00      1.00      1.00        84
   Blackberry       0.99      0.97      0.98       319
    Blueberry       1.00      1.00      1.00        92
      Cabbage       1.00      1.00      1.00        47
 Cactus fruit       0.91      0.93      0.92       399
   Cantaloupe       1.00      1.00      1.00       204
    Carambula       0.96      1.00      0.98        95
       Carrot       0.96      1.00      0.98        24
  Cauliflower       1.00      1.00      1.00       140
    Cherimoya       1.00      1.00      1.00       197
       Cherry       0.99      0.97      0.98       786
     Chestnut       0.87      0.98      0.92        85
   Clementine       1.00      1.00      1.00       106
      Coconut       1.00      1.00      1.00       104
         Corn       0.93      0.97      0.95       178
     Cucumber       0.99      0.93      0.96       508
        Dates       1.00      0.99      1.00       117
     Eggplant       0.95      0.99      0.97       142
          Fig       1.00      1.00      1.00       147
       Ginger       0.49      1.00      0.66        62
   Gooseberry       1.00      1.00      1.00        99
   Granadilla       1.00      1.00      1.00       109
        Grape       0.96      1.00      0.98       715
   Grapefruit       0.91      1.00      0.95       202
        Guava       1.00      1.00      1.00       103
     Hazelnut       1.00      1.00      1.00        98
  Huckleberry       1.00      1.00      1.00        78
         Kaki       1.00      0.96      0.98        99
         Kiwi       1.00      1.00      1.00       101
     Kohlrabi       1.00      0.99      0.99        90
      Kumquat       1.00      1.00      1.00       101
        Lemon       0.81      0.89      0.85       186
         Lime       1.00      1.00      1.00       101
       Lychee       1.00      1.00      1.00       102
    Mandarine       1.00      1.00      1.00       108
        Mango       1.00      0.99      1.00       190
   Mangosteen       1.00      0.98      0.99        62
        Melon       1.00      1.00      1.00       145
     Mulberry       1.00      1.00      1.00        82
    Nectarine       0.63      0.99      0.77       180
          Nut       1.00      0.95      0.97       222
        Onion       1.00      1.00      1.00       279
       Orange       1.00      1.00      1.00       110
       Papaya       0.89      0.98      0.93       106
Passion Fruit       1.00      0.96      0.98       197
        Peach       0.95      0.92      0.94       335
         Pear       0.92      0.89      0.91      1058
       Pepino       1.00      1.00      1.00       103
       Pepper       0.99      0.94      0.96       483
     Physalis       1.00      0.89      0.94       213
    Pineapple       1.00      1.00      1.00       200
    Pistachio       1.00      1.00      1.00       142
     Pitahaya       1.00      1.00      1.00       108
         Plum       0.75      1.00      0.86       366
  Pomegranate       0.98      1.00      0.99        98
       Pomelo       1.00      1.00      1.00        81
       Potato       0.95      0.82      0.88       364
       Quince       0.86      0.97      0.91       482
     Rambutan       1.00      1.00      1.00        93
    Raspberry       0.97      1.00      0.98        92
   Redcurrant       1.00      1.00      1.00       100
        Salak       1.00      1.00      1.00        82
   Strawberry       1.00      0.93      0.96       270
    Tamarillo       1.00      1.00      1.00       106
      Tangelo       1.00      1.00      1.00       112
       Tomato       0.99      0.93      0.96      1032
       Walnut       1.00      1.00      1.00       155
   Watermelon       0.99      1.00      0.99        88
     Zucchini       1.00      1.00      1.00        98

     accuracy                           0.94     17262
    macro avg       0.96      0.98      0.96     17262
 weighted avg       0.95      0.94      0.94     17262

2025-04-09 00:25:33,253 - Model parameters saved to 'model/model_parameters.pkl'
2025-04-09 00:25:35,308 - Loaded test data.
2025-04-09 00:27:18,384 - Accuracy: 0.9178
2025-04-09 00:27:18,386 - Classification Report:
               precision    recall  f1-score   support

        Apple       0.87      0.85      0.86      4443
      Apricot       1.00      1.00      1.00       164
      Avocado       1.00      1.00      1.00       309
       Banana       0.70      0.75      0.72       561
        Beans       0.51      1.00      0.67        77
     Beetroot       1.00      0.68      0.81       150
   Blackberry       1.00      0.97      0.98       600
    Blueberry       1.00      1.00      1.00       154
      Cabbage       1.00      1.00      1.00        96
 Cactus fruit       0.81      0.83      0.82       634
   Cantaloupe       1.00      1.00      1.00       328
    Carambula       0.84      0.77      0.81       166
       Carrot       0.77      1.00      0.87        50
  Cauliflower       1.00      1.00      1.00       234
    Cherimoya       1.00      1.00      1.00       320
       Cherry       0.97      0.88      0.92      1373
     Chestnut       0.79      1.00      0.88       153
   Clementine       1.00      1.00      1.00       166
      Coconut       1.00      0.99      0.99       166
         Corn       0.67      0.44      0.53       304
     Cucumber       0.98      0.91      0.94       811
        Dates       1.00      0.99      0.99       166
     Eggplant       1.00      0.78      0.88       236
          Fig       1.00      1.00      1.00       234
       Ginger       0.91      1.00      0.95        99
   Gooseberry       1.00      1.00      1.00       154
   Granadilla       1.00      1.00      1.00       166
        Grape       0.93      1.00      0.96      1146
   Grapefruit       0.96      1.00      0.98       330
        Guava       1.00      0.99      1.00       166
     Hazelnut       1.00      1.00      1.00       157
  Huckleberry       1.00      1.00      1.00       166
         Kaki       1.00      0.99      1.00       166
         Kiwi       1.00      1.00      1.00       156
     Kohlrabi       1.00      0.99      0.99       157
      Kumquat       1.00      1.00      1.00       166
        Lemon       0.91      0.95      0.93       330
         Lime       1.00      1.00      1.00       166
       Lychee       1.00      1.00      1.00       166
    Mandarine       1.00      1.00      1.00       166
        Mango       1.00      0.90      0.95       308
   Mangosteen       1.00      1.00      1.00       102
        Melon       1.00      0.93      0.97       246
     Mulberry       1.00      1.00      1.00       164
    Nectarine       0.66      0.93      0.77       324
          Nut       1.00      0.87      0.93       396
        Onion       0.93      0.94      0.94       451
       Orange       1.00      1.00      1.00       160
       Papaya       0.86      1.00      0.93       164
Passion Fruit       1.00      0.92      0.96       332
        Peach       0.94      0.94      0.94       574
         Pear       0.80      0.88      0.84      1761
       Pepino       1.00      1.00      1.00       166
       Pepper       0.96      0.88      0.92       826
     Physalis       0.98      0.90      0.94       328
    Pineapple       1.00      1.00      1.00       329
    Pistachio       1.00      1.00      1.00       231
     Pitahaya       1.00      0.79      0.88       166
         Plum       0.72      1.00      0.84       597
  Pomegranate       0.96      0.96      0.96       164
       Pomelo       1.00      1.00      1.00       153
       Potato       0.97      0.88      0.93       601
       Quince       0.87      0.96      0.91       897
     Rambutan       1.00      1.00      1.00       164
    Raspberry       0.99      1.00      1.00       166
   Redcurrant       1.00      1.00      1.00       164
        Salak       1.00      1.00      1.00       162
   Strawberry       1.00      0.97      0.99       410
    Tamarillo       1.00      1.00      1.00       166
      Tangelo       1.00      1.00      1.00       166
       Tomato       0.98      0.92      0.95      1707
       Walnut       1.00      1.00      1.00       249
   Watermelon       0.93      1.00      0.96       157
     Zucchini       0.98      1.00      0.99       160

     accuracy                           0.92     28863
    macro avg       0.95      0.95      0.95     28863
 weighted avg       0.92      0.92      0.92     28863

2025-04-09 00:27:33,241 - Loaded test data.
2025-04-09 00:27:33,350 - Accuracy: 0.1087
2025-04-09 00:27:33,351 - Classification Report:
              precision    recall  f1-score   support

       Apple       0.00      0.00      0.00         3
      Banana       1.00      0.50      0.67         2
    Beetroot       0.00      0.00      0.00         2
     Cashews       0.00      0.00      0.00         1
     Coconut       0.00      0.00      0.00         2
        Corn       0.00      0.00      0.00         2
      Ginger       0.00      0.00      0.00         2
      Grapes       0.00      0.00      0.00         2
       Lemon       0.00      0.00      0.00         1
       Mango       1.00      0.09      0.17        11
       Melon       0.00      0.00      0.00         4
      Orange       0.00      0.00      0.00         4
        Pear       0.06      1.00      0.12         2
   Pineapple       0.00      0.00      0.00         1
      Potato       0.00      0.00      0.00         2
   Raspberry       0.00      0.00      0.00         0
      Tomato       0.00      0.00      0.00         1
Tomato small       0.00      0.00      0.00         1
  Watermelon       0.25      0.33      0.29         3

    accuracy                           0.11        46
   macro avg       0.12      0.10      0.07        46
weighted avg       0.30      0.11      0.09        46

