2025-04-06 06:26:36,969 - Started feature extraction from fruits-360/Training. Total images to process: 86554
2025-04-06 06:26:36,970 - Processing class: Apple 10 -> Apple
2025-04-06 06:26:37,707 - Processed 50/86554 images (0.06%)
2025-04-06 06:26:38,434 - Processed 100/86554 images (0.12%)
2025-04-06 06:26:39,159 - Processed 150/86554 images (0.17%)
2025-04-06 06:26:39,886 - Processed 200/86554 images (0.23%)
2025-04-06 06:26:40,609 - Processed 250/86554 images (0.29%)
2025-04-06 06:26:41,340 - Processed 300/86554 images (0.35%)
2025-04-06 06:26:42,131 - Processed 350/86554 images (0.40%)
2025-04-06 06:26:42,889 - Processed 400/86554 images (0.46%)
2025-04-06 06:26:43,627 - Processed 450/86554 images (0.52%)
2025-04-06 06:26:44,359 - Processed 500/86554 images (0.58%)
2025-04-06 06:26:45,091 - Processed 550/86554 images (0.64%)
2025-04-06 06:26:45,837 - Processed 600/86554 images (0.69%)
2025-04-06 06:26:46,581 - Processed 650/86554 images (0.75%)
2025-04-06 06:26:47,287 - Processing class: Apple 12 -> Apple
2025-04-06 06:26:47,302 - Processed 700/86554 images (0.81%)
2025-04-06 06:26:48,039 - Processed 750/86554 images (0.87%)
2025-04-06 06:26:48,829 - Processed 800/86554 images (0.92%)
2025-04-06 06:26:49,590 - Processed 850/86554 images (0.98%)
2025-04-06 06:26:50,332 - Processed 900/86554 images (1.04%)
2025-04-06 06:26:51,088 - Processed 950/86554 images (1.10%)
2025-04-06 06:26:51,825 - Processed 1000/86554 images (1.16%)
2025-04-06 06:26:52,565 - Processed 1050/86554 images (1.21%)
2025-04-06 06:26:53,387 - Processed 1100/86554 images (1.27%)
2025-04-06 06:26:54,165 - Processed 1150/86554 images (1.33%)
2025-04-06 06:26:54,431 - Processing class: Apple 13 -> Apple
2025-04-06 06:26:54,953 - Processed 1200/86554 images (1.39%)
2025-04-06 06:26:55,693 - Processed 1250/86554 images (1.44%)
2025-04-06 06:26:56,464 - Processed 1300/86554 images (1.50%)
2025-04-06 06:26:57,215 - Processed 1350/86554 images (1.56%)
2025-04-06 06:26:57,965 - Processed 1400/86554 images (1.62%)
2025-04-06 06:26:58,731 - Processed 1450/86554 images (1.68%)
2025-04-06 06:26:59,592 - Processed 1500/86554 images (1.73%)
2025-04-06 06:27:00,338 - Processed 1550/86554 images (1.79%)
2025-04-06 06:27:01,100 - Processed 1600/86554 images (1.85%)
2025-04-06 06:27:01,841 - Processed 1650/86554 images (1.91%)
2025-04-06 06:27:02,590 - Processed 1700/86554 images (1.96%)
2025-04-06 06:27:03,333 - Processed 1750/86554 images (2.02%)
2025-04-06 06:27:04,109 - Processed 1800/86554 images (2.08%)
2025-04-06 06:27:04,945 - Processed 1850/86554 images (2.14%)
2025-04-06 06:27:05,160 - Processing class: Apple 14 -> Apple
2025-04-06 06:27:05,708 - Processed 1900/86554 images (2.20%)
2025-04-06 06:27:06,480 - Processed 1950/86554 images (2.25%)
2025-04-06 06:27:07,267 - Processed 2000/86554 images (2.31%)
2025-04-06 06:27:08,164 - Processed 2050/86554 images (2.37%)
2025-04-06 06:27:09,040 - Processed 2100/86554 images (2.43%)
2025-04-06 06:27:09,807 - Processed 2150/86554 images (2.48%)
2025-04-06 06:27:10,568 - Processed 2200/86554 images (2.54%)
2025-04-06 06:27:11,311 - Processed 2250/86554 images (2.60%)
2025-04-06 06:27:12,058 - Processed 2300/86554 images (2.66%)
2025-04-06 06:27:12,523 - Processing class: Apple 17 -> Apple
2025-04-06 06:27:12,901 - Processed 2350/86554 images (2.72%)
2025-04-06 06:27:13,661 - Processed 2400/86554 images (2.77%)
2025-04-06 06:27:14,424 - Processed 2450/86554 images (2.83%)
2025-04-06 06:27:15,161 - Processed 2500/86554 images (2.89%)
2025-04-06 06:27:15,898 - Processed 2550/86554 images (2.95%)
2025-04-06 06:27:16,628 - Processed 2600/86554 images (3.00%)
2025-04-06 06:27:17,359 - Processed 2650/86554 images (3.06%)
2025-04-06 06:27:18,093 - Processed 2700/86554 images (3.12%)
2025-04-06 06:27:18,817 - Processed 2750/86554 images (3.18%)
2025-04-06 06:27:19,538 - Processed 2800/86554 images (3.23%)
2025-04-06 06:27:20,265 - Processed 2850/86554 images (3.29%)
2025-04-06 06:27:20,996 - Processed 2900/86554 images (3.35%)
2025-04-06 06:27:21,573 - Processing class: Apple 19 -> Apple
2025-04-06 06:27:21,721 - Processed 2950/86554 images (3.41%)
2025-04-06 06:27:22,446 - Processed 3000/86554 images (3.47%)
2025-04-06 06:27:23,173 - Processed 3050/86554 images (3.52%)
2025-04-06 06:27:23,909 - Processed 3100/86554 images (3.58%)
2025-04-06 06:27:24,630 - Processed 3150/86554 images (3.64%)
2025-04-06 06:27:25,359 - Processed 3200/86554 images (3.70%)
2025-04-06 06:27:26,089 - Processed 3250/86554 images (3.75%)
2025-04-06 06:27:26,813 - Processed 3300/86554 images (3.81%)
2025-04-06 06:27:27,542 - Processed 3350/86554 images (3.87%)
2025-04-06 06:27:28,270 - Processed 3400/86554 images (3.93%)
2025-04-06 06:27:28,993 - Processed 3450/86554 images (3.99%)
2025-04-06 06:27:29,715 - Processed 3500/86554 images (4.04%)
2025-04-06 06:27:30,444 - Processed 3550/86554 images (4.10%)
2025-04-06 06:27:31,171 - Processed 3600/86554 images (4.16%)
2025-04-06 06:27:31,901 - Processed 3650/86554 images (4.22%)
2025-04-06 06:27:32,181 - Processing class: Apple 6 -> Apple
2025-04-06 06:27:32,643 - Processed 3700/86554 images (4.27%)
2025-04-06 06:27:33,383 - Processed 3750/86554 images (4.33%)
2025-04-06 06:27:34,116 - Processed 3800/86554 images (4.39%)
2025-04-06 06:27:34,853 - Processed 3850/86554 images (4.45%)
2025-04-06 06:27:35,587 - Processed 3900/86554 images (4.51%)
2025-04-06 06:27:36,317 - Processed 3950/86554 images (4.56%)
2025-04-06 06:27:37,049 - Processed 4000/86554 images (4.62%)
2025-04-06 06:27:37,780 - Processed 4050/86554 images (4.68%)
2025-04-06 06:27:38,507 - Processed 4100/86554 images (4.74%)
2025-04-06 06:27:39,128 - Processing class: Apple 9 -> Apple
2025-04-06 06:27:39,248 - Processed 4150/86554 images (4.79%)
2025-04-06 06:27:39,972 - Processed 4200/86554 images (4.85%)
2025-04-06 06:27:40,700 - Processed 4250/86554 images (4.91%)
2025-04-06 06:27:41,422 - Processed 4300/86554 images (4.97%)
2025-04-06 06:27:42,150 - Processed 4350/86554 images (5.03%)
2025-04-06 06:27:42,897 - Processed 4400/86554 images (5.08%)
2025-04-06 06:27:43,629 - Processed 4450/86554 images (5.14%)
2025-04-06 06:27:44,357 - Processed 4500/86554 images (5.20%)
2025-04-06 06:27:45,086 - Processed 4550/86554 images (5.26%)
2025-04-06 06:27:45,814 - Processed 4600/86554 images (5.31%)
2025-04-06 06:27:46,547 - Processed 4650/86554 images (5.37%)
2025-04-06 06:27:47,275 - Processed 4700/86554 images (5.43%)
2025-04-06 06:27:48,003 - Processed 4750/86554 images (5.49%)
2025-04-06 06:27:48,735 - Processed 4800/86554 images (5.55%)
2025-04-06 06:27:49,264 - Processing class: Apple Braeburn 1 -> Apple
2025-04-06 06:27:49,471 - Processed 4850/86554 images (5.60%)
2025-04-06 06:27:50,189 - Processed 4900/86554 images (5.66%)
2025-04-06 06:27:50,918 - Processed 4950/86554 images (5.72%)
2025-04-06 06:27:51,650 - Processed 5000/86554 images (5.78%)
2025-04-06 06:27:52,381 - Processed 5050/86554 images (5.83%)
2025-04-06 06:27:53,097 - Processed 5100/86554 images (5.89%)
2025-04-06 06:27:53,846 - Processed 5150/86554 images (5.95%)
2025-04-06 06:27:54,624 - Processed 5200/86554 images (6.01%)
2025-04-06 06:27:55,476 - Processed 5250/86554 images (6.07%)
2025-04-06 06:27:56,260 - Processed 5300/86554 images (6.12%)
2025-04-06 06:27:56,693 - Processing class: Apple Core 1 -> Apple
2025-04-06 06:27:57,017 - Processed 5350/86554 images (6.18%)
2025-04-06 06:27:57,779 - Processed 5400/86554 images (6.24%)
2025-04-06 06:27:58,526 - Processed 5450/86554 images (6.30%)
2025-04-06 06:27:59,357 - Processed 5500/86554 images (6.35%)
2025-04-06 06:28:00,108 - Processed 5550/86554 images (6.41%)
2025-04-06 06:28:00,321 - Processing class: Apple Crimson Snow 1 -> Apple
2025-04-06 06:28:00,932 - Processed 5600/86554 images (6.47%)
2025-04-06 06:28:01,683 - Processed 5650/86554 images (6.53%)
2025-04-06 06:28:02,413 - Processed 5700/86554 images (6.59%)
2025-04-06 06:28:03,142 - Processed 5750/86554 images (6.64%)
2025-04-06 06:28:03,873 - Processed 5800/86554 images (6.70%)
2025-04-06 06:28:04,600 - Processed 5850/86554 images (6.76%)
2025-04-06 06:28:05,335 - Processed 5900/86554 images (6.82%)
2025-04-06 06:28:06,092 - Processed 5950/86554 images (6.87%)
2025-04-06 06:28:06,822 - Processed 6000/86554 images (6.93%)
2025-04-06 06:28:06,922 - Processing class: Apple Golden 1 -> Apple
2025-04-06 06:28:07,608 - Processed 6050/86554 images (6.99%)
2025-04-06 06:28:08,608 - Processed 6100/86554 images (7.05%)
2025-04-06 06:28:09,396 - Processed 6150/86554 images (7.11%)
2025-04-06 06:28:10,140 - Processed 6200/86554 images (7.16%)
2025-04-06 06:28:10,868 - Processed 6250/86554 images (7.22%)
2025-04-06 06:28:11,644 - Processed 6300/86554 images (7.28%)
2025-04-06 06:28:12,614 - Processed 6350/86554 images (7.34%)
2025-04-06 06:28:13,449 - Processed 6400/86554 images (7.39%)
2025-04-06 06:28:14,188 - Processed 6450/86554 images (7.45%)
2025-04-06 06:28:14,728 - Processing class: Apple Golden 2 -> Apple
2025-04-06 06:28:14,920 - Processed 6500/86554 images (7.51%)
2025-04-06 06:28:15,704 - Processed 6550/86554 images (7.57%)
2025-04-06 06:28:16,561 - Processed 6600/86554 images (7.63%)
2025-04-06 06:28:17,331 - Processed 6650/86554 images (7.68%)
2025-04-06 06:28:18,091 - Processed 6700/86554 images (7.74%)
2025-04-06 06:28:18,840 - Processed 6750/86554 images (7.80%)
2025-04-06 06:28:19,584 - Processed 6800/86554 images (7.86%)
2025-04-06 06:28:20,313 - Processed 6850/86554 images (7.91%)
2025-04-06 06:28:21,045 - Processed 6900/86554 images (7.97%)
2025-04-06 06:28:21,788 - Processed 6950/86554 images (8.03%)
2025-04-06 06:28:22,211 - Processing class: Apple Golden 3 -> Apple
2025-04-06 06:28:22,524 - Processed 7000/86554 images (8.09%)
2025-04-06 06:28:23,329 - Processed 7050/86554 images (8.15%)
2025-04-06 06:28:24,211 - Processed 7100/86554 images (8.20%)
2025-04-06 06:28:24,958 - Processed 7150/86554 images (8.26%)
2025-04-06 06:28:25,707 - Processed 7200/86554 images (8.32%)
2025-04-06 06:28:26,454 - Processed 7250/86554 images (8.38%)
2025-04-06 06:28:27,198 - Processed 7300/86554 images (8.43%)
2025-04-06 06:28:27,942 - Processed 7350/86554 images (8.49%)
2025-04-06 06:28:28,705 - Processed 7400/86554 images (8.55%)
2025-04-06 06:28:29,496 - Processed 7450/86554 images (8.61%)
2025-04-06 06:28:29,647 - Processing class: Apple Granny Smith 1 -> Apple
2025-04-06 06:28:30,291 - Processed 7500/86554 images (8.67%)
2025-04-06 06:28:31,049 - Processed 7550/86554 images (8.72%)
2025-04-06 06:28:31,816 - Processed 7600/86554 images (8.78%)
2025-04-06 06:28:32,560 - Processed 7650/86554 images (8.84%)
2025-04-06 06:28:33,303 - Processed 7700/86554 images (8.90%)
2025-04-06 06:28:34,046 - Processed 7750/86554 images (8.95%)
2025-04-06 06:28:34,780 - Processed 7800/86554 images (9.01%)
2025-04-06 06:28:35,608 - Processed 7850/86554 images (9.07%)
2025-04-06 06:28:36,350 - Processed 7900/86554 images (9.13%)
2025-04-06 06:28:37,089 - Processed 7950/86554 images (9.19%)
2025-04-06 06:28:37,120 - Processing class: Apple hit 1 -> Apple
2025-04-06 06:28:37,841 - Processed 8000/86554 images (9.24%)
2025-04-06 06:28:38,575 - Processed 8050/86554 images (9.30%)
2025-04-06 06:28:39,300 - Processed 8100/86554 images (9.36%)
2025-04-06 06:28:40,033 - Processed 8150/86554 images (9.42%)
2025-04-06 06:28:40,847 - Processed 8200/86554 images (9.47%)
2025-04-06 06:28:41,720 - Processed 8250/86554 images (9.53%)
2025-04-06 06:28:42,998 - Processed 8300/86554 images (9.59%)
2025-04-06 06:28:44,017 - Processed 8350/86554 images (9.65%)
2025-04-06 06:28:44,838 - Processed 8400/86554 images (9.70%)
2025-04-06 06:28:45,577 - Processed 8450/86554 images (9.76%)
2025-04-06 06:28:46,433 - Processed 8500/86554 images (9.82%)
2025-04-06 06:28:47,482 - Processed 8550/86554 images (9.88%)
2025-04-06 06:28:48,655 - Processed 8600/86554 images (9.94%)
2025-04-06 06:28:49,937 - Processed 8650/86554 images (9.99%)
2025-04-06 06:28:50,033 - Processing class: Apple Pink Lady 1 -> Apple
2025-04-06 06:28:51,244 - Processed 8700/86554 images (10.05%)
2025-04-06 06:28:52,251 - Processed 8750/86554 images (10.11%)
2025-04-06 06:28:53,065 - Processed 8800/86554 images (10.17%)
2025-04-06 06:28:53,795 - Processed 8850/86554 images (10.22%)
2025-04-06 06:28:54,525 - Processed 8900/86554 images (10.28%)
2025-04-06 06:28:55,319 - Processed 8950/86554 images (10.34%)
2025-04-06 06:28:56,062 - Processed 9000/86554 images (10.40%)
2025-04-06 06:28:56,809 - Processed 9050/86554 images (10.46%)
2025-04-06 06:28:57,540 - Processed 9100/86554 images (10.51%)
2025-04-06 06:28:57,687 - Processing class: Apple Red 1 -> Apple
2025-04-06 06:28:58,272 - Processed 9150/86554 images (10.57%)
2025-04-06 06:28:58,998 - Processed 9200/86554 images (10.63%)
2025-04-06 06:28:59,726 - Processed 9250/86554 images (10.69%)
2025-04-06 06:29:00,523 - Processed 9300/86554 images (10.74%)
2025-04-06 06:29:01,250 - Processed 9350/86554 images (10.80%)
2025-04-06 06:29:01,972 - Processed 9400/86554 images (10.86%)
2025-04-06 06:29:02,704 - Processed 9450/86554 images (10.92%)
2025-04-06 06:29:03,437 - Processed 9500/86554 images (10.98%)
2025-04-06 06:29:04,152 - Processed 9550/86554 images (11.03%)
2025-04-06 06:29:04,882 - Processed 9600/86554 images (11.09%)
2025-04-06 06:29:04,912 - Processing class: Apple Red 2 -> Apple
2025-04-06 06:29:05,604 - Processed 9650/86554 images (11.15%)
2025-04-06 06:29:06,327 - Processed 9700/86554 images (11.21%)
2025-04-06 06:29:07,044 - Processed 9750/86554 images (11.26%)
2025-04-06 06:29:07,769 - Processed 9800/86554 images (11.32%)
2025-04-06 06:29:08,492 - Processed 9850/86554 images (11.38%)
2025-04-06 06:29:09,213 - Processed 9900/86554 images (11.44%)
2025-04-06 06:29:09,951 - Processed 9950/86554 images (11.50%)
2025-04-06 06:29:10,664 - Processed 10000/86554 images (11.55%)
2025-04-06 06:29:11,390 - Processed 10050/86554 images (11.61%)
2025-04-06 06:29:12,289 - Processing class: Apple Red 3 -> Apple
2025-04-06 06:29:12,478 - Processed 10100/86554 images (11.67%)
2025-04-06 06:29:13,476 - Processed 10150/86554 images (11.73%)
2025-04-06 06:29:14,212 - Processed 10200/86554 images (11.78%)
2025-04-06 06:29:14,949 - Processed 10250/86554 images (11.84%)
2025-04-06 06:29:15,683 - Processed 10300/86554 images (11.90%)
2025-04-06 06:29:16,431 - Processed 10350/86554 images (11.96%)
2025-04-06 06:29:17,169 - Processed 10400/86554 images (12.02%)
2025-04-06 06:29:17,890 - Processed 10450/86554 images (12.07%)
2025-04-06 06:29:18,616 - Processed 10500/86554 images (12.13%)
2025-04-06 06:29:18,966 - Processing class: Apple Red Delicious 1 -> Apple
2025-04-06 06:29:19,354 - Processed 10550/86554 images (12.19%)
2025-04-06 06:29:20,076 - Processed 10600/86554 images (12.25%)
2025-04-06 06:29:20,803 - Processed 10650/86554 images (12.30%)
2025-04-06 06:29:21,569 - Processed 10700/86554 images (12.36%)
2025-04-06 06:29:22,294 - Processed 10750/86554 images (12.42%)
2025-04-06 06:29:23,009 - Processed 10800/86554 images (12.48%)
2025-04-06 06:29:23,810 - Processed 10850/86554 images (12.54%)
2025-04-06 06:29:24,513 - Processed 10900/86554 images (12.59%)
2025-04-06 06:29:25,210 - Processed 10950/86554 images (12.65%)
2025-04-06 06:29:25,921 - Processed 11000/86554 images (12.71%)
2025-04-06 06:29:26,111 - Processing class: Apple Red Yellow 1 -> Apple
2025-04-06 06:29:26,649 - Processed 11050/86554 images (12.77%)
2025-04-06 06:29:27,412 - Processed 11100/86554 images (12.82%)
2025-04-06 06:29:28,172 - Processed 11150/86554 images (12.88%)
2025-04-06 06:29:28,892 - Processed 11200/86554 images (12.94%)
2025-04-06 06:29:29,638 - Processed 11250/86554 images (13.00%)
2025-04-06 06:29:30,369 - Processed 11300/86554 images (13.06%)
2025-04-06 06:29:31,141 - Processed 11350/86554 images (13.11%)
2025-04-06 06:29:31,869 - Processed 11400/86554 images (13.17%)
2025-04-06 06:29:32,589 - Processed 11450/86554 images (13.23%)
2025-04-06 06:29:33,320 - Processed 11500/86554 images (13.29%)
2025-04-06 06:29:33,391 - Processing class: Apple Red Yellow 2 -> Apple
2025-04-06 06:29:34,053 - Processed 11550/86554 images (13.34%)
2025-04-06 06:29:34,756 - Processed 11600/86554 images (13.40%)
2025-04-06 06:29:35,497 - Processed 11650/86554 images (13.46%)
2025-04-06 06:29:36,236 - Processed 11700/86554 images (13.52%)
2025-04-06 06:29:37,030 - Processed 11750/86554 images (13.58%)
2025-04-06 06:29:37,829 - Processed 11800/86554 images (13.63%)
2025-04-06 06:29:38,579 - Processed 11850/86554 images (13.69%)
2025-04-06 06:29:39,299 - Processed 11900/86554 images (13.75%)
2025-04-06 06:29:40,016 - Processed 11950/86554 images (13.81%)
2025-04-06 06:29:40,728 - Processed 12000/86554 images (13.86%)
2025-04-06 06:29:41,429 - Processed 12050/86554 images (13.92%)
2025-04-06 06:29:42,149 - Processed 12100/86554 images (13.98%)
2025-04-06 06:29:42,878 - Processed 12150/86554 images (14.04%)
2025-04-06 06:29:43,274 - Processing class: Apple Rotten 1 -> Apple
2025-04-06 06:29:43,606 - Processed 12200/86554 images (14.10%)
2025-04-06 06:29:44,321 - Processed 12250/86554 images (14.15%)
2025-04-06 06:29:45,040 - Processed 12300/86554 images (14.21%)
2025-04-06 06:29:45,756 - Processed 12350/86554 images (14.27%)
2025-04-06 06:29:46,520 - Processed 12400/86554 images (14.33%)
2025-04-06 06:29:47,249 - Processed 12450/86554 images (14.38%)
2025-04-06 06:29:47,973 - Processed 12500/86554 images (14.44%)
2025-04-06 06:29:48,748 - Processed 12550/86554 images (14.50%)
2025-04-06 06:29:49,783 - Processed 12600/86554 images (14.56%)
2025-04-06 06:29:50,615 - Processed 12650/86554 images (14.62%)
2025-04-06 06:29:50,837 - Processing class: Apple worm 1 -> Apple
2025-04-06 06:29:51,384 - Processed 12700/86554 images (14.67%)
2025-04-06 06:29:52,138 - Processed 12750/86554 images (14.73%)
2025-04-06 06:29:52,899 - Processed 12800/86554 images (14.79%)
2025-04-06 06:29:53,622 - Processed 12850/86554 images (14.85%)
2025-04-06 06:29:54,349 - Processed 12900/86554 images (14.90%)
2025-04-06 06:29:55,084 - Processed 12950/86554 images (14.96%)
2025-04-06 06:29:55,803 - Processed 13000/86554 images (15.02%)
2025-04-06 06:29:56,563 - Processed 13050/86554 images (15.08%)
2025-04-06 06:29:57,290 - Processed 13100/86554 images (15.14%)
2025-04-06 06:29:58,067 - Processed 13150/86554 images (15.19%)
2025-04-06 06:29:58,805 - Processed 13200/86554 images (15.25%)
2025-04-06 06:29:59,543 - Processed 13250/86554 images (15.31%)
2025-04-06 06:30:00,292 - Processed 13300/86554 images (15.37%)
2025-04-06 06:30:01,013 - Processed 13350/86554 images (15.42%)
2025-04-06 06:30:01,173 - Processing class: Apricot 1 -> Apricot
2025-04-06 06:30:01,758 - Processed 13400/86554 images (15.48%)
2025-04-06 06:30:02,511 - Processed 13450/86554 images (15.54%)
2025-04-06 06:30:03,321 - Processed 13500/86554 images (15.60%)
2025-04-06 06:30:04,095 - Processed 13550/86554 images (15.65%)
2025-04-06 06:30:04,831 - Processed 13600/86554 images (15.71%)
2025-04-06 06:30:05,560 - Processed 13650/86554 images (15.77%)
2025-04-06 06:30:06,285 - Processed 13700/86554 images (15.83%)
2025-04-06 06:30:07,010 - Processed 13750/86554 images (15.89%)
2025-04-06 06:30:07,808 - Processed 13800/86554 images (15.94%)
2025-04-06 06:30:08,585 - Processed 13850/86554 images (16.00%)
2025-04-06 06:30:08,630 - Processing class: Avocado 1 -> Avocado
2025-04-06 06:30:09,332 - Processed 13900/86554 images (16.06%)
2025-04-06 06:30:10,075 - Processed 13950/86554 images (16.12%)
2025-04-06 06:30:10,832 - Processed 14000/86554 images (16.17%)
2025-04-06 06:30:11,578 - Processed 14050/86554 images (16.23%)
2025-04-06 06:30:12,324 - Processed 14100/86554 images (16.29%)
2025-04-06 06:30:13,153 - Processed 14150/86554 images (16.35%)
2025-04-06 06:30:13,979 - Processed 14200/86554 images (16.41%)
2025-04-06 06:30:14,738 - Processed 14250/86554 images (16.46%)
2025-04-06 06:30:15,176 - Processing class: Avocado ripe 1 -> Avocado
2025-04-06 06:30:15,469 - Processed 14300/86554 images (16.52%)
2025-04-06 06:30:16,199 - Processed 14350/86554 images (16.58%)
2025-04-06 06:30:17,014 - Processed 14400/86554 images (16.64%)
2025-04-06 06:30:17,758 - Processed 14450/86554 images (16.69%)
2025-04-06 06:30:18,506 - Processed 14500/86554 images (16.75%)
2025-04-06 06:30:19,298 - Processed 14550/86554 images (16.81%)
2025-04-06 06:30:20,039 - Processed 14600/86554 images (16.87%)
2025-04-06 06:30:20,792 - Processed 14650/86554 images (16.93%)
2025-04-06 06:30:21,554 - Processed 14700/86554 images (16.98%)
2025-04-06 06:30:22,366 - Processed 14750/86554 images (17.04%)
2025-04-06 06:30:22,736 - Processing class: Banana 1 -> Banana
2025-04-06 06:30:23,176 - Processed 14800/86554 images (17.10%)
2025-04-06 06:30:23,916 - Processed 14850/86554 images (17.16%)
2025-04-06 06:30:24,652 - Processed 14900/86554 images (17.21%)
2025-04-06 06:30:25,387 - Processed 14950/86554 images (17.27%)
2025-04-06 06:30:26,282 - Processed 15000/86554 images (17.33%)
2025-04-06 06:30:27,029 - Processed 15050/86554 images (17.39%)
2025-04-06 06:30:27,796 - Processed 15100/86554 images (17.45%)
2025-04-06 06:30:28,548 - Processed 15150/86554 images (17.50%)
2025-04-06 06:30:29,295 - Processed 15200/86554 images (17.56%)
2025-04-06 06:30:30,048 - Processed 15250/86554 images (17.62%)
2025-04-06 06:30:30,205 - Processing class: Banana 3 -> Banana
2025-04-06 06:30:30,775 - Processed 15300/86554 images (17.68%)
2025-04-06 06:30:31,491 - Processed 15350/86554 images (17.73%)
2025-04-06 06:30:32,195 - Processed 15400/86554 images (17.79%)
2025-04-06 06:30:32,900 - Processed 15450/86554 images (17.85%)
2025-04-06 06:30:33,536 - Processing class: Banana Lady Finger 1 -> Banana
2025-04-06 06:30:33,625 - Processed 15500/86554 images (17.91%)
2025-04-06 06:30:34,345 - Processed 15550/86554 images (17.97%)
2025-04-06 06:30:35,070 - Processed 15600/86554 images (18.02%)
2025-04-06 06:30:35,785 - Processed 15650/86554 images (18.08%)
2025-04-06 06:30:36,505 - Processed 15700/86554 images (18.14%)
2025-04-06 06:30:37,212 - Processed 15750/86554 images (18.20%)
2025-04-06 06:30:37,945 - Processed 15800/86554 images (18.25%)
2025-04-06 06:30:38,667 - Processed 15850/86554 images (18.31%)
2025-04-06 06:30:39,388 - Processed 15900/86554 images (18.37%)
2025-04-06 06:30:40,018 - Processing class: Banana Red 1 -> Banana
2025-04-06 06:30:40,108 - Processed 15950/86554 images (18.43%)
2025-04-06 06:30:40,821 - Processed 16000/86554 images (18.49%)
2025-04-06 06:30:41,542 - Processed 16050/86554 images (18.54%)
2025-04-06 06:30:42,263 - Processed 16100/86554 images (18.60%)
2025-04-06 06:30:42,983 - Processed 16150/86554 images (18.66%)
2025-04-06 06:30:43,709 - Processed 16200/86554 images (18.72%)
2025-04-06 06:30:44,427 - Processed 16250/86554 images (18.77%)
2025-04-06 06:30:45,134 - Processed 16300/86554 images (18.83%)
2025-04-06 06:30:45,847 - Processed 16350/86554 images (18.89%)
2025-04-06 06:30:46,563 - Processed 16400/86554 images (18.95%)
2025-04-06 06:30:47,047 - Processing class: Beans 1 -> Beans
2025-04-06 06:30:47,276 - Processed 16450/86554 images (19.01%)
2025-04-06 06:30:47,983 - Processed 16500/86554 images (19.06%)
2025-04-06 06:30:48,689 - Processed 16550/86554 images (19.12%)
2025-04-06 06:30:49,402 - Processed 16600/86554 images (19.18%)
2025-04-06 06:30:50,118 - Processed 16650/86554 images (19.24%)
2025-04-06 06:30:50,364 - Processing class: Beetroot 1 -> Beetroot
2025-04-06 06:30:50,833 - Processed 16700/86554 images (19.29%)
2025-04-06 06:30:51,541 - Processed 16750/86554 images (19.35%)
2025-04-06 06:30:52,252 - Processed 16800/86554 images (19.41%)
2025-04-06 06:30:52,966 - Processed 16850/86554 images (19.47%)
2025-04-06 06:30:53,690 - Processed 16900/86554 images (19.53%)
2025-04-06 06:30:54,411 - Processed 16950/86554 images (19.58%)
2025-04-06 06:30:55,120 - Processed 17000/86554 images (19.64%)
2025-04-06 06:30:55,831 - Processed 17050/86554 images (19.70%)
2025-04-06 06:30:56,546 - Processed 17100/86554 images (19.76%)
2025-04-06 06:30:56,788 - Processing class: Blackberrie 1 -> Blackberry
2025-04-06 06:30:57,259 - Processed 17150/86554 images (19.81%)
2025-04-06 06:30:57,977 - Processed 17200/86554 images (19.87%)
2025-04-06 06:30:58,697 - Processed 17250/86554 images (19.93%)
2025-04-06 06:30:59,416 - Processed 17300/86554 images (19.99%)
2025-04-06 06:31:00,139 - Processed 17350/86554 images (20.05%)
2025-04-06 06:31:00,857 - Processed 17400/86554 images (20.10%)
2025-04-06 06:31:01,571 - Processed 17450/86554 images (20.16%)
2025-04-06 06:31:02,278 - Processed 17500/86554 images (20.22%)
2025-04-06 06:31:02,989 - Processed 17550/86554 images (20.28%)
2025-04-06 06:31:03,233 - Processing class: Blackberrie 2 -> Blackberry
2025-04-06 06:31:03,707 - Processed 17600/86554 images (20.33%)
2025-04-06 06:31:04,429 - Processed 17650/86554 images (20.39%)
2025-04-06 06:31:05,136 - Processed 17700/86554 images (20.45%)
2025-04-06 06:31:05,845 - Processed 17750/86554 images (20.51%)
2025-04-06 06:31:06,439 - Processing class: Blackberrie half rippen 1 -> Blackberry
2025-04-06 06:31:06,557 - Processed 17800/86554 images (20.57%)
2025-04-06 06:31:07,274 - Processed 17850/86554 images (20.62%)
2025-04-06 06:31:07,997 - Processed 17900/86554 images (20.68%)
2025-04-06 06:31:08,720 - Processed 17950/86554 images (20.74%)
2025-04-06 06:31:09,441 - Processed 18000/86554 images (20.80%)
2025-04-06 06:31:10,161 - Processed 18050/86554 images (20.85%)
2025-04-06 06:31:10,882 - Processed 18100/86554 images (20.91%)
2025-04-06 06:31:11,599 - Processed 18150/86554 images (20.97%)
2025-04-06 06:31:12,310 - Processed 18200/86554 images (21.03%)
2025-04-06 06:31:12,918 - Processing class: Blackberrie not rippen 1 -> Blackberry
2025-04-06 06:31:13,033 - Processed 18250/86554 images (21.09%)
2025-04-06 06:31:13,750 - Processed 18300/86554 images (21.14%)
2025-04-06 06:31:14,473 - Processed 18350/86554 images (21.20%)
2025-04-06 06:31:15,195 - Processed 18400/86554 images (21.26%)
2025-04-06 06:31:15,915 - Processed 18450/86554 images (21.32%)
2025-04-06 06:31:16,631 - Processed 18500/86554 images (21.37%)
2025-04-06 06:31:17,349 - Processed 18550/86554 images (21.43%)
2025-04-06 06:31:18,071 - Processed 18600/86554 images (21.49%)
2025-04-06 06:31:18,789 - Processed 18650/86554 images (21.55%)
2025-04-06 06:31:19,509 - Processed 18700/86554 images (21.61%)
2025-04-06 06:31:20,224 - Processed 18750/86554 images (21.66%)
2025-04-06 06:31:20,934 - Processed 18800/86554 images (21.72%)
2025-04-06 06:31:21,650 - Processed 18850/86554 images (21.78%)
2025-04-06 06:31:22,367 - Processed 18900/86554 images (21.84%)
2025-04-06 06:31:22,612 - Processing class: Blueberry 1 -> Blueberry
2025-04-06 06:31:23,092 - Processed 18950/86554 images (21.89%)
2025-04-06 06:31:23,805 - Processed 19000/86554 images (21.95%)
2025-04-06 06:31:24,520 - Processed 19050/86554 images (22.01%)
2025-04-06 06:31:25,233 - Processed 19100/86554 images (22.07%)
2025-04-06 06:31:25,944 - Processed 19150/86554 images (22.12%)
2025-04-06 06:31:26,664 - Processed 19200/86554 images (22.18%)
2025-04-06 06:31:27,383 - Processed 19250/86554 images (22.24%)
2025-04-06 06:31:28,093 - Processed 19300/86554 images (22.30%)
2025-04-06 06:31:28,871 - Processed 19350/86554 images (22.36%)
2025-04-06 06:31:29,289 - Processing class: Cabbage red 1 -> Cabbage
2025-04-06 06:31:29,593 - Processed 19400/86554 images (22.41%)
2025-04-06 06:31:30,303 - Processed 19450/86554 images (22.47%)
2025-04-06 06:31:31,014 - Processed 19500/86554 images (22.53%)
2025-04-06 06:31:31,417 - Processing class: Cabbage white 1 -> Cabbage
2025-04-06 06:31:31,735 - Processed 19550/86554 images (22.59%)
2025-04-06 06:31:32,455 - Processed 19600/86554 images (22.64%)
2025-04-06 06:31:33,182 - Processed 19650/86554 images (22.70%)
2025-04-06 06:31:33,505 - Processing class: Cactus fruit 1 -> Cactus fruit
2025-04-06 06:31:33,907 - Processed 19700/86554 images (22.76%)
2025-04-06 06:31:34,619 - Processed 19750/86554 images (22.82%)
2025-04-06 06:31:35,333 - Processed 19800/86554 images (22.88%)
2025-04-06 06:31:36,049 - Processed 19850/86554 images (22.93%)
2025-04-06 06:31:36,767 - Processed 19900/86554 images (22.99%)
2025-04-06 06:31:37,488 - Processed 19950/86554 images (23.05%)
2025-04-06 06:31:38,208 - Processed 20000/86554 images (23.11%)
2025-04-06 06:31:38,923 - Processed 20050/86554 images (23.16%)
2025-04-06 06:31:39,643 - Processed 20100/86554 images (23.22%)
2025-04-06 06:31:40,362 - Processed 20150/86554 images (23.28%)
2025-04-06 06:31:40,537 - Processing class: Cactus fruit green 1 -> Cactus fruit
2025-04-06 06:31:41,078 - Processed 20200/86554 images (23.34%)
2025-04-06 06:31:41,802 - Processed 20250/86554 images (23.40%)
2025-04-06 06:31:42,517 - Processed 20300/86554 images (23.45%)
2025-04-06 06:31:43,255 - Processed 20350/86554 images (23.51%)
2025-04-06 06:31:43,957 - Processed 20400/86554 images (23.57%)
2025-04-06 06:31:44,659 - Processed 20450/86554 images (23.63%)
2025-04-06 06:31:45,359 - Processed 20500/86554 images (23.68%)
2025-04-06 06:31:46,068 - Processed 20550/86554 images (23.74%)
2025-04-06 06:31:46,771 - Processed 20600/86554 images (23.80%)
2025-04-06 06:31:47,472 - Processed 20650/86554 images (23.86%)
2025-04-06 06:31:48,181 - Processed 20700/86554 images (23.92%)
2025-04-06 06:31:48,888 - Processed 20750/86554 images (23.97%)
2025-04-06 06:31:49,591 - Processed 20800/86554 images (24.03%)
2025-04-06 06:31:50,295 - Processed 20850/86554 images (24.09%)
2025-04-06 06:31:50,450 - Processing class: Cactus fruit red 1 -> Cactus fruit
2025-04-06 06:31:50,996 - Processed 20900/86554 images (24.15%)
2025-04-06 06:31:51,698 - Processed 20950/86554 images (24.20%)
2025-04-06 06:31:52,401 - Processed 21000/86554 images (24.26%)
2025-04-06 06:31:53,112 - Processed 21050/86554 images (24.32%)
2025-04-06 06:31:53,822 - Processed 21100/86554 images (24.38%)
2025-04-06 06:31:54,522 - Processed 21150/86554 images (24.44%)
2025-04-06 06:31:55,225 - Processed 21200/86554 images (24.49%)
2025-04-06 06:31:55,928 - Processed 21250/86554 images (24.55%)
2025-04-06 06:31:56,632 - Processed 21300/86554 images (24.61%)
2025-04-06 06:31:57,336 - Processed 21350/86554 images (24.67%)
2025-04-06 06:31:58,045 - Processed 21400/86554 images (24.72%)
2025-04-06 06:31:58,748 - Processed 21450/86554 images (24.78%)
2025-04-06 06:31:59,452 - Processed 21500/86554 images (24.84%)
2025-04-06 06:32:00,157 - Processed 21550/86554 images (24.90%)
2025-04-06 06:32:00,481 - No mapping found for: Caju seed 1. Skipping.
2025-04-06 06:32:00,481 - Processing class: Cantaloupe 1 -> Cantaloupe
2025-04-06 06:32:00,857 - Processed 21600/86554 images (24.96%)
2025-04-06 06:32:01,553 - Processed 21650/86554 images (25.01%)
2025-04-06 06:32:02,253 - Processed 21700/86554 images (25.07%)
2025-04-06 06:32:02,969 - Processed 21750/86554 images (25.13%)
2025-04-06 06:32:03,669 - Processed 21800/86554 images (25.19%)
2025-04-06 06:32:04,412 - Processed 21850/86554 images (25.24%)
2025-04-06 06:32:05,113 - Processed 21900/86554 images (25.30%)
2025-04-06 06:32:05,812 - Processed 21950/86554 images (25.36%)
2025-04-06 06:32:06,544 - Processed 22000/86554 images (25.42%)
2025-04-06 06:32:07,241 - Processed 22050/86554 images (25.48%)
2025-04-06 06:32:07,452 - Processing class: Cantaloupe 2 -> Cantaloupe
2025-04-06 06:32:07,942 - Processed 22100/86554 images (25.53%)
2025-04-06 06:32:08,645 - Processed 22150/86554 images (25.59%)
2025-04-06 06:32:09,344 - Processed 22200/86554 images (25.65%)
2025-04-06 06:32:10,042 - Processed 22250/86554 images (25.71%)
2025-04-06 06:32:10,737 - Processed 22300/86554 images (25.76%)
2025-04-06 06:32:11,440 - Processed 22350/86554 images (25.82%)
2025-04-06 06:32:12,138 - Processed 22400/86554 images (25.88%)
2025-04-06 06:32:12,838 - Processed 22450/86554 images (25.94%)
2025-04-06 06:32:13,543 - Processed 22500/86554 images (26.00%)
2025-04-06 06:32:14,241 - Processed 22550/86554 images (26.05%)
2025-04-06 06:32:14,338 - Processing class: Carambula 1 -> Carambula
2025-04-06 06:32:14,947 - Processed 22600/86554 images (26.11%)
2025-04-06 06:32:15,662 - Processed 22650/86554 images (26.17%)
2025-04-06 06:32:16,381 - Processed 22700/86554 images (26.23%)
2025-04-06 06:32:17,098 - Processed 22750/86554 images (26.28%)
2025-04-06 06:32:17,815 - Processed 22800/86554 images (26.34%)
2025-04-06 06:32:18,544 - Processed 22850/86554 images (26.40%)
2025-04-06 06:32:19,262 - Processed 22900/86554 images (26.46%)
2025-04-06 06:32:19,977 - Processed 22950/86554 images (26.52%)
2025-04-06 06:32:20,692 - Processed 23000/86554 images (26.57%)
2025-04-06 06:32:21,362 - Processing class: Carrot 1 -> Carrot
2025-04-06 06:32:21,408 - Processed 23050/86554 images (26.63%)
2025-04-06 06:32:22,131 - Processed 23100/86554 images (26.69%)
2025-04-06 06:32:22,857 - Processed 23150/86554 images (26.75%)
2025-04-06 06:32:23,556 - Processing class: Cauliflower 1 -> Cauliflower
2025-04-06 06:32:23,585 - Processed 23200/86554 images (26.80%)
2025-04-06 06:32:24,306 - Processed 23250/86554 images (26.86%)
2025-04-06 06:32:25,024 - Processed 23300/86554 images (26.92%)
2025-04-06 06:32:25,737 - Processed 23350/86554 images (26.98%)
2025-04-06 06:32:26,459 - Processed 23400/86554 images (27.04%)
2025-04-06 06:32:27,180 - Processed 23450/86554 images (27.09%)
2025-04-06 06:32:27,894 - Processed 23500/86554 images (27.15%)
2025-04-06 06:32:28,615 - Processed 23550/86554 images (27.21%)
2025-04-06 06:32:29,332 - Processed 23600/86554 images (27.27%)
2025-04-06 06:32:30,040 - Processed 23650/86554 images (27.32%)
2025-04-06 06:32:30,744 - Processed 23700/86554 images (27.38%)
2025-04-06 06:32:31,464 - Processed 23750/86554 images (27.44%)
2025-04-06 06:32:32,182 - Processed 23800/86554 images (27.50%)
2025-04-06 06:32:32,899 - Processed 23850/86554 images (27.56%)
2025-04-06 06:32:33,619 - Processed 23900/86554 images (27.61%)
2025-04-06 06:32:33,620 - Processing class: Cherimoya 1 -> Cherimoya
2025-04-06 06:32:34,343 - Processed 23950/86554 images (27.67%)
2025-04-06 06:32:35,061 - Processed 24000/86554 images (27.73%)
2025-04-06 06:32:35,782 - Processed 24050/86554 images (27.79%)
2025-04-06 06:32:36,500 - Processed 24100/86554 images (27.84%)
2025-04-06 06:32:37,220 - Processed 24150/86554 images (27.90%)
2025-04-06 06:32:37,941 - Processed 24200/86554 images (27.96%)
2025-04-06 06:32:38,661 - Processed 24250/86554 images (28.02%)
2025-04-06 06:32:39,389 - Processed 24300/86554 images (28.07%)
2025-04-06 06:32:40,105 - Processed 24350/86554 images (28.13%)
2025-04-06 06:32:40,820 - Processed 24400/86554 images (28.19%)
2025-04-06 06:32:41,543 - Processed 24450/86554 images (28.25%)
2025-04-06 06:32:42,260 - Processed 24500/86554 images (28.31%)
2025-04-06 06:32:42,988 - Processed 24550/86554 images (28.36%)
2025-04-06 06:32:43,690 - Processed 24600/86554 images (28.42%)
2025-04-06 06:32:44,390 - Processed 24650/86554 images (28.48%)
2025-04-06 06:32:45,092 - Processed 24700/86554 images (28.54%)
2025-04-06 06:32:45,794 - Processed 24750/86554 images (28.59%)
2025-04-06 06:32:46,501 - Processed 24800/86554 images (28.65%)
2025-04-06 06:32:47,203 - Processed 24850/86554 images (28.71%)
2025-04-06 06:32:47,512 - Processing class: Cherry 1 -> Cherry
2025-04-06 06:32:47,907 - Processed 24900/86554 images (28.77%)
2025-04-06 06:32:48,613 - Processed 24950/86554 images (28.83%)
2025-04-06 06:32:49,313 - Processed 25000/86554 images (28.88%)
2025-04-06 06:32:50,008 - Processed 25050/86554 images (28.94%)
2025-04-06 06:32:50,713 - Processed 25100/86554 images (29.00%)
2025-04-06 06:32:51,413 - Processed 25150/86554 images (29.06%)
2025-04-06 06:32:52,120 - Processed 25200/86554 images (29.11%)
2025-04-06 06:32:52,819 - Processed 25250/86554 images (29.17%)
2025-04-06 06:32:53,531 - Processed 25300/86554 images (29.23%)
2025-04-06 06:32:54,231 - Processed 25350/86554 images (29.29%)
2025-04-06 06:32:54,428 - Processing class: Cherry 2 -> Cherry
2025-04-06 06:32:54,931 - Processed 25400/86554 images (29.35%)
2025-04-06 06:32:55,632 - Processed 25450/86554 images (29.40%)
2025-04-06 06:32:56,332 - Processed 25500/86554 images (29.46%)
2025-04-06 06:32:57,035 - Processed 25550/86554 images (29.52%)
2025-04-06 06:32:57,738 - Processed 25600/86554 images (29.58%)
2025-04-06 06:32:58,447 - Processed 25650/86554 images (29.63%)
2025-04-06 06:32:59,146 - Processed 25700/86554 images (29.69%)
2025-04-06 06:32:59,845 - Processed 25750/86554 images (29.75%)
2025-04-06 06:33:00,545 - Processed 25800/86554 images (29.81%)
2025-04-06 06:33:01,242 - Processed 25850/86554 images (29.87%)
2025-04-06 06:33:01,940 - Processed 25900/86554 images (29.92%)
2025-04-06 06:33:02,637 - Processed 25950/86554 images (29.98%)
2025-04-06 06:33:03,342 - Processed 26000/86554 images (30.04%)
2025-04-06 06:33:04,041 - Processed 26050/86554 images (30.10%)
2025-04-06 06:33:04,742 - Processed 26100/86554 images (30.15%)
2025-04-06 06:33:04,771 - Processing class: Cherry Rainier 1 -> Cherry
2025-04-06 06:33:05,444 - Processed 26150/86554 images (30.21%)
2025-04-06 06:33:06,142 - Processed 26200/86554 images (30.27%)
2025-04-06 06:33:06,896 - Processed 26250/86554 images (30.33%)
2025-04-06 06:33:07,597 - Processed 26300/86554 images (30.39%)
2025-04-06 06:33:08,315 - Processed 26350/86554 images (30.44%)
2025-04-06 06:33:09,035 - Processed 26400/86554 images (30.50%)
2025-04-06 06:33:09,754 - Processed 26450/86554 images (30.56%)
2025-04-06 06:33:10,455 - Processed 26500/86554 images (30.62%)
2025-04-06 06:33:11,172 - Processed 26550/86554 images (30.67%)
2025-04-06 06:33:12,038 - Processed 26600/86554 images (30.73%)
2025-04-06 06:33:12,821 - Processed 26650/86554 images (30.79%)
2025-04-06 06:33:13,571 - Processed 26700/86554 images (30.85%)
2025-04-06 06:33:14,376 - Processed 26750/86554 images (30.91%)
2025-04-06 06:33:15,127 - Processed 26800/86554 images (30.96%)
2025-04-06 06:33:15,714 - Processing class: Cherry Wax Black 1 -> Cherry
2025-04-06 06:33:15,864 - Processed 26850/86554 images (31.02%)
2025-04-06 06:33:16,600 - Processed 26900/86554 images (31.08%)
2025-04-06 06:33:17,340 - Processed 26950/86554 images (31.14%)
2025-04-06 06:33:18,178 - Processed 27000/86554 images (31.19%)
2025-04-06 06:33:18,923 - Processed 27050/86554 images (31.25%)
2025-04-06 06:33:19,678 - Processed 27100/86554 images (31.31%)
2025-04-06 06:33:20,441 - Processed 27150/86554 images (31.37%)
2025-04-06 06:33:21,172 - Processed 27200/86554 images (31.43%)
2025-04-06 06:33:21,895 - Processed 27250/86554 images (31.48%)
2025-04-06 06:33:22,617 - Processed 27300/86554 images (31.54%)
2025-04-06 06:33:23,081 - Processing class: Cherry Wax not rippen 1 -> Cherry
2025-04-06 06:33:23,344 - Processed 27350/86554 images (31.60%)
2025-04-06 06:33:24,066 - Processed 27400/86554 images (31.66%)
2025-04-06 06:33:24,785 - Processed 27450/86554 images (31.71%)
2025-04-06 06:33:25,503 - Processed 27500/86554 images (31.77%)
2025-04-06 06:33:26,221 - Processed 27550/86554 images (31.83%)
2025-04-06 06:33:26,944 - Processed 27600/86554 images (31.89%)
2025-04-06 06:33:27,663 - Processed 27650/86554 images (31.95%)
2025-04-06 06:33:28,384 - Processed 27700/86554 images (32.00%)
2025-04-06 06:33:29,105 - Processed 27750/86554 images (32.06%)
2025-04-06 06:33:29,827 - Processed 27800/86554 images (32.12%)
2025-04-06 06:33:30,539 - Processed 27850/86554 images (32.18%)
2025-04-06 06:33:31,243 - Processed 27900/86554 images (32.23%)
2025-04-06 06:33:31,956 - Processed 27950/86554 images (32.29%)
2025-04-06 06:33:32,665 - Processed 28000/86554 images (32.35%)
2025-04-06 06:33:32,766 - Processing class: Cherry Wax Red 1 -> Cherry
2025-04-06 06:33:33,380 - Processed 28050/86554 images (32.41%)
2025-04-06 06:33:34,081 - Processed 28100/86554 images (32.47%)
2025-04-06 06:33:34,783 - Processed 28150/86554 images (32.52%)
2025-04-06 06:33:35,495 - Processed 28200/86554 images (32.58%)
2025-04-06 06:33:36,206 - Processed 28250/86554 images (32.64%)
2025-04-06 06:33:36,922 - Processed 28300/86554 images (32.70%)
2025-04-06 06:33:37,636 - Processed 28350/86554 images (32.75%)
2025-04-06 06:33:38,348 - Processed 28400/86554 images (32.81%)
2025-04-06 06:33:39,064 - Processed 28450/86554 images (32.87%)
2025-04-06 06:33:39,764 - Processing class: Cherry Wax Yellow 1 -> Cherry
2025-04-06 06:33:39,779 - Processed 28500/86554 images (32.93%)
2025-04-06 06:33:40,488 - Processed 28550/86554 images (32.99%)
2025-04-06 06:33:41,202 - Processed 28600/86554 images (33.04%)
2025-04-06 06:33:41,921 - Processed 28650/86554 images (33.10%)
2025-04-06 06:33:42,633 - Processed 28700/86554 images (33.16%)
2025-04-06 06:33:43,362 - Processed 28750/86554 images (33.22%)
2025-04-06 06:33:44,086 - Processed 28800/86554 images (33.27%)
2025-04-06 06:33:44,819 - Processed 28850/86554 images (33.33%)
2025-04-06 06:33:45,606 - Processed 28900/86554 images (33.39%)
2025-04-06 06:33:46,402 - Processed 28950/86554 images (33.45%)
2025-04-06 06:33:46,993 - Processing class: Chestnut 1 -> Chestnut
2025-04-06 06:33:47,123 - Processed 29000/86554 images (33.51%)
2025-04-06 06:33:47,847 - Processed 29050/86554 images (33.56%)
2025-04-06 06:33:48,571 - Processed 29100/86554 images (33.62%)
2025-04-06 06:33:49,284 - Processed 29150/86554 images (33.68%)
2025-04-06 06:33:49,995 - Processed 29200/86554 images (33.74%)
2025-04-06 06:33:50,715 - Processed 29250/86554 images (33.79%)
2025-04-06 06:33:51,423 - Processed 29300/86554 images (33.85%)
2025-04-06 06:33:52,142 - Processed 29350/86554 images (33.91%)
2025-04-06 06:33:52,854 - Processed 29400/86554 images (33.97%)
2025-04-06 06:33:53,446 - Processing class: Clementine 1 -> Clementine
2025-04-06 06:33:53,578 - Processed 29450/86554 images (34.03%)
2025-04-06 06:33:54,289 - Processed 29500/86554 images (34.08%)
2025-04-06 06:33:54,997 - Processed 29550/86554 images (34.14%)
2025-04-06 06:33:55,706 - Processed 29600/86554 images (34.20%)
2025-04-06 06:33:56,416 - Processed 29650/86554 images (34.26%)
2025-04-06 06:33:57,129 - Processed 29700/86554 images (34.31%)
2025-04-06 06:33:57,839 - Processed 29750/86554 images (34.37%)
2025-04-06 06:33:58,553 - Processed 29800/86554 images (34.43%)
2025-04-06 06:33:59,270 - Processed 29850/86554 images (34.49%)
2025-04-06 06:33:59,978 - Processed 29900/86554 images (34.54%)
2025-04-06 06:34:00,422 - Processing class: Cocos 1 -> Coconut
2025-04-06 06:34:00,693 - Processed 29950/86554 images (34.60%)
2025-04-06 06:34:01,403 - Processed 30000/86554 images (34.66%)
2025-04-06 06:34:02,116 - Processed 30050/86554 images (34.72%)
2025-04-06 06:34:02,827 - Processed 30100/86554 images (34.78%)
2025-04-06 06:34:03,542 - Processed 30150/86554 images (34.83%)
2025-04-06 06:34:04,251 - Processed 30200/86554 images (34.89%)
2025-04-06 06:34:04,958 - Processed 30250/86554 images (34.95%)
2025-04-06 06:34:05,671 - Processed 30300/86554 images (35.01%)
2025-04-06 06:34:06,369 - Processed 30350/86554 images (35.06%)
2025-04-06 06:34:07,076 - Processed 30400/86554 images (35.12%)
2025-04-06 06:34:07,374 - Processing class: Corn 1 -> Corn
2025-04-06 06:34:07,787 - Processed 30450/86554 images (35.18%)
2025-04-06 06:34:08,508 - Processed 30500/86554 images (35.24%)
2025-04-06 06:34:09,224 - Processed 30550/86554 images (35.30%)
2025-04-06 06:34:09,941 - Processed 30600/86554 images (35.35%)
2025-04-06 06:34:10,654 - Processed 30650/86554 images (35.41%)
2025-04-06 06:34:11,370 - Processed 30700/86554 images (35.47%)
2025-04-06 06:34:12,087 - Processed 30750/86554 images (35.53%)
2025-04-06 06:34:12,804 - Processed 30800/86554 images (35.58%)
2025-04-06 06:34:13,540 - Processed 30850/86554 images (35.64%)
2025-04-06 06:34:13,841 - Processing class: Corn Husk 1 -> Corn
2025-04-06 06:34:14,251 - Processed 30900/86554 images (35.70%)
2025-04-06 06:34:14,967 - Processed 30950/86554 images (35.76%)
2025-04-06 06:34:15,678 - Processed 31000/86554 images (35.82%)
2025-04-06 06:34:16,409 - Processed 31050/86554 images (35.87%)
2025-04-06 06:34:17,117 - Processed 31100/86554 images (35.93%)
2025-04-06 06:34:17,831 - Processed 31150/86554 images (35.99%)
2025-04-06 06:34:18,569 - Processed 31200/86554 images (36.05%)
2025-04-06 06:34:19,297 - Processed 31250/86554 images (36.10%)
2025-04-06 06:34:20,029 - Processed 31300/86554 images (36.16%)
2025-04-06 06:34:20,504 - Processing class: Cucumber 1 -> Cucumber
2025-04-06 06:34:20,756 - Processed 31350/86554 images (36.22%)
2025-04-06 06:34:21,483 - Processed 31400/86554 images (36.28%)
2025-04-06 06:34:22,216 - Processed 31450/86554 images (36.34%)
2025-04-06 06:34:22,700 - Processing class: Cucumber 10 -> Cucumber
2025-04-06 06:34:22,945 - Processed 31500/86554 images (36.39%)
2025-04-06 06:34:23,681 - Processed 31550/86554 images (36.45%)
2025-04-06 06:34:24,407 - Processed 31600/86554 images (36.51%)
2025-04-06 06:34:25,136 - Processed 31650/86554 images (36.57%)
2025-04-06 06:34:25,857 - Processed 31700/86554 images (36.62%)
2025-04-06 06:34:26,588 - Processed 31750/86554 images (36.68%)
2025-04-06 06:34:27,319 - Processed 31800/86554 images (36.74%)
2025-04-06 06:34:28,040 - Processed 31850/86554 images (36.80%)
2025-04-06 06:34:28,773 - Processed 31900/86554 images (36.86%)
2025-04-06 06:34:29,573 - Processed 31950/86554 images (36.91%)
2025-04-06 06:34:30,295 - Processed 32000/86554 images (36.97%)
2025-04-06 06:34:31,015 - Processed 32050/86554 images (37.03%)
2025-04-06 06:34:31,740 - Processed 32100/86554 images (37.09%)
2025-04-06 06:34:32,461 - Processed 32150/86554 images (37.14%)
2025-04-06 06:34:33,192 - Processed 32200/86554 images (37.20%)
2025-04-06 06:34:33,238 - Processing class: Cucumber 3 -> Cucumber
2025-04-06 06:34:33,933 - Processed 32250/86554 images (37.26%)
2025-04-06 06:34:34,668 - Processed 32300/86554 images (37.32%)
2025-04-06 06:34:35,400 - Processed 32350/86554 images (37.38%)
2025-04-06 06:34:36,133 - Processed 32400/86554 images (37.43%)
2025-04-06 06:34:36,826 - Processing class: Cucumber 9 -> Cucumber
2025-04-06 06:34:36,873 - Processed 32450/86554 images (37.49%)
2025-04-06 06:34:37,601 - Processed 32500/86554 images (37.55%)
2025-04-06 06:34:38,331 - Processed 32550/86554 images (37.61%)
2025-04-06 06:34:39,058 - Processed 32600/86554 images (37.66%)
2025-04-06 06:34:39,787 - Processed 32650/86554 images (37.72%)
2025-04-06 06:34:40,518 - Processed 32700/86554 images (37.78%)
2025-04-06 06:34:41,243 - Processed 32750/86554 images (37.84%)
2025-04-06 06:34:41,969 - Processed 32800/86554 images (37.90%)
2025-04-06 06:34:42,692 - Processed 32850/86554 images (37.95%)
2025-04-06 06:34:43,415 - Processed 32900/86554 images (38.01%)
2025-04-06 06:34:43,633 - Processing class: Cucumber Ripe 1 -> Cucumber
2025-04-06 06:34:44,140 - Processed 32950/86554 images (38.07%)
2025-04-06 06:34:44,858 - Processed 33000/86554 images (38.13%)
2025-04-06 06:34:45,572 - Processed 33050/86554 images (38.18%)
2025-04-06 06:34:46,280 - Processed 33100/86554 images (38.24%)
2025-04-06 06:34:46,998 - Processed 33150/86554 images (38.30%)
2025-04-06 06:34:47,722 - Processed 33200/86554 images (38.36%)
2025-04-06 06:34:48,444 - Processed 33250/86554 images (38.42%)
2025-04-06 06:34:49,171 - Processed 33300/86554 images (38.47%)
2025-04-06 06:34:49,272 - Processing class: Cucumber Ripe 2 -> Cucumber
2025-04-06 06:34:49,900 - Processed 33350/86554 images (38.53%)
2025-04-06 06:34:50,624 - Processed 33400/86554 images (38.59%)
2025-04-06 06:34:51,383 - Processed 33450/86554 images (38.65%)
2025-04-06 06:34:52,096 - Processed 33500/86554 images (38.70%)
2025-04-06 06:34:52,811 - Processed 33550/86554 images (38.76%)
2025-04-06 06:34:53,536 - Processed 33600/86554 images (38.82%)
2025-04-06 06:34:54,255 - Processed 33650/86554 images (38.88%)
2025-04-06 06:34:54,976 - Processed 33700/86554 images (38.94%)
2025-04-06 06:34:55,693 - Processed 33750/86554 images (38.99%)
2025-04-06 06:34:56,052 - Processing class: Dates 1 -> Dates
2025-04-06 06:34:56,411 - Processed 33800/86554 images (39.05%)
2025-04-06 06:34:57,244 - Processed 33850/86554 images (39.11%)
2025-04-06 06:34:58,022 - Processed 33900/86554 images (39.17%)
2025-04-06 06:34:58,760 - Processed 33950/86554 images (39.22%)
2025-04-06 06:34:59,524 - Processed 34000/86554 images (39.28%)
2025-04-06 06:35:00,289 - Processed 34050/86554 images (39.34%)
2025-04-06 06:35:01,026 - Processed 34100/86554 images (39.40%)
2025-04-06 06:35:01,766 - Processed 34150/86554 images (39.46%)
2025-04-06 06:35:02,498 - Processed 34200/86554 images (39.51%)
2025-04-06 06:35:03,243 - Processed 34250/86554 images (39.57%)
2025-04-06 06:35:03,468 - Processing class: Eggplant 1 -> Eggplant
2025-04-06 06:35:03,987 - Processed 34300/86554 images (39.63%)
2025-04-06 06:35:04,735 - Processed 34350/86554 images (39.69%)
2025-04-06 06:35:05,482 - Processed 34400/86554 images (39.74%)
2025-04-06 06:35:06,217 - Processed 34450/86554 images (39.80%)
2025-04-06 06:35:06,961 - Processed 34500/86554 images (39.86%)
2025-04-06 06:35:07,719 - Processed 34550/86554 images (39.92%)
2025-04-06 06:35:08,489 - Processed 34600/86554 images (39.98%)
2025-04-06 06:35:09,234 - Processed 34650/86554 images (40.03%)
2025-04-06 06:35:09,981 - Processed 34700/86554 images (40.09%)
2025-04-06 06:35:10,466 - Processing class: Eggplant long 1 -> Eggplant
2025-04-06 06:35:10,725 - Processed 34750/86554 images (40.15%)
2025-04-06 06:35:11,475 - Processed 34800/86554 images (40.21%)
2025-04-06 06:35:12,210 - Processed 34850/86554 images (40.26%)
2025-04-06 06:35:12,937 - Processed 34900/86554 images (40.32%)
2025-04-06 06:35:13,668 - Processed 34950/86554 images (40.38%)
2025-04-06 06:35:14,004 - Processing class: Fig 1 -> Fig
2025-04-06 06:35:14,400 - Processed 35000/86554 images (40.44%)
2025-04-06 06:35:15,125 - Processed 35050/86554 images (40.49%)
2025-04-06 06:35:15,841 - Processed 35100/86554 images (40.55%)
2025-04-06 06:35:16,560 - Processed 35150/86554 images (40.61%)
2025-04-06 06:35:17,284 - Processed 35200/86554 images (40.67%)
2025-04-06 06:35:18,008 - Processed 35250/86554 images (40.73%)
2025-04-06 06:35:18,732 - Processed 35300/86554 images (40.78%)
2025-04-06 06:35:19,446 - Processed 35350/86554 images (40.84%)
2025-04-06 06:35:20,154 - Processed 35400/86554 images (40.90%)
2025-04-06 06:35:20,859 - Processed 35450/86554 images (40.96%)
2025-04-06 06:35:21,572 - Processed 35500/86554 images (41.01%)
2025-04-06 06:35:22,281 - Processed 35550/86554 images (41.07%)
2025-04-06 06:35:23,001 - Processed 35600/86554 images (41.13%)
2025-04-06 06:35:23,734 - Processed 35650/86554 images (41.19%)
2025-04-06 06:35:24,096 - Processing class: Ginger Root 1 -> Ginger
2025-04-06 06:35:24,455 - Processed 35700/86554 images (41.25%)
2025-04-06 06:35:25,169 - Processed 35750/86554 images (41.30%)
2025-04-06 06:35:25,892 - Processed 35800/86554 images (41.36%)
2025-04-06 06:35:26,616 - Processed 35850/86554 images (41.42%)
2025-04-06 06:35:27,344 - Processed 35900/86554 images (41.48%)
2025-04-06 06:35:28,066 - Processed 35950/86554 images (41.53%)
2025-04-06 06:35:28,391 - Processing class: Gooseberry 1 -> Gooseberry
2025-04-06 06:35:28,801 - Processed 36000/86554 images (41.59%)
2025-04-06 06:35:29,523 - Processed 36050/86554 images (41.65%)
2025-04-06 06:35:30,244 - Processed 36100/86554 images (41.71%)
2025-04-06 06:35:30,963 - Processed 36150/86554 images (41.77%)
2025-04-06 06:35:31,682 - Processed 36200/86554 images (41.82%)
2025-04-06 06:35:32,408 - Processed 36250/86554 images (41.88%)
2025-04-06 06:35:33,134 - Processed 36300/86554 images (41.94%)
2025-04-06 06:35:33,865 - Processed 36350/86554 images (42.00%)
2025-04-06 06:35:34,763 - Processed 36400/86554 images (42.05%)
2025-04-06 06:35:35,331 - Processing class: Granadilla 1 -> Granadilla
2025-04-06 06:35:35,514 - Processed 36450/86554 images (42.11%)
2025-04-06 06:35:36,253 - Processed 36500/86554 images (42.17%)
2025-04-06 06:35:36,986 - Processed 36550/86554 images (42.23%)
2025-04-06 06:35:37,731 - Processed 36600/86554 images (42.29%)
2025-04-06 06:35:38,494 - Processed 36650/86554 images (42.34%)
2025-04-06 06:35:39,250 - Processed 36700/86554 images (42.40%)
2025-04-06 06:35:39,994 - Processed 36750/86554 images (42.46%)
2025-04-06 06:35:40,733 - Processed 36800/86554 images (42.52%)
2025-04-06 06:35:41,534 - Processed 36850/86554 images (42.57%)
2025-04-06 06:35:42,332 - Processed 36900/86554 images (42.63%)
2025-04-06 06:35:42,760 - Processing class: Grape Blue 1 -> Grape
2025-04-06 06:35:43,102 - Processed 36950/86554 images (42.69%)
2025-04-06 06:35:43,931 - Processed 37000/86554 images (42.75%)
2025-04-06 06:35:44,673 - Processed 37050/86554 images (42.81%)
2025-04-06 06:35:45,410 - Processed 37100/86554 images (42.86%)
2025-04-06 06:35:46,162 - Processed 37150/86554 images (42.92%)
2025-04-06 06:35:46,940 - Processed 37200/86554 images (42.98%)
2025-04-06 06:35:47,685 - Processed 37250/86554 images (43.04%)
2025-04-06 06:35:48,444 - Processed 37300/86554 images (43.09%)
2025-04-06 06:35:49,202 - Processed 37350/86554 images (43.15%)
2025-04-06 06:35:49,950 - Processed 37400/86554 images (43.21%)
2025-04-06 06:35:50,698 - Processed 37450/86554 images (43.27%)
2025-04-06 06:35:51,451 - Processed 37500/86554 images (43.33%)
2025-04-06 06:35:52,205 - Processed 37550/86554 images (43.38%)
2025-04-06 06:35:52,956 - Processed 37600/86554 images (43.44%)
2025-04-06 06:35:53,751 - Processed 37650/86554 images (43.50%)
2025-04-06 06:35:54,509 - Processed 37700/86554 images (43.56%)
2025-04-06 06:35:55,267 - Processed 37750/86554 images (43.61%)
2025-04-06 06:35:56,021 - Processed 37800/86554 images (43.67%)
2025-04-06 06:35:56,772 - Processed 37850/86554 images (43.73%)
2025-04-06 06:35:57,525 - Processed 37900/86554 images (43.79%)
2025-04-06 06:35:57,707 - Processing class: Grape Pink 1 -> Grape
2025-04-06 06:35:58,288 - Processed 37950/86554 images (43.85%)
2025-04-06 06:35:59,044 - Processed 38000/86554 images (43.90%)
2025-04-06 06:35:59,797 - Processed 38050/86554 images (43.96%)
2025-04-06 06:36:00,558 - Processed 38100/86554 images (44.02%)
2025-04-06 06:36:01,346 - Processed 38150/86554 images (44.08%)
2025-04-06 06:36:02,096 - Processed 38200/86554 images (44.13%)
2025-04-06 06:36:02,839 - Processed 38250/86554 images (44.19%)
2025-04-06 06:36:03,587 - Processed 38300/86554 images (44.25%)
2025-04-06 06:36:04,336 - Processed 38350/86554 images (44.31%)
2025-04-06 06:36:05,095 - Processed 38400/86554 images (44.37%)
2025-04-06 06:36:05,162 - Processing class: Grape White 1 -> Grape
2025-04-06 06:36:05,850 - Processed 38450/86554 images (44.42%)
2025-04-06 06:36:06,606 - Processed 38500/86554 images (44.48%)
2025-04-06 06:36:07,348 - Processed 38550/86554 images (44.54%)
2025-04-06 06:36:08,103 - Processed 38600/86554 images (44.60%)
2025-04-06 06:36:08,862 - Processed 38650/86554 images (44.65%)
2025-04-06 06:36:09,621 - Processed 38700/86554 images (44.71%)
2025-04-06 06:36:10,349 - Processed 38750/86554 images (44.77%)
2025-04-06 06:36:11,088 - Processed 38800/86554 images (44.83%)
2025-04-06 06:36:11,831 - Processed 38850/86554 images (44.89%)
2025-04-06 06:36:12,525 - Processing class: Grape White 2 -> Grape
2025-04-06 06:36:12,616 - Processed 38900/86554 images (44.94%)
2025-04-06 06:36:13,369 - Processed 38950/86554 images (45.00%)
2025-04-06 06:36:14,108 - Processed 39000/86554 images (45.06%)
2025-04-06 06:36:14,845 - Processed 39050/86554 images (45.12%)
2025-04-06 06:36:15,583 - Processed 39100/86554 images (45.17%)
2025-04-06 06:36:16,317 - Processed 39150/86554 images (45.23%)
2025-04-06 06:36:17,062 - Processed 39200/86554 images (45.29%)
2025-04-06 06:36:17,800 - Processed 39250/86554 images (45.35%)
2025-04-06 06:36:18,545 - Processed 39300/86554 images (45.41%)
2025-04-06 06:36:19,291 - Processed 39350/86554 images (45.46%)
2025-04-06 06:36:19,795 - Processing class: Grape White 3 -> Grape
2025-04-06 06:36:20,032 - Processed 39400/86554 images (45.52%)
2025-04-06 06:36:20,784 - Processed 39450/86554 images (45.58%)
2025-04-06 06:36:21,532 - Processed 39500/86554 images (45.64%)
2025-04-06 06:36:22,278 - Processed 39550/86554 images (45.69%)
2025-04-06 06:36:23,034 - Processed 39600/86554 images (45.75%)
2025-04-06 06:36:23,829 - Processed 39650/86554 images (45.81%)
2025-04-06 06:36:24,581 - Processed 39700/86554 images (45.87%)
2025-04-06 06:36:25,333 - Processed 39750/86554 images (45.93%)
2025-04-06 06:36:26,066 - Processed 39800/86554 images (45.98%)
2025-04-06 06:36:26,813 - Processed 39850/86554 images (46.04%)
2025-04-06 06:36:27,202 - Processing class: Grape White 4 -> Grape
2025-04-06 06:36:27,558 - Processed 39900/86554 images (46.10%)
2025-04-06 06:36:28,299 - Processed 39950/86554 images (46.16%)
2025-04-06 06:36:29,037 - Processed 40000/86554 images (46.21%)
2025-04-06 06:36:29,779 - Processed 40050/86554 images (46.27%)
2025-04-06 06:36:30,518 - Processed 40100/86554 images (46.33%)
2025-04-06 06:36:31,256 - Processed 40150/86554 images (46.39%)
2025-04-06 06:36:31,991 - Processed 40200/86554 images (46.44%)
2025-04-06 06:36:32,737 - Processed 40250/86554 images (46.50%)
2025-04-06 06:36:33,487 - Processed 40300/86554 images (46.56%)
2025-04-06 06:36:34,226 - Processing class: Grapefruit Pink 1 -> Grapefruit
2025-04-06 06:36:34,272 - Processed 40350/86554 images (46.62%)
2025-04-06 06:36:35,021 - Processed 40400/86554 images (46.68%)
2025-04-06 06:36:35,766 - Processed 40450/86554 images (46.73%)
2025-04-06 06:36:36,511 - Processed 40500/86554 images (46.79%)
2025-04-06 06:36:37,251 - Processed 40550/86554 images (46.85%)
2025-04-06 06:36:37,994 - Processed 40600/86554 images (46.91%)
2025-04-06 06:36:38,734 - Processed 40650/86554 images (46.96%)
2025-04-06 06:36:39,480 - Processed 40700/86554 images (47.02%)
2025-04-06 06:36:40,238 - Processed 40750/86554 images (47.08%)
2025-04-06 06:36:40,979 - Processed 40800/86554 images (47.14%)
2025-04-06 06:36:41,556 - Processing class: Grapefruit White 1 -> Grapefruit
2025-04-06 06:36:41,747 - Processed 40850/86554 images (47.20%)
2025-04-06 06:36:42,490 - Processed 40900/86554 images (47.25%)
2025-04-06 06:36:43,243 - Processed 40950/86554 images (47.31%)
2025-04-06 06:36:43,978 - Processed 41000/86554 images (47.37%)
2025-04-06 06:36:44,708 - Processed 41050/86554 images (47.43%)
2025-04-06 06:36:45,444 - Processed 41100/86554 images (47.48%)
2025-04-06 06:36:46,183 - Processed 41150/86554 images (47.54%)
2025-04-06 06:36:46,929 - Processed 41200/86554 images (47.60%)
2025-04-06 06:36:47,680 - Processed 41250/86554 images (47.66%)
2025-04-06 06:36:48,427 - Processed 41300/86554 images (47.72%)
2025-04-06 06:36:48,866 - Processing class: Guava 1 -> Guava
2025-04-06 06:36:49,177 - Processed 41350/86554 images (47.77%)
2025-04-06 06:36:49,913 - Processed 41400/86554 images (47.83%)
2025-04-06 06:36:50,717 - Processed 41450/86554 images (47.89%)
2025-04-06 06:36:51,451 - Processed 41500/86554 images (47.95%)
2025-04-06 06:36:52,183 - Processed 41550/86554 images (48.00%)
2025-04-06 06:36:52,918 - Processed 41600/86554 images (48.06%)
2025-04-06 06:36:53,662 - Processed 41650/86554 images (48.12%)
2025-04-06 06:36:54,399 - Processed 41700/86554 images (48.18%)
2025-04-06 06:36:55,130 - Processed 41750/86554 images (48.24%)
2025-04-06 06:36:55,867 - Processed 41800/86554 images (48.29%)
2025-04-06 06:36:56,140 - Processing class: Hazelnut 1 -> Hazelnut
2025-04-06 06:36:56,590 - Processed 41850/86554 images (48.35%)
2025-04-06 06:36:57,338 - Processed 41900/86554 images (48.41%)
2025-04-06 06:36:58,086 - Processed 41950/86554 images (48.47%)
2025-04-06 06:36:58,832 - Processed 42000/86554 images (48.52%)
2025-04-06 06:36:59,632 - Processed 42050/86554 images (48.58%)
2025-04-06 06:37:00,379 - Processed 42100/86554 images (48.64%)
2025-04-06 06:37:01,118 - Processed 42150/86554 images (48.70%)
2025-04-06 06:37:01,869 - Processed 42200/86554 images (48.76%)
2025-04-06 06:37:02,606 - Processed 42250/86554 images (48.81%)
2025-04-06 06:37:03,102 - Processing class: Huckleberry 1 -> Huckleberry
2025-04-06 06:37:03,359 - Processed 42300/86554 images (48.87%)
2025-04-06 06:37:04,095 - Processed 42350/86554 images (48.93%)
2025-04-06 06:37:04,838 - Processed 42400/86554 images (48.99%)
2025-04-06 06:37:05,574 - Processed 42450/86554 images (49.04%)
2025-04-06 06:37:06,322 - Processed 42500/86554 images (49.10%)
2025-04-06 06:37:07,110 - Processed 42550/86554 images (49.16%)
2025-04-06 06:37:07,856 - Processed 42600/86554 images (49.22%)
2025-04-06 06:37:08,604 - Processed 42650/86554 images (49.28%)
2025-04-06 06:37:09,348 - Processed 42700/86554 images (49.33%)
2025-04-06 06:37:10,089 - Processed 42750/86554 images (49.39%)
2025-04-06 06:37:10,430 - Processing class: Kaki 1 -> Kaki
2025-04-06 06:37:10,832 - Processed 42800/86554 images (49.45%)
2025-04-06 06:37:11,572 - Processed 42850/86554 images (49.51%)
2025-04-06 06:37:12,305 - Processed 42900/86554 images (49.56%)
2025-04-06 06:37:13,052 - Processed 42950/86554 images (49.62%)
2025-04-06 06:37:13,796 - Processed 43000/86554 images (49.68%)
2025-04-06 06:37:14,537 - Processed 43050/86554 images (49.74%)
2025-04-06 06:37:15,268 - Processed 43100/86554 images (49.80%)
2025-04-06 06:37:16,005 - Processed 43150/86554 images (49.85%)
2025-04-06 06:37:16,738 - Processed 43200/86554 images (49.91%)
2025-04-06 06:37:17,530 - Processed 43250/86554 images (49.97%)
2025-04-06 06:37:17,721 - Processing class: Kiwi 1 -> Kiwi
2025-04-06 06:37:18,271 - Processed 43300/86554 images (50.03%)
2025-04-06 06:37:19,015 - Processed 43350/86554 images (50.08%)
2025-04-06 06:37:19,747 - Processed 43400/86554 images (50.14%)
2025-04-06 06:37:20,494 - Processed 43450/86554 images (50.20%)
2025-04-06 06:37:21,226 - Processed 43500/86554 images (50.26%)
2025-04-06 06:37:21,961 - Processed 43550/86554 images (50.32%)
2025-04-06 06:37:22,699 - Processed 43600/86554 images (50.37%)
2025-04-06 06:37:23,433 - Processed 43650/86554 images (50.43%)
2025-04-06 06:37:24,180 - Processed 43700/86554 images (50.49%)
2025-04-06 06:37:24,615 - Processing class: Kohlrabi 1 -> Kohlrabi
2025-04-06 06:37:24,920 - Processed 43750/86554 images (50.55%)
2025-04-06 06:37:25,643 - Processed 43800/86554 images (50.60%)
2025-04-06 06:37:26,424 - Processed 43850/86554 images (50.66%)
2025-04-06 06:37:27,169 - Processed 43900/86554 images (50.72%)
2025-04-06 06:37:27,906 - Processed 43950/86554 images (50.78%)
2025-04-06 06:37:28,644 - Processed 44000/86554 images (50.84%)
2025-04-06 06:37:29,389 - Processed 44050/86554 images (50.89%)
2025-04-06 06:37:30,116 - Processed 44100/86554 images (50.95%)
2025-04-06 06:37:30,854 - Processed 44150/86554 images (51.01%)
2025-04-06 06:37:31,581 - Processed 44200/86554 images (51.07%)
2025-04-06 06:37:31,583 - Processing class: Kumquats 1 -> Kumquat
2025-04-06 06:37:32,325 - Processed 44250/86554 images (51.12%)
2025-04-06 06:37:33,059 - Processed 44300/86554 images (51.18%)
2025-04-06 06:37:33,807 - Processed 44350/86554 images (51.24%)
2025-04-06 06:37:34,552 - Processed 44400/86554 images (51.30%)
2025-04-06 06:37:35,279 - Processed 44450/86554 images (51.36%)
2025-04-06 06:37:36,007 - Processed 44500/86554 images (51.41%)
2025-04-06 06:37:36,758 - Processed 44550/86554 images (51.47%)
2025-04-06 06:37:37,544 - Processed 44600/86554 images (51.53%)
2025-04-06 06:37:38,292 - Processed 44650/86554 images (51.59%)
2025-04-06 06:37:38,885 - Processing class: Lemon 1 -> Lemon
2025-04-06 06:37:39,034 - Processed 44700/86554 images (51.64%)
2025-04-06 06:37:39,756 - Processed 44750/86554 images (51.70%)
2025-04-06 06:37:40,491 - Processed 44800/86554 images (51.76%)
2025-04-06 06:37:41,228 - Processed 44850/86554 images (51.82%)
2025-04-06 06:37:41,967 - Processed 44900/86554 images (51.88%)
2025-04-06 06:37:42,711 - Processed 44950/86554 images (51.93%)
2025-04-06 06:37:43,460 - Processed 45000/86554 images (51.99%)
2025-04-06 06:37:44,218 - Processed 45050/86554 images (52.05%)
2025-04-06 06:37:44,960 - Processed 45100/86554 images (52.11%)
2025-04-06 06:37:45,717 - Processed 45150/86554 images (52.16%)
2025-04-06 06:37:46,195 - Processing class: Lemon Meyer 1 -> Lemon
2025-04-06 06:37:46,512 - Processed 45200/86554 images (52.22%)
2025-04-06 06:37:47,249 - Processed 45250/86554 images (52.28%)
2025-04-06 06:37:47,998 - Processed 45300/86554 images (52.34%)
2025-04-06 06:37:48,731 - Processed 45350/86554 images (52.40%)
2025-04-06 06:37:49,470 - Processed 45400/86554 images (52.45%)
2025-04-06 06:37:50,214 - Processed 45450/86554 images (52.51%)
2025-04-06 06:37:50,950 - Processed 45500/86554 images (52.57%)
2025-04-06 06:37:51,689 - Processed 45550/86554 images (52.63%)
2025-04-06 06:37:52,431 - Processed 45600/86554 images (52.68%)
2025-04-06 06:37:53,181 - Processed 45650/86554 images (52.74%)
2025-04-06 06:37:53,509 - Processing class: Limes 1 -> Lime
2025-04-06 06:37:53,967 - Processed 45700/86554 images (52.80%)
2025-04-06 06:37:54,714 - Processed 45750/86554 images (52.86%)
2025-04-06 06:37:55,439 - Processed 45800/86554 images (52.91%)
2025-04-06 06:37:56,166 - Processed 45850/86554 images (52.97%)
2025-04-06 06:37:56,894 - Processed 45900/86554 images (53.03%)
2025-04-06 06:37:57,631 - Processed 45950/86554 images (53.09%)
2025-04-06 06:37:58,370 - Processed 46000/86554 images (53.15%)
2025-04-06 06:37:59,118 - Processed 46050/86554 images (53.20%)
2025-04-06 06:37:59,850 - Processed 46100/86554 images (53.26%)
2025-04-06 06:38:00,592 - Processed 46150/86554 images (53.32%)
2025-04-06 06:38:00,771 - Processing class: Lychee 1 -> Lychee
2025-04-06 06:38:01,333 - Processed 46200/86554 images (53.38%)
2025-04-06 06:38:02,071 - Processed 46250/86554 images (53.43%)
2025-04-06 06:38:02,818 - Processed 46300/86554 images (53.49%)
2025-04-06 06:38:03,570 - Processed 46350/86554 images (53.55%)
2025-04-06 06:38:04,352 - Processed 46400/86554 images (53.61%)
2025-04-06 06:38:05,092 - Processed 46450/86554 images (53.67%)
2025-04-06 06:38:05,820 - Processed 46500/86554 images (53.72%)
2025-04-06 06:38:06,560 - Processed 46550/86554 images (53.78%)
2025-04-06 06:38:07,291 - Processed 46600/86554 images (53.84%)
2025-04-06 06:38:08,021 - Processed 46650/86554 images (53.90%)
2025-04-06 06:38:08,051 - Processing class: Mandarine 1 -> Mandarine
2025-04-06 06:38:08,770 - Processed 46700/86554 images (53.95%)
2025-04-06 06:38:09,516 - Processed 46750/86554 images (54.01%)
2025-04-06 06:38:10,255 - Processed 46800/86554 images (54.07%)
2025-04-06 06:38:10,988 - Processed 46850/86554 images (54.13%)
2025-04-06 06:38:11,738 - Processed 46900/86554 images (54.19%)
2025-04-06 06:38:12,487 - Processed 46950/86554 images (54.24%)
2025-04-06 06:38:13,239 - Processed 47000/86554 images (54.30%)
2025-04-06 06:38:14,025 - Processed 47050/86554 images (54.36%)
2025-04-06 06:38:14,767 - Processed 47100/86554 images (54.42%)
2025-04-06 06:38:15,391 - Processing class: Mango 1 -> Mango
2025-04-06 06:38:15,513 - Processed 47150/86554 images (54.47%)
2025-04-06 06:38:16,249 - Processed 47200/86554 images (54.53%)
2025-04-06 06:38:16,990 - Processed 47250/86554 images (54.59%)
2025-04-06 06:38:17,734 - Processed 47300/86554 images (54.65%)
2025-04-06 06:38:18,476 - Processed 47350/86554 images (54.71%)
2025-04-06 06:38:19,219 - Processed 47400/86554 images (54.76%)
2025-04-06 06:38:19,975 - Processed 47450/86554 images (54.82%)
2025-04-06 06:38:20,771 - Processed 47500/86554 images (54.88%)
2025-04-06 06:38:21,510 - Processed 47550/86554 images (54.94%)
2025-04-06 06:38:22,250 - Processed 47600/86554 images (54.99%)
2025-04-06 06:38:22,720 - Processing class: Mango Red 1 -> Mango
2025-04-06 06:38:22,989 - Processed 47650/86554 images (55.05%)
2025-04-06 06:38:23,743 - Processed 47700/86554 images (55.11%)
2025-04-06 06:38:24,497 - Processed 47750/86554 images (55.17%)
2025-04-06 06:38:25,226 - Processed 47800/86554 images (55.23%)
2025-04-06 06:38:25,966 - Processed 47850/86554 images (55.28%)
2025-04-06 06:38:26,712 - Processed 47900/86554 images (55.34%)
2025-04-06 06:38:27,455 - Processed 47950/86554 images (55.40%)
2025-04-06 06:38:28,251 - Processed 48000/86554 images (55.46%)
2025-04-06 06:38:28,993 - Processed 48050/86554 images (55.51%)
2025-04-06 06:38:29,117 - Processing class: Mangostan 1 -> Mangosteen
2025-04-06 06:38:29,735 - Processed 48100/86554 images (55.57%)
2025-04-06 06:38:30,471 - Processed 48150/86554 images (55.63%)
2025-04-06 06:38:31,207 - Processed 48200/86554 images (55.69%)
2025-04-06 06:38:31,944 - Processed 48250/86554 images (55.75%)
2025-04-06 06:38:32,683 - Processed 48300/86554 images (55.80%)
2025-04-06 06:38:33,423 - Processed 48350/86554 images (55.86%)
2025-04-06 06:38:33,552 - Processing class: Maracuja 1 -> Passion Fruit
2025-04-06 06:38:34,186 - Processed 48400/86554 images (55.92%)
2025-04-06 06:38:34,937 - Processed 48450/86554 images (55.98%)
2025-04-06 06:38:35,719 - Processed 48500/86554 images (56.03%)
2025-04-06 06:38:36,481 - Processed 48550/86554 images (56.09%)
2025-04-06 06:38:37,230 - Processed 48600/86554 images (56.15%)
2025-04-06 06:38:37,980 - Processed 48650/86554 images (56.21%)
2025-04-06 06:38:38,733 - Processed 48700/86554 images (56.27%)
2025-04-06 06:38:39,483 - Processed 48750/86554 images (56.32%)
2025-04-06 06:38:40,242 - Processed 48800/86554 images (56.38%)
2025-04-06 06:38:40,969 - Processing class: Melon Piel de Sapo 1 -> Melon
2025-04-06 06:38:41,001 - Processed 48850/86554 images (56.44%)
2025-04-06 06:38:41,750 - Processed 48900/86554 images (56.50%)
2025-04-06 06:38:42,498 - Processed 48950/86554 images (56.55%)
2025-04-06 06:38:43,252 - Processed 49000/86554 images (56.61%)
2025-04-06 06:38:44,032 - Processed 49050/86554 images (56.67%)
2025-04-06 06:38:44,840 - Processed 49100/86554 images (56.73%)
2025-04-06 06:38:45,605 - Processed 49150/86554 images (56.79%)
2025-04-06 06:38:46,369 - Processed 49200/86554 images (56.84%)
2025-04-06 06:38:47,122 - Processed 49250/86554 images (56.90%)
2025-04-06 06:38:47,880 - Processed 49300/86554 images (56.96%)
2025-04-06 06:38:48,638 - Processed 49350/86554 images (57.02%)
2025-04-06 06:38:49,383 - Processed 49400/86554 images (57.07%)
2025-04-06 06:38:50,128 - Processed 49450/86554 images (57.13%)
2025-04-06 06:38:50,885 - Processed 49500/86554 images (57.19%)
2025-04-06 06:38:51,642 - Processed 49550/86554 images (57.25%)
2025-04-06 06:38:52,184 - Processing class: Mulberry 1 -> Mulberry
2025-04-06 06:38:52,398 - Processed 49600/86554 images (57.31%)
2025-04-06 06:38:53,164 - Processed 49650/86554 images (57.36%)
2025-04-06 06:38:53,920 - Processed 49700/86554 images (57.42%)
2025-04-06 06:38:54,727 - Processed 49750/86554 images (57.48%)
2025-04-06 06:38:55,468 - Processed 49800/86554 images (57.54%)
2025-04-06 06:38:56,211 - Processed 49850/86554 images (57.59%)
2025-04-06 06:38:56,956 - Processed 49900/86554 images (57.65%)
2025-04-06 06:38:57,701 - Processed 49950/86554 images (57.71%)
2025-04-06 06:38:58,447 - Processed 50000/86554 images (57.77%)
2025-04-06 06:38:59,197 - Processed 50050/86554 images (57.83%)
2025-04-06 06:38:59,619 - Processing class: Nectarine 1 -> Nectarine
2025-04-06 06:38:59,946 - Processed 50100/86554 images (57.88%)
2025-04-06 06:39:00,705 - Processed 50150/86554 images (57.94%)
2025-04-06 06:39:01,450 - Processed 50200/86554 images (58.00%)
2025-04-06 06:39:02,206 - Processed 50250/86554 images (58.06%)
2025-04-06 06:39:02,955 - Processed 50300/86554 images (58.11%)
2025-04-06 06:39:03,712 - Processed 50350/86554 images (58.17%)
2025-04-06 06:39:04,470 - Processed 50400/86554 images (58.23%)
2025-04-06 06:39:05,223 - Processed 50450/86554 images (58.29%)
2025-04-06 06:39:05,986 - Processed 50500/86554 images (58.35%)
2025-04-06 06:39:06,772 - Processed 50550/86554 images (58.40%)
2025-04-06 06:39:07,079 - Processing class: Nectarine Flat 1 -> Nectarine
2025-04-06 06:39:07,521 - Processed 50600/86554 images (58.46%)
2025-04-06 06:39:08,258 - Processed 50650/86554 images (58.52%)
2025-04-06 06:39:08,993 - Processed 50700/86554 images (58.58%)
2025-04-06 06:39:09,735 - Processed 50750/86554 images (58.63%)
2025-04-06 06:39:10,469 - Processed 50800/86554 images (58.69%)
2025-04-06 06:39:11,205 - Processed 50850/86554 images (58.75%)
2025-04-06 06:39:11,942 - Processed 50900/86554 images (58.81%)
2025-04-06 06:39:12,668 - Processed 50950/86554 images (58.86%)
2025-04-06 06:39:13,420 - Processed 51000/86554 images (58.92%)
2025-04-06 06:39:14,159 - Processed 51050/86554 images (58.98%)
2025-04-06 06:39:14,159 - Processing class: Nut Forest 1 -> Nut
2025-04-06 06:39:14,902 - Processed 51100/86554 images (59.04%)
2025-04-06 06:39:15,640 - Processed 51150/86554 images (59.10%)
2025-04-06 06:39:16,370 - Processed 51200/86554 images (59.15%)
2025-04-06 06:39:17,112 - Processed 51250/86554 images (59.21%)
2025-04-06 06:39:17,895 - Processed 51300/86554 images (59.27%)
2025-04-06 06:39:18,633 - Processed 51350/86554 images (59.33%)
2025-04-06 06:39:19,373 - Processed 51400/86554 images (59.38%)
2025-04-06 06:39:20,145 - Processed 51450/86554 images (59.44%)
2025-04-06 06:39:20,892 - Processed 51500/86554 images (59.50%)
2025-04-06 06:39:21,632 - Processed 51550/86554 images (59.56%)
2025-04-06 06:39:22,368 - Processed 51600/86554 images (59.62%)
2025-04-06 06:39:23,095 - Processed 51650/86554 images (59.67%)
2025-04-06 06:39:23,828 - Processed 51700/86554 images (59.73%)
2025-04-06 06:39:23,891 - Processing class: Nut Pecan 1 -> Nut
2025-04-06 06:39:24,570 - Processed 51750/86554 images (59.79%)
2025-04-06 06:39:25,311 - Processed 51800/86554 images (59.85%)
2025-04-06 06:39:26,051 - Processed 51850/86554 images (59.90%)
2025-04-06 06:39:26,786 - Processed 51900/86554 images (59.96%)
2025-04-06 06:39:27,526 - Processed 51950/86554 images (60.02%)
2025-04-06 06:39:28,305 - Processed 52000/86554 images (60.08%)
2025-04-06 06:39:29,037 - Processed 52050/86554 images (60.14%)
2025-04-06 06:39:29,769 - Processed 52100/86554 images (60.19%)
2025-04-06 06:39:30,502 - Processed 52150/86554 images (60.25%)
2025-04-06 06:39:31,233 - Processed 52200/86554 images (60.31%)
2025-04-06 06:39:31,778 - Processing class: Onion Red 1 -> Onion
2025-04-06 06:39:31,953 - Processed 52250/86554 images (60.37%)
2025-04-06 06:39:32,684 - Processed 52300/86554 images (60.42%)
2025-04-06 06:39:33,415 - Processed 52350/86554 images (60.48%)
2025-04-06 06:39:34,162 - Processed 52400/86554 images (60.54%)
2025-04-06 06:39:34,903 - Processed 52450/86554 images (60.60%)
2025-04-06 06:39:35,641 - Processed 52500/86554 images (60.66%)
2025-04-06 06:39:36,368 - Processed 52550/86554 images (60.71%)
2025-04-06 06:39:37,107 - Processed 52600/86554 images (60.77%)
2025-04-06 06:39:37,848 - Processed 52650/86554 images (60.83%)
2025-04-06 06:39:38,445 - Processing class: Onion Red Peeled 1 -> Onion
2025-04-06 06:39:38,623 - Processed 52700/86554 images (60.89%)
2025-04-06 06:39:39,357 - Processed 52750/86554 images (60.94%)
2025-04-06 06:39:40,093 - Processed 52800/86554 images (61.00%)
2025-04-06 06:39:40,834 - Processed 52850/86554 images (61.06%)
2025-04-06 06:39:41,569 - Processed 52900/86554 images (61.12%)
2025-04-06 06:39:42,311 - Processed 52950/86554 images (61.18%)
2025-04-06 06:39:43,037 - Processed 53000/86554 images (61.23%)
2025-04-06 06:39:43,782 - Processed 53050/86554 images (61.29%)
2025-04-06 06:39:44,525 - Processed 53100/86554 images (61.35%)
2025-04-06 06:39:45,024 - Processing class: Onion White 1 -> Onion
2025-04-06 06:39:45,288 - Processed 53150/86554 images (61.41%)
2025-04-06 06:39:46,028 - Processed 53200/86554 images (61.46%)
2025-04-06 06:39:46,773 - Processed 53250/86554 images (61.52%)
2025-04-06 06:39:47,565 - Processed 53300/86554 images (61.58%)
2025-04-06 06:39:48,307 - Processed 53350/86554 images (61.64%)
2025-04-06 06:39:49,055 - Processed 53400/86554 images (61.70%)
2025-04-06 06:39:49,800 - Processed 53450/86554 images (61.75%)
2025-04-06 06:39:50,520 - Processed 53500/86554 images (61.81%)
2025-04-06 06:39:51,271 - Processed 53550/86554 images (61.87%)
2025-04-06 06:39:51,587 - Processing class: Orange 1 -> Orange
2025-04-06 06:39:52,023 - Processed 53600/86554 images (61.93%)
2025-04-06 06:39:52,895 - Processed 53650/86554 images (61.98%)
2025-04-06 06:39:53,618 - Processed 53700/86554 images (62.04%)
2025-04-06 06:39:54,345 - Processed 53750/86554 images (62.10%)
2025-04-06 06:39:55,077 - Processed 53800/86554 images (62.16%)
2025-04-06 06:39:55,792 - Processed 53850/86554 images (62.22%)
2025-04-06 06:39:56,524 - Processed 53900/86554 images (62.27%)
2025-04-06 06:39:57,259 - Processed 53950/86554 images (62.33%)
2025-04-06 06:39:58,011 - Processed 54000/86554 images (62.39%)
2025-04-06 06:39:58,765 - Processed 54050/86554 images (62.45%)
2025-04-06 06:39:58,766 - Processing class: Papaya 1 -> Papaya
2025-04-06 06:39:59,514 - Processed 54100/86554 images (62.50%)
2025-04-06 06:40:00,256 - Processed 54150/86554 images (62.56%)
2025-04-06 06:40:01,075 - Processed 54200/86554 images (62.62%)
2025-04-06 06:40:01,835 - Processed 54250/86554 images (62.68%)
2025-04-06 06:40:02,574 - Processed 54300/86554 images (62.74%)
2025-04-06 06:40:03,302 - Processed 54350/86554 images (62.79%)
2025-04-06 06:40:04,068 - Processed 54400/86554 images (62.85%)
2025-04-06 06:40:04,807 - Processed 54450/86554 images (62.91%)
2025-04-06 06:40:05,545 - Processed 54500/86554 images (62.97%)
2025-04-06 06:40:06,157 - Processing class: Passion Fruit 1 -> Passion Fruit
2025-04-06 06:40:06,278 - Processed 54550/86554 images (63.02%)
2025-04-06 06:40:07,021 - Processed 54600/86554 images (63.08%)
2025-04-06 06:40:07,756 - Processed 54650/86554 images (63.14%)
2025-04-06 06:40:08,480 - Processed 54700/86554 images (63.20%)
2025-04-06 06:40:09,209 - Processed 54750/86554 images (63.26%)
2025-04-06 06:40:09,957 - Processed 54800/86554 images (63.31%)
2025-04-06 06:40:10,701 - Processed 54850/86554 images (63.37%)
2025-04-06 06:40:11,450 - Processed 54900/86554 images (63.43%)
2025-04-06 06:40:12,200 - Processed 54950/86554 images (63.49%)
2025-04-06 06:40:12,945 - Processed 55000/86554 images (63.54%)
2025-04-06 06:40:13,416 - Processing class: Peach 1 -> Peach
2025-04-06 06:40:13,690 - Processed 55050/86554 images (63.60%)
2025-04-06 06:40:14,434 - Processed 55100/86554 images (63.66%)
2025-04-06 06:40:15,175 - Processed 55150/86554 images (63.72%)
2025-04-06 06:40:15,919 - Processed 55200/86554 images (63.78%)
2025-04-06 06:40:16,646 - Processed 55250/86554 images (63.83%)
2025-04-06 06:40:17,376 - Processed 55300/86554 images (63.89%)
2025-04-06 06:40:18,127 - Processed 55350/86554 images (63.95%)
2025-04-06 06:40:18,884 - Processed 55400/86554 images (64.01%)
2025-04-06 06:40:19,688 - Processed 55450/86554 images (64.06%)
2025-04-06 06:40:20,434 - Processed 55500/86554 images (64.12%)
2025-04-06 06:40:20,788 - Processing class: Peach 2 -> Peach
2025-04-06 06:40:21,168 - Processed 55550/86554 images (64.18%)
2025-04-06 06:40:21,899 - Processed 55600/86554 images (64.24%)
2025-04-06 06:40:22,647 - Processed 55650/86554 images (64.30%)
2025-04-06 06:40:23,402 - Processed 55700/86554 images (64.35%)
2025-04-06 06:40:24,155 - Processed 55750/86554 images (64.41%)
2025-04-06 06:40:24,903 - Processed 55800/86554 images (64.47%)
2025-04-06 06:40:25,642 - Processed 55850/86554 images (64.53%)
2025-04-06 06:40:26,387 - Processed 55900/86554 images (64.58%)
2025-04-06 06:40:27,126 - Processed 55950/86554 images (64.64%)
2025-04-06 06:40:27,854 - Processed 56000/86554 images (64.70%)
2025-04-06 06:40:28,609 - Processed 56050/86554 images (64.76%)
2025-04-06 06:40:29,358 - Processed 56100/86554 images (64.82%)
2025-04-06 06:40:30,107 - Processed 56150/86554 images (64.87%)
2025-04-06 06:40:30,852 - Processed 56200/86554 images (64.93%)
2025-04-06 06:40:31,600 - Processed 56250/86554 images (64.99%)
2025-04-06 06:40:31,787 - Processing class: Peach Flat 1 -> Peach
2025-04-06 06:40:32,359 - Processed 56300/86554 images (65.05%)
2025-04-06 06:40:33,112 - Processed 56350/86554 images (65.10%)
2025-04-06 06:40:33,864 - Processed 56400/86554 images (65.16%)
2025-04-06 06:40:34,641 - Processed 56450/86554 images (65.22%)
2025-04-06 06:40:35,373 - Processed 56500/86554 images (65.28%)
2025-04-06 06:40:36,092 - Processed 56550/86554 images (65.33%)
2025-04-06 06:40:36,822 - Processed 56600/86554 images (65.39%)
2025-04-06 06:40:37,545 - Processed 56650/86554 images (65.45%)
2025-04-06 06:40:38,275 - Processed 56700/86554 images (65.51%)
2025-04-06 06:40:39,002 - Processed 56750/86554 images (65.57%)
2025-04-06 06:40:39,063 - Processing class: Pear 1 -> Pear
2025-04-06 06:40:39,736 - Processed 56800/86554 images (65.62%)
2025-04-06 06:40:40,478 - Processed 56850/86554 images (65.68%)
2025-04-06 06:40:41,201 - Processed 56900/86554 images (65.74%)
2025-04-06 06:40:41,929 - Processed 56950/86554 images (65.80%)
2025-04-06 06:40:42,652 - Processed 57000/86554 images (65.85%)
2025-04-06 06:40:43,373 - Processed 57050/86554 images (65.91%)
2025-04-06 06:40:44,132 - Processed 57100/86554 images (65.97%)
2025-04-06 06:40:44,871 - Processed 57150/86554 images (66.03%)
2025-04-06 06:40:45,600 - Processed 57200/86554 images (66.09%)
2025-04-06 06:40:46,269 - Processing class: Pear 2 -> Pear
2025-04-06 06:40:46,330 - Processed 57250/86554 images (66.14%)
2025-04-06 06:40:47,068 - Processed 57300/86554 images (66.20%)
2025-04-06 06:40:47,826 - Processed 57350/86554 images (66.26%)
2025-04-06 06:40:48,611 - Processed 57400/86554 images (66.32%)
2025-04-06 06:40:49,450 - Processed 57450/86554 images (66.37%)
2025-04-06 06:40:50,307 - Processed 57500/86554 images (66.43%)
2025-04-06 06:40:51,043 - Processed 57550/86554 images (66.49%)
2025-04-06 06:40:51,769 - Processed 57600/86554 images (66.55%)
2025-04-06 06:40:52,500 - Processed 57650/86554 images (66.61%)
2025-04-06 06:40:53,241 - Processed 57700/86554 images (66.66%)
2025-04-06 06:40:54,000 - Processed 57750/86554 images (66.72%)
2025-04-06 06:40:54,753 - Processed 57800/86554 images (66.78%)
2025-04-06 06:40:55,498 - Processed 57850/86554 images (66.84%)
2025-04-06 06:40:56,392 - Processed 57900/86554 images (66.89%)
2025-04-06 06:40:57,020 - Processing class: Pear 3 -> Pear
2025-04-06 06:40:57,145 - Processed 57950/86554 images (66.95%)
2025-04-06 06:40:57,895 - Processed 58000/86554 images (67.01%)
2025-04-06 06:40:58,629 - Processed 58050/86554 images (67.07%)
2025-04-06 06:40:59,370 - Processed 58100/86554 images (67.13%)
2025-04-06 06:41:00,100 - Processed 58150/86554 images (67.18%)
2025-04-06 06:41:00,204 - Processing class: Pear Abate 1 -> Pear
2025-04-06 06:41:00,828 - Processed 58200/86554 images (67.24%)
2025-04-06 06:41:01,557 - Processed 58250/86554 images (67.30%)
2025-04-06 06:41:02,287 - Processed 58300/86554 images (67.36%)
2025-04-06 06:41:03,017 - Processed 58350/86554 images (67.41%)
2025-04-06 06:41:03,742 - Processed 58400/86554 images (67.47%)
2025-04-06 06:41:04,473 - Processed 58450/86554 images (67.53%)
2025-04-06 06:41:05,207 - Processed 58500/86554 images (67.59%)
2025-04-06 06:41:05,973 - Processed 58550/86554 images (67.65%)
2025-04-06 06:41:06,896 - Processed 58600/86554 images (67.70%)
2025-04-06 06:41:07,619 - Processing class: Pear Forelle 1 -> Pear
2025-04-06 06:41:07,666 - Processed 58650/86554 images (67.76%)
2025-04-06 06:41:08,411 - Processed 58700/86554 images (67.82%)
2025-04-06 06:41:09,425 - Processed 58750/86554 images (67.88%)
2025-04-06 06:41:10,174 - Processed 58800/86554 images (67.93%)
2025-04-06 06:41:10,911 - Processed 58850/86554 images (67.99%)
2025-04-06 06:41:11,646 - Processed 58900/86554 images (68.05%)
2025-04-06 06:41:12,387 - Processed 58950/86554 images (68.11%)
2025-04-06 06:41:13,123 - Processed 59000/86554 images (68.17%)
2025-04-06 06:41:13,854 - Processed 59050/86554 images (68.22%)
2025-04-06 06:41:14,592 - Processed 59100/86554 images (68.28%)
2025-04-06 06:41:15,329 - Processed 59150/86554 images (68.34%)
2025-04-06 06:41:16,048 - Processed 59200/86554 images (68.40%)
2025-04-06 06:41:16,768 - Processed 59250/86554 images (68.45%)
2025-04-06 06:41:17,495 - Processed 59300/86554 images (68.51%)
2025-04-06 06:41:18,207 - Processing class: Pear Kaiser 1 -> Pear
2025-04-06 06:41:18,223 - Processed 59350/86554 images (68.57%)
2025-04-06 06:41:18,956 - Processed 59400/86554 images (68.63%)
2025-04-06 06:41:19,684 - Processed 59450/86554 images (68.69%)
2025-04-06 06:41:20,480 - Processed 59500/86554 images (68.74%)
2025-04-06 06:41:21,217 - Processed 59550/86554 images (68.80%)
2025-04-06 06:41:21,947 - Processed 59600/86554 images (68.86%)
2025-04-06 06:41:22,664 - Processing class: Pear Monster 1 -> Pear
2025-04-06 06:41:22,680 - Processed 59650/86554 images (68.92%)
2025-04-06 06:41:23,429 - Processed 59700/86554 images (68.97%)
2025-04-06 06:41:24,175 - Processed 59750/86554 images (69.03%)
2025-04-06 06:41:24,913 - Processed 59800/86554 images (69.09%)
2025-04-06 06:41:25,654 - Processed 59850/86554 images (69.15%)
2025-04-06 06:41:26,468 - Processed 59900/86554 images (69.21%)
2025-04-06 06:41:27,362 - Processed 59950/86554 images (69.26%)
2025-04-06 06:41:28,113 - Processed 60000/86554 images (69.32%)
2025-04-06 06:41:28,853 - Processed 60050/86554 images (69.38%)
2025-04-06 06:41:29,606 - Processed 60100/86554 images (69.44%)
2025-04-06 06:41:30,180 - Processing class: Pear Red 1 -> Pear
2025-04-06 06:41:30,345 - Processed 60150/86554 images (69.49%)
2025-04-06 06:41:31,068 - Processed 60200/86554 images (69.55%)
2025-04-06 06:41:31,791 - Processed 60250/86554 images (69.61%)
2025-04-06 06:41:32,524 - Processed 60300/86554 images (69.67%)
2025-04-06 06:41:33,264 - Processed 60350/86554 images (69.73%)
2025-04-06 06:41:34,007 - Processed 60400/86554 images (69.78%)
2025-04-06 06:41:34,940 - Processed 60450/86554 images (69.84%)
2025-04-06 06:41:35,683 - Processed 60500/86554 images (69.90%)
2025-04-06 06:41:36,401 - Processed 60550/86554 images (69.96%)
2025-04-06 06:41:37,122 - Processed 60600/86554 images (70.01%)
2025-04-06 06:41:37,855 - Processed 60650/86554 images (70.07%)
2025-04-06 06:41:38,567 - Processed 60700/86554 images (70.13%)
2025-04-06 06:41:39,299 - Processed 60750/86554 images (70.19%)
2025-04-06 06:41:40,023 - Processed 60800/86554 images (70.25%)
2025-04-06 06:41:40,101 - Processing class: Pear Stone 1 -> Pear
2025-04-06 06:41:40,755 - Processed 60850/86554 images (70.30%)
2025-04-06 06:41:41,480 - Processed 60900/86554 images (70.36%)
2025-04-06 06:41:42,206 - Processed 60950/86554 images (70.42%)
2025-04-06 06:41:42,935 - Processed 61000/86554 images (70.48%)
2025-04-06 06:41:43,671 - Processed 61050/86554 images (70.53%)
2025-04-06 06:41:44,405 - Processed 61100/86554 images (70.59%)
2025-04-06 06:41:45,134 - Processed 61150/86554 images (70.65%)
2025-04-06 06:41:45,862 - Processed 61200/86554 images (70.71%)
2025-04-06 06:41:46,587 - Processed 61250/86554 images (70.77%)
2025-04-06 06:41:47,303 - Processed 61300/86554 images (70.82%)
2025-04-06 06:41:48,032 - Processed 61350/86554 images (70.88%)
2025-04-06 06:41:48,752 - Processed 61400/86554 images (70.94%)
2025-04-06 06:41:49,487 - Processed 61450/86554 images (71.00%)
2025-04-06 06:41:50,214 - Processed 61500/86554 images (71.05%)
2025-04-06 06:41:50,449 - Processing class: Pear Williams 1 -> Pear
2025-04-06 06:41:50,947 - Processed 61550/86554 images (71.11%)
2025-04-06 06:41:51,670 - Processed 61600/86554 images (71.17%)
2025-04-06 06:41:52,398 - Processed 61650/86554 images (71.23%)
2025-04-06 06:41:53,113 - Processed 61700/86554 images (71.28%)
2025-04-06 06:41:53,842 - Processed 61750/86554 images (71.34%)
2025-04-06 06:41:54,568 - Processed 61800/86554 images (71.40%)
2025-04-06 06:41:55,298 - Processed 61850/86554 images (71.46%)
2025-04-06 06:41:56,027 - Processed 61900/86554 images (71.52%)
2025-04-06 06:41:56,752 - Processed 61950/86554 images (71.57%)
2025-04-06 06:41:57,473 - Processed 62000/86554 images (71.63%)
2025-04-06 06:41:57,565 - Processing class: Pepino 1 -> Pepino
2025-04-06 06:41:58,210 - Processed 62050/86554 images (71.69%)
2025-04-06 06:41:58,937 - Processed 62100/86554 images (71.75%)
2025-04-06 06:41:59,662 - Processed 62150/86554 images (71.80%)
2025-04-06 06:42:00,400 - Processed 62200/86554 images (71.86%)
2025-04-06 06:42:01,124 - Processed 62250/86554 images (71.92%)
2025-04-06 06:42:01,857 - Processed 62300/86554 images (71.98%)
2025-04-06 06:42:02,572 - Processed 62350/86554 images (72.04%)
2025-04-06 06:42:03,297 - Processed 62400/86554 images (72.09%)
2025-04-06 06:42:04,022 - Processed 62450/86554 images (72.15%)
2025-04-06 06:42:04,699 - Processing class: Pepper Green 1 -> Pepper
2025-04-06 06:42:04,760 - Processed 62500/86554 images (72.21%)
2025-04-06 06:42:05,487 - Processed 62550/86554 images (72.27%)
2025-04-06 06:42:06,205 - Processed 62600/86554 images (72.32%)
2025-04-06 06:42:06,927 - Processed 62650/86554 images (72.38%)
2025-04-06 06:42:07,654 - Processed 62700/86554 images (72.44%)
2025-04-06 06:42:08,380 - Processed 62750/86554 images (72.50%)
2025-04-06 06:42:09,111 - Processed 62800/86554 images (72.56%)
2025-04-06 06:42:09,832 - Processed 62850/86554 images (72.61%)
2025-04-06 06:42:10,566 - Processed 62900/86554 images (72.67%)
2025-04-06 06:42:11,153 - Processing class: Pepper Orange 1 -> Pepper
2025-04-06 06:42:11,303 - Processed 62950/86554 images (72.73%)
2025-04-06 06:42:12,032 - Processed 63000/86554 images (72.79%)
2025-04-06 06:42:12,764 - Processed 63050/86554 images (72.84%)
2025-04-06 06:42:13,491 - Processed 63100/86554 images (72.90%)
2025-04-06 06:42:14,222 - Processed 63150/86554 images (72.96%)
2025-04-06 06:42:15,005 - Processed 63200/86554 images (73.02%)
2025-04-06 06:42:15,716 - Processed 63250/86554 images (73.08%)
2025-04-06 06:42:16,454 - Processed 63300/86554 images (73.13%)
2025-04-06 06:42:17,199 - Processed 63350/86554 images (73.19%)
2025-04-06 06:42:17,930 - Processed 63400/86554 images (73.25%)
2025-04-06 06:42:18,645 - Processed 63450/86554 images (73.31%)
2025-04-06 06:42:19,428 - Processed 63500/86554 images (73.36%)
2025-04-06 06:42:20,190 - Processed 63550/86554 images (73.42%)
2025-04-06 06:42:20,918 - Processed 63600/86554 images (73.48%)
2025-04-06 06:42:21,528 - Processing class: Pepper Red 1 -> Pepper
2025-04-06 06:42:21,648 - Processed 63650/86554 images (73.54%)
2025-04-06 06:42:22,365 - Processed 63700/86554 images (73.60%)
2025-04-06 06:42:23,088 - Processed 63750/86554 images (73.65%)
2025-04-06 06:42:23,810 - Processed 63800/86554 images (73.71%)
2025-04-06 06:42:24,528 - Processed 63850/86554 images (73.77%)
2025-04-06 06:42:25,260 - Processed 63900/86554 images (73.83%)
2025-04-06 06:42:25,999 - Processed 63950/86554 images (73.88%)
2025-04-06 06:42:26,731 - Processed 64000/86554 images (73.94%)
2025-04-06 06:42:27,465 - Processed 64050/86554 images (74.00%)
2025-04-06 06:42:28,189 - Processed 64100/86554 images (74.06%)
2025-04-06 06:42:28,920 - Processed 64150/86554 images (74.12%)
2025-04-06 06:42:29,659 - Processed 64200/86554 images (74.17%)
2025-04-06 06:42:30,373 - Processed 64250/86554 images (74.23%)
2025-04-06 06:42:31,097 - Processed 64300/86554 images (74.29%)
2025-04-06 06:42:31,218 - Processing class: Pepper Yellow 1 -> Pepper
2025-04-06 06:42:31,817 - Processed 64350/86554 images (74.35%)
2025-04-06 06:42:32,548 - Processed 64400/86554 images (74.40%)
2025-04-06 06:42:33,271 - Processed 64450/86554 images (74.46%)
2025-04-06 06:42:33,993 - Processed 64500/86554 images (74.52%)
2025-04-06 06:42:34,725 - Processed 64550/86554 images (74.58%)
2025-04-06 06:42:35,454 - Processed 64600/86554 images (74.64%)
2025-04-06 06:42:36,177 - Processed 64650/86554 images (74.69%)
2025-04-06 06:42:36,893 - Processed 64700/86554 images (74.75%)
2025-04-06 06:42:37,628 - Processed 64750/86554 images (74.81%)
2025-04-06 06:42:38,360 - Processed 64800/86554 images (74.87%)
2025-04-06 06:42:39,089 - Processed 64850/86554 images (74.92%)
2025-04-06 06:42:39,820 - Processed 64900/86554 images (74.98%)
2025-04-06 06:42:40,552 - Processed 64950/86554 images (75.04%)
2025-04-06 06:42:40,899 - Processing class: Physalis 1 -> Physalis
2025-04-06 06:42:41,281 - Processed 65000/86554 images (75.10%)
2025-04-06 06:42:42,011 - Processed 65050/86554 images (75.16%)
2025-04-06 06:42:42,736 - Processed 65100/86554 images (75.21%)
2025-04-06 06:42:43,470 - Processed 65150/86554 images (75.27%)
2025-04-06 06:42:44,198 - Processed 65200/86554 images (75.33%)
2025-04-06 06:42:44,917 - Processed 65250/86554 images (75.39%)
2025-04-06 06:42:45,654 - Processed 65300/86554 images (75.44%)
2025-04-06 06:42:46,387 - Processed 65350/86554 images (75.50%)
2025-04-06 06:42:47,122 - Processed 65400/86554 images (75.56%)
2025-04-06 06:42:47,847 - Processed 65450/86554 images (75.62%)
2025-04-06 06:42:48,083 - Processing class: Physalis with Husk 1 -> Physalis
2025-04-06 06:42:48,578 - Processed 65500/86554 images (75.68%)
2025-04-06 06:42:49,294 - Processed 65550/86554 images (75.73%)
2025-04-06 06:42:50,030 - Processed 65600/86554 images (75.79%)
2025-04-06 06:42:50,761 - Processed 65650/86554 images (75.85%)
2025-04-06 06:42:51,492 - Processed 65700/86554 images (75.91%)
2025-04-06 06:42:52,271 - Processed 65750/86554 images (75.96%)
2025-04-06 06:42:53,005 - Processed 65800/86554 images (76.02%)
2025-04-06 06:42:53,734 - Processed 65850/86554 images (76.08%)
2025-04-06 06:42:54,472 - Processed 65900/86554 images (76.14%)
2025-04-06 06:42:55,192 - Processed 65950/86554 images (76.20%)
2025-04-06 06:42:55,310 - Processing class: Pineapple 1 -> Pineapple
2025-04-06 06:42:55,918 - Processed 66000/86554 images (76.25%)
2025-04-06 06:42:56,644 - Processed 66050/86554 images (76.31%)
2025-04-06 06:42:57,374 - Processed 66100/86554 images (76.37%)
2025-04-06 06:42:58,083 - Processed 66150/86554 images (76.43%)
2025-04-06 06:42:58,812 - Processed 66200/86554 images (76.48%)
2025-04-06 06:42:59,543 - Processed 66250/86554 images (76.54%)
2025-04-06 06:43:00,266 - Processed 66300/86554 images (76.60%)
2025-04-06 06:43:00,997 - Processed 66350/86554 images (76.66%)
2025-04-06 06:43:01,728 - Processed 66400/86554 images (76.72%)
2025-04-06 06:43:02,428 - Processing class: Pineapple Mini 1 -> Pineapple
2025-04-06 06:43:02,459 - Processed 66450/86554 images (76.77%)
2025-04-06 06:43:03,192 - Processed 66500/86554 images (76.83%)
2025-04-06 06:43:03,931 - Processed 66550/86554 images (76.89%)
2025-04-06 06:43:04,666 - Processed 66600/86554 images (76.95%)
2025-04-06 06:43:05,440 - Processed 66650/86554 images (77.00%)
2025-04-06 06:43:06,437 - Processed 66700/86554 images (77.06%)
2025-04-06 06:43:07,193 - Processed 66750/86554 images (77.12%)
2025-04-06 06:43:07,930 - Processed 66800/86554 images (77.18%)
2025-04-06 06:43:08,834 - Processed 66850/86554 images (77.24%)
2025-04-06 06:43:09,586 - Processed 66900/86554 images (77.29%)
2025-04-06 06:43:10,196 - Processing class: Pistachio 1 -> Pistachio
2025-04-06 06:43:10,344 - Processed 66950/86554 images (77.35%)
2025-04-06 06:43:11,087 - Processed 67000/86554 images (77.41%)
2025-04-06 06:43:11,824 - Processed 67050/86554 images (77.47%)
2025-04-06 06:43:12,562 - Processed 67100/86554 images (77.52%)
2025-04-06 06:43:13,297 - Processed 67150/86554 images (77.58%)
2025-04-06 06:43:14,039 - Processed 67200/86554 images (77.64%)
2025-04-06 06:43:14,781 - Processed 67250/86554 images (77.70%)
2025-04-06 06:43:15,533 - Processed 67300/86554 images (77.75%)
2025-04-06 06:43:16,269 - Processed 67350/86554 images (77.81%)
2025-04-06 06:43:17,015 - Processed 67400/86554 images (77.87%)
2025-04-06 06:43:17,761 - Processed 67450/86554 images (77.93%)
2025-04-06 06:43:18,506 - Processed 67500/86554 images (77.99%)
2025-04-06 06:43:19,251 - Processed 67550/86554 images (78.04%)
2025-04-06 06:43:19,993 - Processed 67600/86554 images (78.10%)
2025-04-06 06:43:20,584 - Processing class: Pitahaya Red 1 -> Pitahaya
2025-04-06 06:43:20,733 - Processed 67650/86554 images (78.16%)
2025-04-06 06:43:21,470 - Processed 67700/86554 images (78.22%)
2025-04-06 06:43:22,208 - Processed 67750/86554 images (78.27%)
2025-04-06 06:43:22,946 - Processed 67800/86554 images (78.33%)
2025-04-06 06:43:23,681 - Processed 67850/86554 images (78.39%)
2025-04-06 06:43:24,413 - Processed 67900/86554 images (78.45%)
2025-04-06 06:43:25,159 - Processed 67950/86554 images (78.51%)
2025-04-06 06:43:25,944 - Processed 68000/86554 images (78.56%)
2025-04-06 06:43:26,680 - Processed 68050/86554 images (78.62%)
2025-04-06 06:43:27,424 - Processed 68100/86554 images (78.68%)
2025-04-06 06:43:27,872 - Processing class: Plum 1 -> Plum
2025-04-06 06:43:28,163 - Processed 68150/86554 images (78.74%)
2025-04-06 06:43:28,939 - Processed 68200/86554 images (78.79%)
2025-04-06 06:43:29,706 - Processed 68250/86554 images (78.85%)
2025-04-06 06:43:30,543 - Processed 68300/86554 images (78.91%)
2025-04-06 06:43:31,287 - Processed 68350/86554 images (78.97%)
2025-04-06 06:43:32,011 - Processed 68400/86554 images (79.03%)
2025-04-06 06:43:32,735 - Processed 68450/86554 images (79.08%)
2025-04-06 06:43:33,526 - Processed 68500/86554 images (79.14%)
2025-04-06 06:43:34,278 - Processed 68550/86554 images (79.20%)
2025-04-06 06:43:34,670 - Processing class: Plum 2 -> Plum
2025-04-06 06:43:35,000 - Processed 68600/86554 images (79.26%)
2025-04-06 06:43:35,744 - Processed 68650/86554 images (79.31%)
2025-04-06 06:43:36,485 - Processed 68700/86554 images (79.37%)
2025-04-06 06:43:37,221 - Processed 68750/86554 images (79.43%)
2025-04-06 06:43:37,959 - Processed 68800/86554 images (79.49%)
2025-04-06 06:43:38,766 - Processed 68850/86554 images (79.55%)
2025-04-06 06:43:39,513 - Processed 68900/86554 images (79.60%)
2025-04-06 06:43:40,273 - Processed 68950/86554 images (79.66%)
2025-04-06 06:43:40,973 - Processing class: Plum 3 -> Plum
2025-04-06 06:43:41,019 - Processed 69000/86554 images (79.72%)
2025-04-06 06:43:41,812 - Processed 69050/86554 images (79.78%)
2025-04-06 06:43:42,631 - Processed 69100/86554 images (79.83%)
2025-04-06 06:43:43,450 - Processed 69150/86554 images (79.89%)
2025-04-06 06:43:44,220 - Processed 69200/86554 images (79.95%)
2025-04-06 06:43:44,964 - Processed 69250/86554 images (80.01%)
2025-04-06 06:43:45,708 - Processed 69300/86554 images (80.07%)
2025-04-06 06:43:46,458 - Processed 69350/86554 images (80.12%)
2025-04-06 06:43:47,201 - Processed 69400/86554 images (80.18%)
2025-04-06 06:43:47,935 - Processed 69450/86554 images (80.24%)
2025-04-06 06:43:48,666 - Processed 69500/86554 images (80.30%)
2025-04-06 06:43:49,398 - Processed 69550/86554 images (80.35%)
2025-04-06 06:43:50,159 - Processed 69600/86554 images (80.41%)
2025-04-06 06:43:50,896 - Processed 69650/86554 images (80.47%)
2025-04-06 06:43:51,628 - Processed 69700/86554 images (80.53%)
2025-04-06 06:43:52,429 - Processed 69750/86554 images (80.59%)
2025-04-06 06:43:53,223 - Processed 69800/86554 images (80.64%)
2025-04-06 06:43:54,072 - Processed 69850/86554 images (80.70%)
2025-04-06 06:43:54,813 - Processing class: Pomegranate 1 -> Pomegranate
2025-04-06 06:43:54,861 - Processed 69900/86554 images (80.76%)
2025-04-06 06:43:55,629 - Processed 69950/86554 images (80.82%)
2025-04-06 06:43:56,364 - Processed 70000/86554 images (80.87%)
2025-04-06 06:43:57,119 - Processed 70050/86554 images (80.93%)
2025-04-06 06:43:57,905 - Processed 70100/86554 images (80.99%)
2025-04-06 06:43:58,697 - Processed 70150/86554 images (81.05%)
2025-04-06 06:43:59,481 - Processed 70200/86554 images (81.11%)
2025-04-06 06:44:00,255 - Processed 70250/86554 images (81.16%)
2025-04-06 06:44:01,012 - Processed 70300/86554 images (81.22%)
2025-04-06 06:44:01,771 - Processed 70350/86554 images (81.28%)
2025-04-06 06:44:02,381 - Processing class: Pomelo Sweetie 1 -> Pomelo
2025-04-06 06:44:02,551 - Processed 70400/86554 images (81.34%)
2025-04-06 06:44:03,319 - Processed 70450/86554 images (81.39%)
2025-04-06 06:44:04,081 - Processed 70500/86554 images (81.45%)
2025-04-06 06:44:04,937 - Processed 70550/86554 images (81.51%)
2025-04-06 06:44:05,722 - Processed 70600/86554 images (81.57%)
2025-04-06 06:44:06,503 - Processed 70650/86554 images (81.63%)
2025-04-06 06:44:07,253 - Processed 70700/86554 images (81.68%)
2025-04-06 06:44:08,003 - Processed 70750/86554 images (81.74%)
2025-04-06 06:44:08,761 - Processed 70800/86554 images (81.80%)
2025-04-06 06:44:09,368 - Processing class: Potato Red 1 -> Potato
2025-04-06 06:44:09,537 - Processed 70850/86554 images (81.86%)
2025-04-06 06:44:10,324 - Processed 70900/86554 images (81.91%)
2025-04-06 06:44:11,078 - Processed 70950/86554 images (81.97%)
2025-04-06 06:44:11,825 - Processed 71000/86554 images (82.03%)
2025-04-06 06:44:12,605 - Processed 71050/86554 images (82.09%)
2025-04-06 06:44:13,374 - Processed 71100/86554 images (82.15%)
2025-04-06 06:44:14,173 - Processed 71150/86554 images (82.20%)
2025-04-06 06:44:14,960 - Processed 71200/86554 images (82.26%)
2025-04-06 06:44:15,710 - Processed 71250/86554 images (82.32%)
2025-04-06 06:44:16,286 - Processing class: Potato Red Washed 1 -> Potato
2025-04-06 06:44:16,450 - Processed 71300/86554 images (82.38%)
2025-04-06 06:44:17,185 - Processed 71350/86554 images (82.43%)
2025-04-06 06:44:17,924 - Processed 71400/86554 images (82.49%)
2025-04-06 06:44:18,666 - Processed 71450/86554 images (82.55%)
2025-04-06 06:44:19,414 - Processed 71500/86554 images (82.61%)
2025-04-06 06:44:20,160 - Processed 71550/86554 images (82.67%)
2025-04-06 06:44:20,896 - Processed 71600/86554 images (82.72%)
2025-04-06 06:44:21,627 - Processed 71650/86554 images (82.78%)
2025-04-06 06:44:22,355 - Processed 71700/86554 images (82.84%)
2025-04-06 06:44:22,966 - Processing class: Potato Sweet 1 -> Potato
2025-04-06 06:44:23,086 - Processed 71750/86554 images (82.90%)
2025-04-06 06:44:23,810 - Processed 71800/86554 images (82.95%)
2025-04-06 06:44:24,548 - Processed 71850/86554 images (83.01%)
2025-04-06 06:44:25,331 - Processed 71900/86554 images (83.07%)
2025-04-06 06:44:26,054 - Processed 71950/86554 images (83.13%)
2025-04-06 06:44:26,768 - Processed 72000/86554 images (83.19%)
2025-04-06 06:44:27,497 - Processed 72050/86554 images (83.24%)
2025-04-06 06:44:28,213 - Processed 72100/86554 images (83.30%)
2025-04-06 06:44:28,944 - Processed 72150/86554 images (83.36%)
2025-04-06 06:44:29,563 - Processing class: Potato White 1 -> Potato
2025-04-06 06:44:29,684 - Processed 72200/86554 images (83.42%)
2025-04-06 06:44:30,399 - Processed 72250/86554 images (83.47%)
2025-04-06 06:44:31,145 - Processed 72300/86554 images (83.53%)
2025-04-06 06:44:31,865 - Processed 72350/86554 images (83.59%)
2025-04-06 06:44:32,584 - Processed 72400/86554 images (83.65%)
2025-04-06 06:44:33,316 - Processed 72450/86554 images (83.70%)
2025-04-06 06:44:34,044 - Processed 72500/86554 images (83.76%)
2025-04-06 06:44:34,781 - Processed 72550/86554 images (83.82%)
2025-04-06 06:44:35,513 - Processed 72600/86554 images (83.88%)
2025-04-06 06:44:36,124 - Processing class: Quince 1 -> Quince
2025-04-06 06:44:36,242 - Processed 72650/86554 images (83.94%)
2025-04-06 06:44:36,971 - Processed 72700/86554 images (83.99%)
2025-04-06 06:44:37,700 - Processed 72750/86554 images (84.05%)
2025-04-06 06:44:38,468 - Processed 72800/86554 images (84.11%)
2025-04-06 06:44:39,221 - Processed 72850/86554 images (84.17%)
2025-04-06 06:44:39,964 - Processed 72900/86554 images (84.22%)
2025-04-06 06:44:40,695 - Processed 72950/86554 images (84.28%)
2025-04-06 06:44:41,421 - Processed 73000/86554 images (84.34%)
2025-04-06 06:44:42,158 - Processed 73050/86554 images (84.40%)
2025-04-06 06:44:42,941 - Processed 73100/86554 images (84.46%)
2025-04-06 06:44:43,423 - Processing class: Quince 2 -> Quince
2025-04-06 06:44:43,699 - Processed 73150/86554 images (84.51%)
2025-04-06 06:44:44,456 - Processed 73200/86554 images (84.57%)
2025-04-06 06:44:45,205 - Processed 73250/86554 images (84.63%)
2025-04-06 06:44:45,972 - Processed 73300/86554 images (84.69%)
2025-04-06 06:44:46,705 - Processed 73350/86554 images (84.74%)
2025-04-06 06:44:47,497 - Processed 73400/86554 images (84.80%)
2025-04-06 06:44:48,263 - Processed 73450/86554 images (84.86%)
2025-04-06 06:44:49,059 - Processed 73500/86554 images (84.92%)
2025-04-06 06:44:49,821 - Processed 73550/86554 images (84.98%)
2025-04-06 06:44:50,561 - Processed 73600/86554 images (85.03%)
2025-04-06 06:44:51,322 - Processed 73650/86554 images (85.09%)
2025-04-06 06:44:52,069 - Processed 73700/86554 images (85.15%)
2025-04-06 06:44:52,800 - Processed 73750/86554 images (85.21%)
2025-04-06 06:44:53,539 - Processed 73800/86554 images (85.26%)
2025-04-06 06:44:54,284 - Processed 73850/86554 images (85.32%)
2025-04-06 06:44:54,432 - Processing class: Quince 3 -> Quince
2025-04-06 06:44:55,028 - Processed 73900/86554 images (85.38%)
2025-04-06 06:44:55,773 - Processed 73950/86554 images (85.44%)
2025-04-06 06:44:56,508 - Processed 74000/86554 images (85.50%)
2025-04-06 06:44:57,236 - Processed 74050/86554 images (85.55%)
2025-04-06 06:44:57,994 - Processed 74100/86554 images (85.61%)
2025-04-06 06:44:58,740 - Processed 74150/86554 images (85.67%)
2025-04-06 06:44:59,479 - Processed 74200/86554 images (85.73%)
2025-04-06 06:45:00,227 - Processed 74250/86554 images (85.78%)
2025-04-06 06:45:00,991 - Processed 74300/86554 images (85.84%)
2025-04-06 06:45:01,740 - Processed 74350/86554 images (85.90%)
2025-04-06 06:45:02,480 - Processed 74400/86554 images (85.96%)
2025-04-06 06:45:03,287 - Processed 74450/86554 images (86.02%)
2025-04-06 06:45:04,037 - Processed 74500/86554 images (86.07%)
2025-04-06 06:45:04,769 - Processed 74550/86554 images (86.13%)
2025-04-06 06:45:05,366 - Processing class: Quince 4 -> Quince
2025-04-06 06:45:05,501 - Processed 74600/86554 images (86.19%)
2025-04-06 06:45:06,237 - Processed 74650/86554 images (86.25%)
2025-04-06 06:45:06,962 - Processed 74700/86554 images (86.30%)
2025-04-06 06:45:07,688 - Processed 74750/86554 images (86.36%)
2025-04-06 06:45:08,418 - Processed 74800/86554 images (86.42%)
2025-04-06 06:45:09,147 - Processed 74850/86554 images (86.48%)
2025-04-06 06:45:09,882 - Processed 74900/86554 images (86.54%)
2025-04-06 06:45:10,608 - Processed 74950/86554 images (86.59%)
2025-04-06 06:45:11,339 - Processed 75000/86554 images (86.65%)
2025-04-06 06:45:12,067 - Processed 75050/86554 images (86.71%)
2025-04-06 06:45:12,786 - Processed 75100/86554 images (86.77%)
2025-04-06 06:45:13,509 - Processed 75150/86554 images (86.82%)
2025-04-06 06:45:14,238 - Processed 75200/86554 images (86.88%)
2025-04-06 06:45:14,976 - Processed 75250/86554 images (86.94%)
2025-04-06 06:45:15,718 - Processed 75300/86554 images (87.00%)
2025-04-06 06:45:16,317 - Processing class: Rambutan 1 -> Rambutan
2025-04-06 06:45:16,450 - Processed 75350/86554 images (87.06%)
2025-04-06 06:45:17,167 - Processed 75400/86554 images (87.11%)
2025-04-06 06:45:17,891 - Processed 75450/86554 images (87.17%)
2025-04-06 06:45:18,615 - Processed 75500/86554 images (87.23%)
2025-04-06 06:45:19,341 - Processed 75550/86554 images (87.29%)
2025-04-06 06:45:20,074 - Processed 75600/86554 images (87.34%)
2025-04-06 06:45:20,804 - Processed 75650/86554 images (87.40%)
2025-04-06 06:45:21,531 - Processed 75700/86554 images (87.46%)
2025-04-06 06:45:22,258 - Processed 75750/86554 images (87.52%)
2025-04-06 06:45:22,979 - Processed 75800/86554 images (87.58%)
2025-04-06 06:45:23,459 - Processing class: Raspberry 1 -> Raspberry
2025-04-06 06:45:23,707 - Processed 75850/86554 images (87.63%)
2025-04-06 06:45:24,436 - Processed 75900/86554 images (87.69%)
2025-04-06 06:45:25,171 - Processed 75950/86554 images (87.75%)
2025-04-06 06:45:25,896 - Processed 76000/86554 images (87.81%)
2025-04-06 06:45:26,695 - Processed 76050/86554 images (87.86%)
2025-04-06 06:45:27,426 - Processed 76100/86554 images (87.92%)
2025-04-06 06:45:28,164 - Processed 76150/86554 images (87.98%)
2025-04-06 06:45:28,896 - Processed 76200/86554 images (88.04%)
2025-04-06 06:45:29,645 - Processed 76250/86554 images (88.10%)
2025-04-06 06:45:30,385 - Processed 76300/86554 images (88.15%)
2025-04-06 06:45:30,714 - Processing class: Redcurrant 1 -> Redcurrant
2025-04-06 06:45:31,107 - Processed 76350/86554 images (88.21%)
2025-04-06 06:45:31,827 - Processed 76400/86554 images (88.27%)
2025-04-06 06:45:32,551 - Processed 76450/86554 images (88.33%)
2025-04-06 06:45:33,274 - Processed 76500/86554 images (88.38%)
2025-04-06 06:45:34,052 - Processed 76550/86554 images (88.44%)
2025-04-06 06:45:34,805 - Processed 76600/86554 images (88.50%)
2025-04-06 06:45:35,551 - Processed 76650/86554 images (88.56%)
2025-04-06 06:45:36,291 - Processed 76700/86554 images (88.62%)
2025-04-06 06:45:37,036 - Processed 76750/86554 images (88.67%)
2025-04-06 06:45:37,775 - Processed 76800/86554 images (88.73%)
2025-04-06 06:45:37,998 - Processing class: Salak 1 -> Salak
2025-04-06 06:45:38,517 - Processed 76850/86554 images (88.79%)
2025-04-06 06:45:39,254 - Processed 76900/86554 images (88.85%)
2025-04-06 06:45:39,988 - Processed 76950/86554 images (88.90%)
2025-04-06 06:45:40,735 - Processed 77000/86554 images (88.96%)
2025-04-06 06:45:41,493 - Processed 77050/86554 images (89.02%)
2025-04-06 06:45:42,223 - Processed 77100/86554 images (89.08%)
2025-04-06 06:45:42,946 - Processed 77150/86554 images (89.14%)
2025-04-06 06:45:43,664 - Processed 77200/86554 images (89.19%)
2025-04-06 06:45:44,457 - Processed 77250/86554 images (89.25%)
2025-04-06 06:45:45,196 - Processed 77300/86554 images (89.31%)
2025-04-06 06:45:45,270 - Processing class: Strawberry 1 -> Strawberry
2025-04-06 06:45:45,917 - Processed 77350/86554 images (89.37%)
2025-04-06 06:45:46,643 - Processed 77400/86554 images (89.42%)
2025-04-06 06:45:47,361 - Processed 77450/86554 images (89.48%)
2025-04-06 06:45:48,118 - Processed 77500/86554 images (89.54%)
2025-04-06 06:45:48,882 - Processed 77550/86554 images (89.60%)
2025-04-06 06:45:49,632 - Processed 77600/86554 images (89.66%)
2025-04-06 06:45:50,406 - Processed 77650/86554 images (89.71%)
2025-04-06 06:45:51,156 - Processed 77700/86554 images (89.77%)
2025-04-06 06:45:51,904 - Processed 77750/86554 images (89.83%)
2025-04-06 06:45:52,616 - Processing class: Strawberry Wedge 1 -> Strawberry
2025-04-06 06:45:52,664 - Processed 77800/86554 images (89.89%)
2025-04-06 06:45:53,415 - Processed 77850/86554 images (89.94%)
2025-04-06 06:45:54,210 - Processed 77900/86554 images (90.00%)
2025-04-06 06:45:55,051 - Processed 77950/86554 images (90.06%)
2025-04-06 06:45:55,802 - Processed 78000/86554 images (90.12%)
2025-04-06 06:45:56,541 - Processed 78050/86554 images (90.17%)
2025-04-06 06:45:57,280 - Processed 78100/86554 images (90.23%)
2025-04-06 06:45:58,019 - Processed 78150/86554 images (90.29%)
2025-04-06 06:45:58,753 - Processed 78200/86554 images (90.35%)
2025-04-06 06:45:59,499 - Processed 78250/86554 images (90.41%)
2025-04-06 06:46:00,240 - Processed 78300/86554 images (90.46%)
2025-04-06 06:46:00,980 - Processed 78350/86554 images (90.52%)
2025-04-06 06:46:01,716 - Processed 78400/86554 images (90.58%)
2025-04-06 06:46:02,458 - Processed 78450/86554 images (90.64%)
2025-04-06 06:46:03,198 - Processed 78500/86554 images (90.69%)
2025-04-06 06:46:03,713 - Processing class: Tamarillo 1 -> Tamarillo
2025-04-06 06:46:03,941 - Processed 78550/86554 images (90.75%)
2025-04-06 06:46:04,683 - Processed 78600/86554 images (90.81%)
2025-04-06 06:46:05,426 - Processed 78650/86554 images (90.87%)
2025-04-06 06:46:06,177 - Processed 78700/86554 images (90.93%)
2025-04-06 06:46:06,913 - Processed 78750/86554 images (90.98%)
2025-04-06 06:46:07,657 - Processed 78800/86554 images (91.04%)
2025-04-06 06:46:08,402 - Processed 78850/86554 images (91.10%)
2025-04-06 06:46:09,142 - Processed 78900/86554 images (91.16%)
2025-04-06 06:46:09,885 - Processed 78950/86554 images (91.21%)
2025-04-06 06:46:10,629 - Processed 79000/86554 images (91.27%)
2025-04-06 06:46:11,003 - Processing class: Tangelo 1 -> Tangelo
2025-04-06 06:46:11,371 - Processed 79050/86554 images (91.33%)
2025-04-06 06:46:12,105 - Processed 79100/86554 images (91.39%)
2025-04-06 06:46:12,845 - Processed 79150/86554 images (91.45%)
2025-04-06 06:46:13,575 - Processed 79200/86554 images (91.50%)
2025-04-06 06:46:14,306 - Processed 79250/86554 images (91.56%)
2025-04-06 06:46:15,040 - Processed 79300/86554 images (91.62%)
2025-04-06 06:46:15,764 - Processed 79350/86554 images (91.68%)
2025-04-06 06:46:16,487 - Processed 79400/86554 images (91.73%)
2025-04-06 06:46:17,211 - Processed 79450/86554 images (91.79%)
2025-04-06 06:46:17,933 - Processed 79500/86554 images (91.85%)
2025-04-06 06:46:18,152 - Processing class: Tomato 1 -> Tomato
2025-04-06 06:46:18,661 - Processed 79550/86554 images (91.91%)
2025-04-06 06:46:19,389 - Processed 79600/86554 images (91.97%)
2025-04-06 06:46:20,119 - Processed 79650/86554 images (92.02%)
2025-04-06 06:46:20,839 - Processed 79700/86554 images (92.08%)
2025-04-06 06:46:21,561 - Processed 79750/86554 images (92.14%)
2025-04-06 06:46:22,284 - Processed 79800/86554 images (92.20%)
2025-04-06 06:46:23,006 - Processed 79850/86554 images (92.25%)
2025-04-06 06:46:23,732 - Processed 79900/86554 images (92.31%)
2025-04-06 06:46:24,461 - Processed 79950/86554 images (92.37%)
2025-04-06 06:46:25,247 - Processed 80000/86554 images (92.43%)
2025-04-06 06:46:26,055 - Processed 80050/86554 images (92.49%)
2025-04-06 06:46:26,824 - Processed 80100/86554 images (92.54%)
2025-04-06 06:46:27,562 - Processed 80150/86554 images (92.60%)
2025-04-06 06:46:28,285 - Processed 80200/86554 images (92.66%)
2025-04-06 06:46:29,007 - Processed 80250/86554 images (92.72%)
2025-04-06 06:46:29,052 - Processing class: Tomato 2 -> Tomato
2025-04-06 06:46:29,746 - Processed 80300/86554 images (92.77%)
2025-04-06 06:46:30,480 - Processed 80350/86554 images (92.83%)
2025-04-06 06:46:31,218 - Processed 80400/86554 images (92.89%)
2025-04-06 06:46:31,952 - Processed 80450/86554 images (92.95%)
2025-04-06 06:46:32,694 - Processed 80500/86554 images (93.01%)
2025-04-06 06:46:33,430 - Processed 80550/86554 images (93.06%)
2025-04-06 06:46:34,169 - Processed 80600/86554 images (93.12%)
2025-04-06 06:46:34,915 - Processed 80650/86554 images (93.18%)
2025-04-06 06:46:35,654 - Processed 80700/86554 images (93.24%)
2025-04-06 06:46:36,379 - Processed 80750/86554 images (93.29%)
2025-04-06 06:46:37,105 - Processed 80800/86554 images (93.35%)
2025-04-06 06:46:37,835 - Processed 80850/86554 images (93.41%)
2025-04-06 06:46:38,560 - Processed 80900/86554 images (93.47%)
2025-04-06 06:46:38,925 - Processing class: Tomato 3 -> Tomato
2025-04-06 06:46:39,292 - Processed 80950/86554 images (93.53%)
2025-04-06 06:46:40,014 - Processed 81000/86554 images (93.58%)
2025-04-06 06:46:40,751 - Processed 81050/86554 images (93.64%)
2025-04-06 06:46:41,491 - Processed 81100/86554 images (93.70%)
2025-04-06 06:46:42,236 - Processed 81150/86554 images (93.76%)
2025-04-06 06:46:42,986 - Processed 81200/86554 images (93.81%)
2025-04-06 06:46:43,812 - Processed 81250/86554 images (93.87%)
2025-04-06 06:46:44,541 - Processed 81300/86554 images (93.93%)
2025-04-06 06:46:45,267 - Processed 81350/86554 images (93.99%)
2025-04-06 06:46:45,998 - Processed 81400/86554 images (94.05%)
2025-04-06 06:46:46,718 - Processed 81450/86554 images (94.10%)
2025-04-06 06:46:47,441 - Processed 81500/86554 images (94.16%)
2025-04-06 06:46:48,168 - Processed 81550/86554 images (94.22%)
2025-04-06 06:46:48,891 - Processed 81600/86554 images (94.28%)
2025-04-06 06:46:49,626 - Processed 81650/86554 images (94.33%)
2025-04-06 06:46:49,820 - Processing class: Tomato 4 -> Tomato
2025-04-06 06:46:50,364 - Processed 81700/86554 images (94.39%)
2025-04-06 06:46:51,091 - Processed 81750/86554 images (94.45%)
2025-04-06 06:46:51,821 - Processed 81800/86554 images (94.51%)
2025-04-06 06:46:52,545 - Processed 81850/86554 images (94.57%)
2025-04-06 06:46:53,267 - Processed 81900/86554 images (94.62%)
2025-04-06 06:46:53,988 - Processed 81950/86554 images (94.68%)
2025-04-06 06:46:54,716 - Processed 82000/86554 images (94.74%)
2025-04-06 06:46:55,439 - Processed 82050/86554 images (94.80%)
2025-04-06 06:46:56,165 - Processed 82100/86554 images (94.85%)
2025-04-06 06:46:56,773 - Processing class: Tomato Cherry Red 1 -> Tomato
2025-04-06 06:46:56,892 - Processed 82150/86554 images (94.91%)
2025-04-06 06:46:57,623 - Processed 82200/86554 images (94.97%)
2025-04-06 06:46:58,362 - Processed 82250/86554 images (95.03%)
2025-04-06 06:46:59,096 - Processed 82300/86554 images (95.09%)
2025-04-06 06:46:59,859 - Processed 82350/86554 images (95.14%)
2025-04-06 06:47:00,592 - Processed 82400/86554 images (95.20%)
2025-04-06 06:47:01,322 - Processed 82450/86554 images (95.26%)
2025-04-06 06:47:02,047 - Processed 82500/86554 images (95.32%)
2025-04-06 06:47:02,771 - Processed 82550/86554 images (95.37%)
2025-04-06 06:47:03,502 - Processed 82600/86554 images (95.43%)
2025-04-06 06:47:04,000 - Processing class: Tomato Heart 1 -> Tomato
2025-04-06 06:47:04,232 - Processed 82650/86554 images (95.49%)
2025-04-06 06:47:04,958 - Processed 82700/86554 images (95.55%)
2025-04-06 06:47:05,678 - Processed 82750/86554 images (95.61%)
2025-04-06 06:47:06,398 - Processed 82800/86554 images (95.66%)
2025-04-06 06:47:07,120 - Processed 82850/86554 images (95.72%)
2025-04-06 06:47:07,846 - Processed 82900/86554 images (95.78%)
2025-04-06 06:47:08,573 - Processed 82950/86554 images (95.84%)
2025-04-06 06:47:09,297 - Processed 83000/86554 images (95.89%)
2025-04-06 06:47:10,030 - Processed 83050/86554 images (95.95%)
2025-04-06 06:47:10,754 - Processed 83100/86554 images (96.01%)
2025-04-06 06:47:11,471 - Processed 83150/86554 images (96.07%)
2025-04-06 06:47:12,194 - Processed 83200/86554 images (96.12%)
2025-04-06 06:47:12,919 - Processed 83250/86554 images (96.18%)
2025-04-06 06:47:13,644 - Processed 83300/86554 images (96.24%)
2025-04-06 06:47:13,913 - Processing class: Tomato Maroon 1 -> Tomato
2025-04-06 06:47:14,379 - Processed 83350/86554 images (96.30%)
2025-04-06 06:47:15,099 - Processed 83400/86554 images (96.36%)
2025-04-06 06:47:15,831 - Processed 83450/86554 images (96.41%)
2025-04-06 06:47:16,552 - Processed 83500/86554 images (96.47%)
2025-04-06 06:47:17,274 - Processed 83550/86554 images (96.53%)
2025-04-06 06:47:17,999 - Processed 83600/86554 images (96.59%)
2025-04-06 06:47:18,724 - Processed 83650/86554 images (96.64%)
2025-04-06 06:47:19,230 - Processing class: Tomato not Ripened 1 -> Tomato
2025-04-06 06:47:19,452 - Processed 83700/86554 images (96.70%)
2025-04-06 06:47:20,177 - Processed 83750/86554 images (96.76%)
2025-04-06 06:47:20,904 - Processed 83800/86554 images (96.82%)
2025-04-06 06:47:21,623 - Processed 83850/86554 images (96.88%)
2025-04-06 06:47:22,345 - Processed 83900/86554 images (96.93%)
2025-04-06 06:47:23,063 - Processed 83950/86554 images (96.99%)
2025-04-06 06:47:23,800 - Processed 84000/86554 images (97.05%)
2025-04-06 06:47:24,528 - Processed 84050/86554 images (97.11%)
2025-04-06 06:47:25,254 - Processed 84100/86554 images (97.16%)
2025-04-06 06:47:25,971 - Processed 84150/86554 images (97.22%)
2025-04-06 06:47:26,107 - Processing class: Tomato Yellow 1 -> Tomato
2025-04-06 06:47:26,702 - Processed 84200/86554 images (97.28%)
2025-04-06 06:47:27,424 - Processed 84250/86554 images (97.34%)
2025-04-06 06:47:28,148 - Processed 84300/86554 images (97.40%)
2025-04-06 06:47:28,866 - Processed 84350/86554 images (97.45%)
2025-04-06 06:47:29,600 - Processed 84400/86554 images (97.51%)
2025-04-06 06:47:30,326 - Processed 84450/86554 images (97.57%)
2025-04-06 06:47:31,049 - Processed 84500/86554 images (97.63%)
2025-04-06 06:47:31,834 - Processed 84550/86554 images (97.68%)
2025-04-06 06:47:32,590 - Processed 84600/86554 images (97.74%)
2025-04-06 06:47:32,858 - Processing class: Walnut 1 -> Walnut
2025-04-06 06:47:33,349 - Processed 84650/86554 images (97.80%)
2025-04-06 06:47:34,135 - Processed 84700/86554 images (97.86%)
2025-04-06 06:47:34,895 - Processed 84750/86554 images (97.92%)
2025-04-06 06:47:35,638 - Processed 84800/86554 images (97.97%)
2025-04-06 06:47:36,361 - Processed 84850/86554 images (98.03%)
2025-04-06 06:47:37,081 - Processed 84900/86554 images (98.09%)
2025-04-06 06:47:37,833 - Processed 84950/86554 images (98.15%)
2025-04-06 06:47:38,571 - Processed 85000/86554 images (98.20%)
2025-04-06 06:47:39,303 - Processed 85050/86554 images (98.26%)
2025-04-06 06:47:40,033 - Processed 85100/86554 images (98.32%)
2025-04-06 06:47:40,814 - Processed 85150/86554 images (98.38%)
2025-04-06 06:47:41,602 - Processed 85200/86554 images (98.44%)
2025-04-06 06:47:42,322 - Processed 85250/86554 images (98.49%)
2025-04-06 06:47:43,041 - Processed 85300/86554 images (98.55%)
2025-04-06 06:47:43,760 - Processed 85350/86554 images (98.61%)
2025-04-06 06:47:43,804 - Processing class: Watermelon 1 -> Watermelon
2025-04-06 06:47:44,513 - Processed 85400/86554 images (98.67%)
2025-04-06 06:47:45,249 - Processed 85450/86554 images (98.72%)
2025-04-06 06:47:45,988 - Processed 85500/86554 images (98.78%)
2025-04-06 06:47:46,720 - Processed 85550/86554 images (98.84%)
2025-04-06 06:47:47,454 - Processed 85600/86554 images (98.90%)
2025-04-06 06:47:48,190 - Processed 85650/86554 images (98.96%)
2025-04-06 06:47:48,923 - Processed 85700/86554 images (99.01%)
2025-04-06 06:47:49,663 - Processed 85750/86554 images (99.07%)
2025-04-06 06:47:50,400 - Processed 85800/86554 images (99.13%)
2025-04-06 06:47:50,813 - Processing class: Zucchini 1 -> Zucchini
2025-04-06 06:47:51,143 - Processed 85850/86554 images (99.19%)
2025-04-06 06:47:51,887 - Processed 85900/86554 images (99.24%)
2025-04-06 06:47:52,632 - Processed 85950/86554 images (99.30%)
2025-04-06 06:47:53,378 - Processed 86000/86554 images (99.36%)
2025-04-06 06:47:54,126 - Processed 86050/86554 images (99.42%)
2025-04-06 06:47:54,408 - Processing class: Zucchini dark 1 -> Zucchini
2025-04-06 06:47:54,892 - Processed 86100/86554 images (99.48%)
2025-04-06 06:47:55,645 - Processed 86150/86554 images (99.53%)
2025-04-06 06:47:56,393 - Processed 86200/86554 images (99.59%)
2025-04-06 06:47:57,178 - Processed 86250/86554 images (99.65%)
2025-04-06 06:47:58,039 - Processed 86300/86554 images (99.71%)
2025-04-06 06:48:45,435 - Feature extraction complete. Saved to features/train_features.csv
