2025-04-08 11:44:55,027 - Started feature extraction from fruits-360/Training. Total images to process: 86554
2025-04-08 11:44:55,029 - Processing class: Apple 10 -> Apple
2025-04-08 11:44:56,032 - Processed 50/86554 images (0.06%)
2025-04-08 11:44:57,012 - Processed 100/86554 images (0.12%)
2025-04-08 11:44:57,988 - Processed 150/86554 images (0.17%)
2025-04-08 11:44:58,951 - Processed 200/86554 images (0.23%)
2025-04-08 11:44:59,958 - Processed 250/86554 images (0.29%)
2025-04-08 11:45:01,172 - Processed 300/86554 images (0.35%)
2025-04-08 11:45:02,146 - Processed 350/86554 images (0.40%)
2025-04-08 11:45:03,113 - Processed 400/86554 images (0.46%)
2025-04-08 11:45:04,049 - Processed 450/86554 images (0.52%)
2025-04-08 11:45:05,049 - Processed 500/86554 images (0.58%)
2025-04-08 11:45:06,057 - Processed 550/86554 images (0.64%)
2025-04-08 11:45:07,053 - Processed 600/86554 images (0.69%)
2025-04-08 11:45:08,033 - Processed 650/86554 images (0.75%)
2025-04-08 11:45:09,006 - Processing class: Apple 12 -> Apple
2025-04-08 11:45:09,026 - Processed 700/86554 images (0.81%)
2025-04-08 11:45:09,995 - Processed 750/86554 images (0.87%)
2025-04-08 11:45:11,009 - Processed 800/86554 images (0.92%)
2025-04-08 11:45:12,330 - Processed 850/86554 images (0.98%)
2025-04-08 11:45:13,604 - Processed 900/86554 images (1.04%)
2025-04-08 11:45:15,202 - Processed 950/86554 images (1.10%)
2025-04-08 11:45:16,295 - Processed 1000/86554 images (1.16%)
2025-04-08 11:45:17,370 - Processed 1050/86554 images (1.21%)
2025-04-08 11:45:18,409 - Processed 1100/86554 images (1.27%)
2025-04-08 11:45:19,504 - Processed 1150/86554 images (1.33%)
2025-04-08 11:45:19,827 - Processing class: Apple 13 -> Apple
2025-04-08 11:45:20,525 - Processed 1200/86554 images (1.39%)
2025-04-08 11:45:21,626 - Processed 1250/86554 images (1.44%)
2025-04-08 11:45:22,741 - Processed 1300/86554 images (1.50%)
2025-04-08 11:45:23,790 - Processed 1350/86554 images (1.56%)
2025-04-08 11:45:24,940 - Processed 1400/86554 images (1.62%)
2025-04-08 11:45:26,028 - Processed 1450/86554 images (1.68%)
2025-04-08 11:45:27,050 - Processed 1500/86554 images (1.73%)
2025-04-08 11:45:28,018 - Processed 1550/86554 images (1.79%)
2025-04-08 11:45:29,050 - Processed 1600/86554 images (1.85%)
2025-04-08 11:45:30,104 - Processed 1650/86554 images (1.91%)
2025-04-08 11:45:31,096 - Processed 1700/86554 images (1.96%)
2025-04-08 11:45:32,072 - Processed 1750/86554 images (2.02%)
2025-04-08 11:45:33,021 - Processed 1800/86554 images (2.08%)
2025-04-08 11:45:33,998 - Processed 1850/86554 images (2.14%)
2025-04-08 11:45:34,269 - Processing class: Apple 14 -> Apple
2025-04-08 11:45:34,947 - Processed 1900/86554 images (2.20%)
2025-04-08 11:45:35,897 - Processed 1950/86554 images (2.25%)
2025-04-08 11:45:36,830 - Processed 2000/86554 images (2.31%)
2025-04-08 11:45:37,820 - Processed 2050/86554 images (2.37%)
2025-04-08 11:45:38,800 - Processed 2100/86554 images (2.43%)
2025-04-08 11:45:39,813 - Processed 2150/86554 images (2.48%)
2025-04-08 11:45:40,817 - Processed 2200/86554 images (2.54%)
2025-04-08 11:45:41,769 - Processed 2250/86554 images (2.60%)
2025-04-08 11:45:42,761 - Processed 2300/86554 images (2.66%)
2025-04-08 11:45:43,373 - Processing class: Apple 17 -> Apple
2025-04-08 11:45:43,755 - Processed 2350/86554 images (2.72%)
2025-04-08 11:45:44,723 - Processed 2400/86554 images (2.77%)
2025-04-08 11:45:45,706 - Processed 2450/86554 images (2.83%)
2025-04-08 11:45:46,687 - Processed 2500/86554 images (2.89%)
2025-04-08 11:45:47,646 - Processed 2550/86554 images (2.95%)
2025-04-08 11:45:48,615 - Processed 2600/86554 images (3.00%)
2025-04-08 11:45:49,609 - Processed 2650/86554 images (3.06%)
2025-04-08 11:45:50,561 - Processed 2700/86554 images (3.12%)
2025-04-08 11:45:51,537 - Processed 2750/86554 images (3.18%)
2025-04-08 11:45:52,569 - Processed 2800/86554 images (3.23%)
2025-04-08 11:45:53,558 - Processed 2850/86554 images (3.29%)
2025-04-08 11:45:54,507 - Processed 2900/86554 images (3.35%)
2025-04-08 11:45:55,279 - Processing class: Apple 19 -> Apple
2025-04-08 11:45:55,472 - Processed 2950/86554 images (3.41%)
2025-04-08 11:45:56,432 - Processed 3000/86554 images (3.47%)
2025-04-08 11:45:57,382 - Processed 3050/86554 images (3.52%)
2025-04-08 11:45:58,330 - Processed 3100/86554 images (3.58%)
2025-04-08 11:45:59,281 - Processed 3150/86554 images (3.64%)
2025-04-08 11:46:00,229 - Processed 3200/86554 images (3.70%)
2025-04-08 11:46:01,180 - Processed 3250/86554 images (3.75%)
2025-04-08 11:46:02,130 - Processed 3300/86554 images (3.81%)
2025-04-08 11:46:03,089 - Processed 3350/86554 images (3.87%)
2025-04-08 11:46:04,041 - Processed 3400/86554 images (3.93%)
2025-04-08 11:46:04,984 - Processed 3450/86554 images (3.99%)
2025-04-08 11:46:05,915 - Processed 3500/86554 images (4.04%)
2025-04-08 11:46:06,859 - Processed 3550/86554 images (4.10%)
2025-04-08 11:46:07,891 - Processed 3600/86554 images (4.16%)
2025-04-08 11:46:08,860 - Processed 3650/86554 images (4.22%)
2025-04-08 11:46:09,222 - Processing class: Apple 6 -> Apple
2025-04-08 11:46:09,872 - Processed 3700/86554 images (4.27%)
2025-04-08 11:46:10,880 - Processed 3750/86554 images (4.33%)
2025-04-08 11:46:11,876 - Processed 3800/86554 images (4.39%)
2025-04-08 11:46:12,875 - Processed 3850/86554 images (4.45%)
2025-04-08 11:46:13,879 - Processed 3900/86554 images (4.51%)
2025-04-08 11:46:14,946 - Processed 3950/86554 images (4.56%)
2025-04-08 11:46:16,028 - Processed 4000/86554 images (4.62%)
2025-04-08 11:46:17,030 - Processed 4050/86554 images (4.68%)
2025-04-08 11:46:18,036 - Processed 4100/86554 images (4.74%)
2025-04-08 11:46:18,882 - Processing class: Apple 9 -> Apple
2025-04-08 11:46:19,048 - Processed 4150/86554 images (4.79%)
2025-04-08 11:46:20,061 - Processed 4200/86554 images (4.85%)
2025-04-08 11:46:21,026 - Processed 4250/86554 images (4.91%)
2025-04-08 11:46:22,160 - Processed 4300/86554 images (4.97%)
2025-04-08 11:46:23,153 - Processed 4350/86554 images (5.03%)
2025-04-08 11:46:24,179 - Processed 4400/86554 images (5.08%)
2025-04-08 11:46:25,166 - Processed 4450/86554 images (5.14%)
2025-04-08 11:46:26,182 - Processed 4500/86554 images (5.20%)
2025-04-08 11:46:27,319 - Processed 4550/86554 images (5.26%)
2025-04-08 11:46:28,337 - Processed 4600/86554 images (5.31%)
2025-04-08 11:46:29,321 - Processed 4650/86554 images (5.37%)
2025-04-08 11:46:30,607 - Processed 4700/86554 images (5.43%)
2025-04-08 11:46:32,089 - Processed 4750/86554 images (5.49%)
2025-04-08 11:46:33,767 - Processed 4800/86554 images (5.55%)
2025-04-08 11:46:34,482 - Processing class: Apple Braeburn 1 -> Apple
2025-04-08 11:46:34,767 - Processed 4850/86554 images (5.60%)
2025-04-08 11:46:35,789 - Processed 4900/86554 images (5.66%)
2025-04-08 11:46:36,772 - Processed 4950/86554 images (5.72%)
2025-04-08 11:46:37,697 - Processed 5000/86554 images (5.78%)
2025-04-08 11:46:38,659 - Processed 5050/86554 images (5.83%)
2025-04-08 11:46:39,613 - Processed 5100/86554 images (5.89%)
2025-04-08 11:46:40,572 - Processed 5150/86554 images (5.95%)
2025-04-08 11:46:41,551 - Processed 5200/86554 images (6.01%)
2025-04-08 11:46:42,528 - Processed 5250/86554 images (6.07%)
2025-04-08 11:46:43,489 - Processed 5300/86554 images (6.12%)
2025-04-08 11:46:44,025 - Processing class: Apple Core 1 -> Apple
2025-04-08 11:46:44,440 - Processed 5350/86554 images (6.18%)
2025-04-08 11:46:45,384 - Processed 5400/86554 images (6.24%)
2025-04-08 11:46:46,344 - Processed 5450/86554 images (6.30%)
2025-04-08 11:46:47,312 - Processed 5500/86554 images (6.35%)
2025-04-08 11:46:48,284 - Processed 5550/86554 images (6.41%)
2025-04-08 11:46:48,519 - Processing class: Apple Crimson Snow 1 -> Apple
2025-04-08 11:46:49,212 - Processed 5600/86554 images (6.47%)
2025-04-08 11:46:50,148 - Processed 5650/86554 images (6.53%)
2025-04-08 11:46:51,078 - Processed 5700/86554 images (6.59%)
2025-04-08 11:46:52,035 - Processed 5750/86554 images (6.64%)
2025-04-08 11:46:53,014 - Processed 5800/86554 images (6.70%)
2025-04-08 11:46:54,047 - Processed 5850/86554 images (6.76%)
2025-04-08 11:46:55,028 - Processed 5900/86554 images (6.82%)
2025-04-08 11:46:56,037 - Processed 5950/86554 images (6.87%)
2025-04-08 11:46:57,092 - Processed 6000/86554 images (6.93%)
2025-04-08 11:46:57,228 - Processing class: Apple Golden 1 -> Apple
2025-04-08 11:46:58,063 - Processed 6050/86554 images (6.99%)
2025-04-08 11:46:59,046 - Processed 6100/86554 images (7.05%)
2025-04-08 11:46:59,991 - Processed 6150/86554 images (7.11%)
2025-04-08 11:47:00,958 - Processed 6200/86554 images (7.16%)
2025-04-08 11:47:01,900 - Processed 6250/86554 images (7.22%)
2025-04-08 11:47:02,843 - Processed 6300/86554 images (7.28%)
2025-04-08 11:47:03,786 - Processed 6350/86554 images (7.34%)
2025-04-08 11:47:04,736 - Processed 6400/86554 images (7.39%)
2025-04-08 11:47:05,638 - Processed 6450/86554 images (7.45%)
2025-04-08 11:47:06,291 - Processing class: Apple Golden 2 -> Apple
2025-04-08 11:47:06,535 - Processed 6500/86554 images (7.51%)
2025-04-08 11:47:07,465 - Processed 6550/86554 images (7.57%)
2025-04-08 11:47:08,421 - Processed 6600/86554 images (7.63%)
2025-04-08 11:47:09,374 - Processed 6650/86554 images (7.68%)
2025-04-08 11:47:10,383 - Processed 6700/86554 images (7.74%)
2025-04-08 11:47:11,353 - Processed 6750/86554 images (7.80%)
2025-04-08 11:47:12,320 - Processed 6800/86554 images (7.86%)
2025-04-08 11:47:13,276 - Processed 6850/86554 images (7.91%)
2025-04-08 11:47:14,227 - Processed 6900/86554 images (7.97%)
2025-04-08 11:47:15,167 - Processed 6950/86554 images (8.03%)
2025-04-08 11:47:15,706 - Processing class: Apple Golden 3 -> Apple
2025-04-08 11:47:16,107 - Processed 7000/86554 images (8.09%)
2025-04-08 11:47:17,050 - Processed 7050/86554 images (8.15%)
2025-04-08 11:47:18,182 - Processed 7100/86554 images (8.20%)
2025-04-08 11:47:19,467 - Processed 7150/86554 images (8.26%)
2025-04-08 11:47:20,568 - Processed 7200/86554 images (8.32%)
2025-04-08 11:47:21,540 - Processed 7250/86554 images (8.38%)
2025-04-08 11:47:22,670 - Processed 7300/86554 images (8.43%)
2025-04-08 11:47:23,742 - Processed 7350/86554 images (8.49%)
2025-04-08 11:47:24,747 - Processed 7400/86554 images (8.55%)
2025-04-08 11:47:25,789 - Processed 7450/86554 images (8.61%)
2025-04-08 11:47:26,019 - Processing class: Apple Granny Smith 1 -> Apple
2025-04-08 11:47:26,979 - Processed 7500/86554 images (8.67%)
2025-04-08 11:47:27,930 - Processed 7550/86554 images (8.72%)
2025-04-08 11:47:28,856 - Processed 7600/86554 images (8.78%)
2025-04-08 11:47:29,784 - Processed 7650/86554 images (8.84%)
2025-04-08 11:47:30,931 - Processed 7700/86554 images (8.90%)
2025-04-08 11:47:31,982 - Processed 7750/86554 images (8.95%)
2025-04-08 11:47:33,090 - Processed 7800/86554 images (9.01%)
2025-04-08 11:47:34,206 - Processed 7850/86554 images (9.07%)
2025-04-08 11:47:35,236 - Processed 7900/86554 images (9.13%)
2025-04-08 11:47:36,704 - Processed 7950/86554 images (9.19%)
2025-04-08 11:47:36,758 - Processing class: Apple hit 1 -> Apple
2025-04-08 11:47:37,662 - Processed 8000/86554 images (9.24%)
2025-04-08 11:47:38,700 - Processed 8050/86554 images (9.30%)
2025-04-08 11:47:40,304 - Processed 8100/86554 images (9.36%)
2025-04-08 11:47:41,507 - Processed 8150/86554 images (9.42%)
2025-04-08 11:47:42,771 - Processed 8200/86554 images (9.47%)
2025-04-08 11:47:43,795 - Processed 8250/86554 images (9.53%)
2025-04-08 11:47:44,886 - Processed 8300/86554 images (9.59%)
2025-04-08 11:47:46,002 - Processed 8350/86554 images (9.65%)
2025-04-08 11:47:47,099 - Processed 8400/86554 images (9.70%)
2025-04-08 11:47:48,102 - Processed 8450/86554 images (9.76%)
2025-04-08 11:47:49,203 - Processed 8500/86554 images (9.82%)
2025-04-08 11:47:50,231 - Processed 8550/86554 images (9.88%)
2025-04-08 11:47:51,214 - Processed 8600/86554 images (9.94%)
2025-04-08 11:47:52,405 - Processed 8650/86554 images (9.99%)
2025-04-08 11:47:52,498 - Processing class: Apple Pink Lady 1 -> Apple
2025-04-08 11:47:53,444 - Processed 8700/86554 images (10.05%)
2025-04-08 11:47:54,418 - Processed 8750/86554 images (10.11%)
2025-04-08 11:47:55,523 - Processed 8800/86554 images (10.17%)
2025-04-08 11:47:56,671 - Processed 8850/86554 images (10.22%)
2025-04-08 11:47:57,675 - Processed 8900/86554 images (10.28%)
2025-04-08 11:47:58,631 - Processed 8950/86554 images (10.34%)
2025-04-08 11:47:59,599 - Processed 9000/86554 images (10.40%)
2025-04-08 11:48:00,588 - Processed 9050/86554 images (10.46%)
2025-04-08 11:48:01,696 - Processed 9100/86554 images (10.51%)
2025-04-08 11:48:01,893 - Processing class: Apple Red 1 -> Apple
2025-04-08 11:48:02,695 - Processed 9150/86554 images (10.57%)
2025-04-08 11:48:03,704 - Processed 9200/86554 images (10.63%)
2025-04-08 11:48:04,747 - Processed 9250/86554 images (10.69%)
2025-04-08 11:48:05,800 - Processed 9300/86554 images (10.74%)
2025-04-08 11:48:06,765 - Processed 9350/86554 images (10.80%)
2025-04-08 11:48:07,752 - Processed 9400/86554 images (10.86%)
2025-04-08 11:48:08,750 - Processed 9450/86554 images (10.92%)
2025-04-08 11:48:09,880 - Processed 9500/86554 images (10.98%)
2025-04-08 11:48:11,139 - Processed 9550/86554 images (11.03%)
2025-04-08 11:48:12,391 - Processed 9600/86554 images (11.09%)
2025-04-08 11:48:12,439 - Processing class: Apple Red 2 -> Apple
2025-04-08 11:48:13,404 - Processed 9650/86554 images (11.15%)
2025-04-08 11:48:14,396 - Processed 9700/86554 images (11.21%)
2025-04-08 11:48:15,424 - Processed 9750/86554 images (11.26%)
2025-04-08 11:48:16,436 - Processed 9800/86554 images (11.32%)
2025-04-08 11:48:17,468 - Processed 9850/86554 images (11.38%)
2025-04-08 11:48:18,625 - Processed 9900/86554 images (11.44%)
2025-04-08 11:48:19,572 - Processed 9950/86554 images (11.50%)
2025-04-08 11:48:20,496 - Processed 10000/86554 images (11.55%)
2025-04-08 11:48:21,475 - Processed 10050/86554 images (11.61%)
2025-04-08 11:48:22,380 - Processing class: Apple Red 3 -> Apple
2025-04-08 11:48:22,508 - Processed 10100/86554 images (11.67%)
2025-04-08 11:48:23,470 - Processed 10150/86554 images (11.73%)
2025-04-08 11:48:24,537 - Processed 10200/86554 images (11.78%)
2025-04-08 11:48:25,418 - Processed 10250/86554 images (11.84%)
2025-04-08 11:48:26,349 - Processed 10300/86554 images (11.90%)
2025-04-08 11:48:27,439 - Processed 10350/86554 images (11.96%)
2025-04-08 11:48:28,668 - Processed 10400/86554 images (12.02%)
2025-04-08 11:48:29,667 - Processed 10450/86554 images (12.07%)
2025-04-08 11:48:30,790 - Processed 10500/86554 images (12.13%)
2025-04-08 11:48:31,225 - Processing class: Apple Red Delicious 1 -> Apple
2025-04-08 11:48:31,849 - Processed 10550/86554 images (12.19%)
2025-04-08 11:48:32,992 - Processed 10600/86554 images (12.25%)
2025-04-08 11:48:33,965 - Processed 10650/86554 images (12.30%)
2025-04-08 11:48:34,922 - Processed 10700/86554 images (12.36%)
2025-04-08 11:48:36,094 - Processed 10750/86554 images (12.42%)
2025-04-08 11:48:37,165 - Processed 10800/86554 images (12.48%)
2025-04-08 11:48:38,178 - Processed 10850/86554 images (12.54%)
2025-04-08 11:48:39,239 - Processed 10900/86554 images (12.59%)
2025-04-08 11:48:40,237 - Processed 10950/86554 images (12.65%)
2025-04-08 11:48:41,239 - Processed 11000/86554 images (12.71%)
2025-04-08 11:48:41,506 - Processing class: Apple Red Yellow 1 -> Apple
2025-04-08 11:48:42,352 - Processed 11050/86554 images (12.77%)
2025-04-08 11:48:43,514 - Processed 11100/86554 images (12.82%)
2025-04-08 11:48:44,503 - Processed 11150/86554 images (12.88%)
2025-04-08 11:48:45,624 - Processed 11200/86554 images (12.94%)
2025-04-08 11:48:46,623 - Processed 11250/86554 images (13.00%)
2025-04-08 11:48:47,641 - Processed 11300/86554 images (13.06%)
2025-04-08 11:48:48,717 - Processed 11350/86554 images (13.11%)
2025-04-08 11:48:49,722 - Processed 11400/86554 images (13.17%)
2025-04-08 11:48:50,710 - Processed 11450/86554 images (13.23%)
2025-04-08 11:48:51,724 - Processed 11500/86554 images (13.29%)
2025-04-08 11:48:51,833 - Processing class: Apple Red Yellow 2 -> Apple
2025-04-08 11:48:52,802 - Processed 11550/86554 images (13.34%)
2025-04-08 11:48:53,813 - Processed 11600/86554 images (13.40%)
2025-04-08 11:48:54,862 - Processed 11650/86554 images (13.46%)
2025-04-08 11:48:55,832 - Processed 11700/86554 images (13.52%)
2025-04-08 11:48:56,820 - Processed 11750/86554 images (13.58%)
2025-04-08 11:48:57,889 - Processed 11800/86554 images (13.63%)
2025-04-08 11:48:58,870 - Processed 11850/86554 images (13.69%)
2025-04-08 11:48:59,907 - Processed 11900/86554 images (13.75%)
2025-04-08 11:49:00,904 - Processed 11950/86554 images (13.81%)
2025-04-08 11:49:02,111 - Processed 12000/86554 images (13.86%)
2025-04-08 11:49:03,195 - Processed 12050/86554 images (13.92%)
2025-04-08 11:49:04,241 - Processed 12100/86554 images (13.98%)
2025-04-08 11:49:05,348 - Processed 12150/86554 images (14.04%)
2025-04-08 11:49:05,897 - Processing class: Apple Rotten 1 -> Apple
2025-04-08 11:49:06,362 - Processed 12200/86554 images (14.10%)
2025-04-08 11:49:07,378 - Processed 12250/86554 images (14.15%)
2025-04-08 11:49:08,386 - Processed 12300/86554 images (14.21%)
2025-04-08 11:49:09,446 - Processed 12350/86554 images (14.27%)
2025-04-08 11:49:10,443 - Processed 12400/86554 images (14.33%)
2025-04-08 11:49:11,413 - Processed 12450/86554 images (14.38%)
2025-04-08 11:49:12,392 - Processed 12500/86554 images (14.44%)
2025-04-08 11:49:13,503 - Processed 12550/86554 images (14.50%)
2025-04-08 11:49:14,770 - Processed 12600/86554 images (14.56%)
2025-04-08 11:49:15,979 - Processed 12650/86554 images (14.62%)
2025-04-08 11:49:16,307 - Processing class: Apple worm 1 -> Apple
2025-04-08 11:49:17,291 - Processed 12700/86554 images (14.67%)
2025-04-08 11:49:18,372 - Processed 12750/86554 images (14.73%)
2025-04-08 11:49:19,468 - Processed 12800/86554 images (14.79%)
2025-04-08 11:49:20,516 - Processed 12850/86554 images (14.85%)
2025-04-08 11:49:21,593 - Processed 12900/86554 images (14.90%)
2025-04-08 11:49:22,637 - Processed 12950/86554 images (14.96%)
2025-04-08 11:49:23,671 - Processed 13000/86554 images (15.02%)
2025-04-08 11:49:24,703 - Processed 13050/86554 images (15.08%)
2025-04-08 11:49:25,710 - Processed 13100/86554 images (15.14%)
2025-04-08 11:49:26,850 - Processed 13150/86554 images (15.19%)
2025-04-08 11:49:27,817 - Processed 13200/86554 images (15.25%)
2025-04-08 11:49:28,751 - Processed 13250/86554 images (15.31%)
2025-04-08 11:49:29,985 - Processed 13300/86554 images (15.37%)
2025-04-08 11:49:30,967 - Processed 13350/86554 images (15.42%)
2025-04-08 11:49:31,198 - Processing class: Apricot 1 -> Apricot
2025-04-08 11:49:31,938 - Processed 13400/86554 images (15.48%)
2025-04-08 11:49:33,066 - Processed 13450/86554 images (15.54%)
2025-04-08 11:49:34,028 - Processed 13500/86554 images (15.60%)
2025-04-08 11:49:34,976 - Processed 13550/86554 images (15.65%)
2025-04-08 11:49:35,915 - Processed 13600/86554 images (15.71%)
2025-04-08 11:49:37,662 - Processed 13650/86554 images (15.77%)
2025-04-08 11:49:38,722 - Processed 13700/86554 images (15.83%)
2025-04-08 11:49:39,823 - Processed 13750/86554 images (15.89%)
2025-04-08 11:49:40,888 - Processed 13800/86554 images (15.94%)
2025-04-08 11:49:41,906 - Processed 13850/86554 images (16.00%)
2025-04-08 11:49:41,969 - Processing class: Avocado 1 -> Avocado
2025-04-08 11:49:42,933 - Processed 13900/86554 images (16.06%)
2025-04-08 11:49:43,922 - Processed 13950/86554 images (16.12%)
2025-04-08 11:49:44,910 - Processed 14000/86554 images (16.17%)
2025-04-08 11:49:45,869 - Processed 14050/86554 images (16.23%)
2025-04-08 11:49:46,887 - Processed 14100/86554 images (16.29%)
2025-04-08 11:49:47,913 - Processed 14150/86554 images (16.35%)
2025-04-08 11:49:48,925 - Processed 14200/86554 images (16.41%)
2025-04-08 11:49:49,916 - Processed 14250/86554 images (16.46%)
2025-04-08 11:49:50,653 - Processing class: Avocado ripe 1 -> Avocado
2025-04-08 11:49:51,048 - Processed 14300/86554 images (16.52%)
2025-04-08 11:49:52,025 - Processed 14350/86554 images (16.58%)
2025-04-08 11:49:53,006 - Processed 14400/86554 images (16.64%)
2025-04-08 11:49:54,101 - Processed 14450/86554 images (16.69%)
2025-04-08 11:49:55,207 - Processed 14500/86554 images (16.75%)
2025-04-08 11:49:56,326 - Processed 14550/86554 images (16.81%)
2025-04-08 11:49:57,507 - Processed 14600/86554 images (16.87%)
2025-04-08 11:49:58,481 - Processed 14650/86554 images (16.93%)
2025-04-08 11:49:59,671 - Processed 14700/86554 images (16.98%)
2025-04-08 11:50:00,634 - Processed 14750/86554 images (17.04%)
2025-04-08 11:50:01,028 - Processing class: Banana 1 -> Banana
2025-04-08 11:50:01,709 - Processed 14800/86554 images (17.10%)
2025-04-08 11:50:02,785 - Processed 14850/86554 images (17.16%)
2025-04-08 11:50:03,798 - Processed 14900/86554 images (17.21%)
2025-04-08 11:50:04,885 - Processed 14950/86554 images (17.27%)
2025-04-08 11:50:05,938 - Processed 15000/86554 images (17.33%)
2025-04-08 11:50:07,065 - Processed 15050/86554 images (17.39%)
2025-04-08 11:50:08,028 - Processed 15100/86554 images (17.45%)
2025-04-08 11:50:08,982 - Processed 15150/86554 images (17.50%)
2025-04-08 11:50:09,963 - Processed 15200/86554 images (17.56%)
2025-04-08 11:50:10,981 - Processed 15250/86554 images (17.62%)
2025-04-08 11:50:11,194 - Processing class: Banana 3 -> Banana
2025-04-08 11:50:11,975 - Processed 15300/86554 images (17.68%)
2025-04-08 11:50:12,959 - Processed 15350/86554 images (17.73%)
2025-04-08 11:50:14,306 - Processed 15400/86554 images (17.79%)
2025-04-08 11:50:15,375 - Processed 15450/86554 images (17.85%)
2025-04-08 11:50:16,247 - Processing class: Banana Lady Finger 1 -> Banana
2025-04-08 11:50:16,367 - Processed 15500/86554 images (17.91%)
2025-04-08 11:50:17,423 - Processed 15550/86554 images (17.97%)
2025-04-08 11:50:18,437 - Processed 15600/86554 images (18.02%)
2025-04-08 11:50:19,437 - Processed 15650/86554 images (18.08%)
2025-04-08 11:50:20,417 - Processed 15700/86554 images (18.14%)
2025-04-08 11:50:21,660 - Processed 15750/86554 images (18.20%)
2025-04-08 11:50:22,803 - Processed 15800/86554 images (18.25%)
2025-04-08 11:50:23,925 - Processed 15850/86554 images (18.31%)
2025-04-08 11:50:25,003 - Processed 15900/86554 images (18.37%)
2025-04-08 11:50:25,918 - Processing class: Banana Red 1 -> Banana
2025-04-08 11:50:26,034 - Processed 15950/86554 images (18.43%)
2025-04-08 11:50:27,020 - Processed 16000/86554 images (18.49%)
2025-04-08 11:50:28,032 - Processed 16050/86554 images (18.54%)
2025-04-08 11:50:29,011 - Processed 16100/86554 images (18.60%)
2025-04-08 11:50:29,998 - Processed 16150/86554 images (18.66%)
2025-04-08 11:50:31,306 - Processed 16200/86554 images (18.72%)
2025-04-08 11:50:32,375 - Processed 16250/86554 images (18.77%)
2025-04-08 11:50:33,370 - Processed 16300/86554 images (18.83%)
2025-04-08 11:50:34,424 - Processed 16350/86554 images (18.89%)
2025-04-08 11:50:35,445 - Processed 16400/86554 images (18.95%)
2025-04-08 11:50:36,253 - Processing class: Beans 1 -> Beans
2025-04-08 11:50:36,583 - Processed 16450/86554 images (19.01%)
2025-04-08 11:50:37,549 - Processed 16500/86554 images (19.06%)
2025-04-08 11:50:38,890 - Processed 16550/86554 images (19.12%)
2025-04-08 11:50:39,915 - Processed 16600/86554 images (19.18%)
2025-04-08 11:50:40,961 - Processed 16650/86554 images (19.24%)
2025-04-08 11:50:41,310 - Processing class: Beetroot 1 -> Beetroot
2025-04-08 11:50:41,968 - Processed 16700/86554 images (19.29%)
2025-04-08 11:50:43,120 - Processed 16750/86554 images (19.35%)
2025-04-08 11:50:44,120 - Processed 16800/86554 images (19.41%)
2025-04-08 11:50:45,074 - Processed 16850/86554 images (19.47%)
2025-04-08 11:50:46,050 - Processed 16900/86554 images (19.53%)
2025-04-08 11:50:47,298 - Processed 16950/86554 images (19.58%)
2025-04-08 11:50:48,293 - Processed 17000/86554 images (19.64%)
2025-04-08 11:50:49,280 - Processed 17050/86554 images (19.70%)
2025-04-08 11:50:50,426 - Processed 17100/86554 images (19.76%)
2025-04-08 11:50:50,777 - Processing class: Blackberrie 1 -> Blackberry
2025-04-08 11:50:51,431 - Processed 17150/86554 images (19.81%)
2025-04-08 11:50:52,414 - Processed 17200/86554 images (19.87%)
2025-04-08 11:50:53,511 - Processed 17250/86554 images (19.93%)
2025-04-08 11:50:54,634 - Processed 17300/86554 images (19.99%)
2025-04-08 11:50:55,614 - Processed 17350/86554 images (20.05%)
2025-04-08 11:50:56,580 - Processed 17400/86554 images (20.10%)
2025-04-08 11:50:57,525 - Processed 17450/86554 images (20.16%)
2025-04-08 11:50:58,537 - Processed 17500/86554 images (20.22%)
2025-04-08 11:50:59,571 - Processed 17550/86554 images (20.28%)
2025-04-08 11:50:59,904 - Processing class: Blackberrie 2 -> Blackberry
2025-04-08 11:51:00,558 - Processed 17600/86554 images (20.33%)
2025-04-08 11:51:01,523 - Processed 17650/86554 images (20.39%)
2025-04-08 11:51:02,761 - Processed 17700/86554 images (20.45%)
2025-04-08 11:51:03,696 - Processed 17750/86554 images (20.51%)
2025-04-08 11:51:04,510 - Processing class: Blackberrie half rippen 1 -> Blackberry
2025-04-08 11:51:04,666 - Processed 17800/86554 images (20.57%)
2025-04-08 11:51:05,645 - Processed 17850/86554 images (20.62%)
2025-04-08 11:51:07,008 - Processed 17900/86554 images (20.68%)
2025-04-08 11:51:08,022 - Processed 17950/86554 images (20.74%)
2025-04-08 11:51:09,021 - Processed 18000/86554 images (20.80%)
2025-04-08 11:51:10,277 - Processed 18050/86554 images (20.85%)
2025-04-08 11:51:11,254 - Processed 18100/86554 images (20.91%)
2025-04-08 11:51:12,220 - Processed 18150/86554 images (20.97%)
2025-04-08 11:51:13,508 - Processed 18200/86554 images (21.03%)
2025-04-08 11:51:14,413 - Processing class: Blackberrie not rippen 1 -> Blackberry
2025-04-08 11:51:14,595 - Processed 18250/86554 images (21.09%)
2025-04-08 11:51:15,673 - Processed 18300/86554 images (21.14%)
2025-04-08 11:51:16,651 - Processed 18350/86554 images (21.20%)
2025-04-08 11:51:17,586 - Processed 18400/86554 images (21.26%)
2025-04-08 11:51:18,500 - Processed 18450/86554 images (21.32%)
2025-04-08 11:51:19,682 - Processed 18500/86554 images (21.37%)
2025-04-08 11:51:20,684 - Processed 18550/86554 images (21.43%)
2025-04-08 11:51:21,779 - Processed 18600/86554 images (21.49%)
2025-04-08 11:51:23,013 - Processed 18650/86554 images (21.55%)
2025-04-08 11:51:24,002 - Processed 18700/86554 images (21.61%)
2025-04-08 11:51:25,084 - Processed 18750/86554 images (21.66%)
2025-04-08 11:51:26,073 - Processed 18800/86554 images (21.72%)
2025-04-08 11:51:27,044 - Processed 18850/86554 images (21.78%)
2025-04-08 11:51:27,990 - Processed 18900/86554 images (21.84%)
2025-04-08 11:51:28,300 - Processing class: Blueberry 1 -> Blueberry
2025-04-08 11:51:28,920 - Processed 18950/86554 images (21.89%)
2025-04-08 11:51:30,231 - Processed 19000/86554 images (21.95%)
2025-04-08 11:51:31,412 - Processed 19050/86554 images (22.01%)
2025-04-08 11:51:32,423 - Processed 19100/86554 images (22.07%)
2025-04-08 11:51:33,679 - Processed 19150/86554 images (22.12%)
2025-04-08 11:51:34,595 - Processed 19200/86554 images (22.18%)
2025-04-08 11:51:35,530 - Processed 19250/86554 images (22.24%)
2025-04-08 11:51:36,713 - Processed 19300/86554 images (22.30%)
2025-04-08 11:51:37,796 - Processed 19350/86554 images (22.36%)
2025-04-08 11:51:38,340 - Processing class: Cabbage red 1 -> Cabbage
2025-04-08 11:51:38,777 - Processed 19400/86554 images (22.41%)
2025-04-08 11:51:39,787 - Processed 19450/86554 images (22.47%)
2025-04-08 11:51:40,809 - Processed 19500/86554 images (22.53%)
2025-04-08 11:51:41,374 - Processing class: Cabbage white 1 -> Cabbage
2025-04-08 11:51:41,787 - Processed 19550/86554 images (22.59%)
2025-04-08 11:51:42,886 - Processed 19600/86554 images (22.64%)
2025-04-08 11:51:43,830 - Processed 19650/86554 images (22.70%)
2025-04-08 11:51:44,265 - Processing class: Cactus fruit 1 -> Cactus fruit
2025-04-08 11:51:44,782 - Processed 19700/86554 images (22.76%)
2025-04-08 11:51:45,727 - Processed 19750/86554 images (22.82%)
2025-04-08 11:51:47,082 - Processed 19800/86554 images (22.88%)
2025-04-08 11:51:48,273 - Processed 19850/86554 images (22.93%)
2025-04-08 11:51:49,313 - Processed 19900/86554 images (22.99%)
2025-04-08 11:51:50,442 - Processed 19950/86554 images (23.05%)
2025-04-08 11:51:51,442 - Processed 20000/86554 images (23.11%)
2025-04-08 11:51:52,656 - Processed 20050/86554 images (23.16%)
2025-04-08 11:51:53,715 - Processed 20100/86554 images (23.22%)
2025-04-08 11:51:54,779 - Processed 20150/86554 images (23.28%)
2025-04-08 11:51:55,012 - Processing class: Cactus fruit green 1 -> Cactus fruit
2025-04-08 11:51:55,877 - Processed 20200/86554 images (23.34%)
2025-04-08 11:51:56,824 - Processed 20250/86554 images (23.40%)
2025-04-08 11:51:57,792 - Processed 20300/86554 images (23.45%)
2025-04-08 11:51:58,914 - Processed 20350/86554 images (23.51%)
2025-04-08 11:51:59,943 - Processed 20400/86554 images (23.57%)
2025-04-08 11:52:01,007 - Processed 20450/86554 images (23.63%)
2025-04-08 11:52:02,303 - Processed 20500/86554 images (23.68%)
2025-04-08 11:52:03,331 - Processed 20550/86554 images (23.74%)
2025-04-08 11:52:04,311 - Processed 20600/86554 images (23.80%)
2025-04-08 11:52:05,695 - Processed 20650/86554 images (23.86%)
2025-04-08 11:52:06,773 - Processed 20700/86554 images (23.92%)
2025-04-08 11:52:07,805 - Processed 20750/86554 images (23.97%)
2025-04-08 11:52:08,917 - Processed 20800/86554 images (24.03%)
2025-04-08 11:52:09,877 - Processed 20850/86554 images (24.09%)
2025-04-08 11:52:10,099 - Processing class: Cactus fruit red 1 -> Cactus fruit
2025-04-08 11:52:10,867 - Processed 20900/86554 images (24.15%)
2025-04-08 11:52:12,243 - Processed 20950/86554 images (24.20%)
2025-04-08 11:52:13,284 - Processed 21000/86554 images (24.26%)
2025-04-08 11:52:14,308 - Processed 21050/86554 images (24.32%)
2025-04-08 11:52:15,357 - Processed 21100/86554 images (24.38%)
2025-04-08 11:52:16,536 - Processed 21150/86554 images (24.44%)
2025-04-08 11:52:17,533 - Processed 21200/86554 images (24.49%)
2025-04-08 11:52:18,539 - Processed 21250/86554 images (24.55%)
2025-04-08 11:52:19,573 - Processed 21300/86554 images (24.61%)
2025-04-08 11:52:20,555 - Processed 21350/86554 images (24.67%)
2025-04-08 11:52:21,540 - Processed 21400/86554 images (24.72%)
2025-04-08 11:52:22,512 - Processed 21450/86554 images (24.78%)
2025-04-08 11:52:23,505 - Processed 21500/86554 images (24.84%)
2025-04-08 11:52:24,545 - Processed 21550/86554 images (24.90%)
2025-04-08 11:52:24,968 - No mapping found for: Caju seed 1. Skipping.
2025-04-08 11:52:24,969 - Processing class: Cantaloupe 1 -> Cantaloupe
2025-04-08 11:52:25,462 - Processed 21600/86554 images (24.96%)
2025-04-08 11:52:26,500 - Processed 21650/86554 images (25.01%)
2025-04-08 11:52:27,501 - Processed 21700/86554 images (25.07%)
2025-04-08 11:52:28,773 - Processed 21750/86554 images (25.13%)
2025-04-08 11:52:29,854 - Processed 21800/86554 images (25.19%)
2025-04-08 11:52:30,833 - Processed 21850/86554 images (25.24%)
2025-04-08 11:52:31,980 - Processed 21900/86554 images (25.30%)
2025-04-08 11:52:33,051 - Processed 21950/86554 images (25.36%)
2025-04-08 11:52:33,993 - Processed 22000/86554 images (25.42%)
2025-04-08 11:52:35,003 - Processed 22050/86554 images (25.48%)
2025-04-08 11:52:35,278 - Processing class: Cantaloupe 2 -> Cantaloupe
2025-04-08 11:52:36,043 - Processed 22100/86554 images (25.53%)
2025-04-08 11:52:37,068 - Processed 22150/86554 images (25.59%)
2025-04-08 11:52:38,063 - Processed 22200/86554 images (25.65%)
2025-04-08 11:52:39,061 - Processed 22250/86554 images (25.71%)
2025-04-08 11:52:40,272 - Processed 22300/86554 images (25.76%)
2025-04-08 11:52:41,199 - Processed 22350/86554 images (25.82%)
2025-04-08 11:52:42,272 - Processed 22400/86554 images (25.88%)
2025-04-08 11:52:43,629 - Processed 22450/86554 images (25.94%)
2025-04-08 11:52:44,687 - Processed 22500/86554 images (26.00%)
2025-04-08 11:52:45,790 - Processed 22550/86554 images (26.05%)
2025-04-08 11:52:45,961 - Processing class: Carambula 1 -> Carambula
2025-04-08 11:52:46,893 - Processed 22600/86554 images (26.11%)
2025-04-08 11:52:47,874 - Processed 22650/86554 images (26.17%)
2025-04-08 11:52:48,873 - Processed 22700/86554 images (26.23%)
2025-04-08 11:52:50,143 - Processed 22750/86554 images (26.28%)
2025-04-08 11:52:51,203 - Processed 22800/86554 images (26.34%)
2025-04-08 11:52:52,206 - Processed 22850/86554 images (26.40%)
2025-04-08 11:52:53,156 - Processed 22900/86554 images (26.46%)
2025-04-08 11:52:54,173 - Processed 22950/86554 images (26.52%)
2025-04-08 11:52:55,194 - Processed 23000/86554 images (26.57%)
2025-04-08 11:52:56,287 - Processing class: Carrot 1 -> Carrot
2025-04-08 11:52:56,347 - Processed 23050/86554 images (26.63%)
2025-04-08 11:52:57,307 - Processed 23100/86554 images (26.69%)
2025-04-08 11:52:58,274 - Processed 23150/86554 images (26.75%)
2025-04-08 11:52:59,436 - Processing class: Cauliflower 1 -> Cauliflower
2025-04-08 11:52:59,482 - Processed 23200/86554 images (26.80%)
2025-04-08 11:53:00,970 - Processed 23250/86554 images (26.86%)
2025-04-08 11:53:02,162 - Processed 23300/86554 images (26.92%)
2025-04-08 11:53:03,317 - Processed 23350/86554 images (26.98%)
2025-04-08 11:53:04,336 - Processed 23400/86554 images (27.04%)
2025-04-08 11:53:05,313 - Processed 23450/86554 images (27.09%)
2025-04-08 11:53:06,473 - Processed 23500/86554 images (27.15%)
2025-04-08 11:53:07,717 - Processed 23550/86554 images (27.21%)
2025-04-08 11:53:08,774 - Processed 23600/86554 images (27.27%)
2025-04-08 11:53:09,792 - Processed 23650/86554 images (27.32%)
2025-04-08 11:53:10,860 - Processed 23700/86554 images (27.38%)
2025-04-08 11:53:11,826 - Processed 23750/86554 images (27.44%)
2025-04-08 11:53:12,758 - Processed 23800/86554 images (27.50%)
2025-04-08 11:53:13,702 - Processed 23850/86554 images (27.56%)
2025-04-08 11:53:14,947 - Processed 23900/86554 images (27.61%)
2025-04-08 11:53:14,947 - Processing class: Cherimoya 1 -> Cherimoya
2025-04-08 11:53:15,954 - Processed 23950/86554 images (27.67%)
2025-04-08 11:53:17,028 - Processed 24000/86554 images (27.73%)
2025-04-08 11:53:18,184 - Processed 24050/86554 images (27.79%)
2025-04-08 11:53:19,340 - Processed 24100/86554 images (27.84%)
2025-04-08 11:53:20,333 - Processed 24150/86554 images (27.90%)
2025-04-08 11:53:21,315 - Processed 24200/86554 images (27.96%)
2025-04-08 11:53:22,646 - Processed 24250/86554 images (28.02%)
2025-04-08 11:53:23,726 - Processed 24300/86554 images (28.07%)
2025-04-08 11:53:24,782 - Processed 24350/86554 images (28.13%)
2025-04-08 11:53:25,947 - Processed 24400/86554 images (28.19%)
2025-04-08 11:53:26,915 - Processed 24450/86554 images (28.25%)
2025-04-08 11:53:27,896 - Processed 24500/86554 images (28.31%)
2025-04-08 11:53:29,039 - Processed 24550/86554 images (28.36%)
2025-04-08 11:53:30,120 - Processed 24600/86554 images (28.42%)
2025-04-08 11:53:31,156 - Processed 24650/86554 images (28.48%)
2025-04-08 11:53:32,317 - Processed 24700/86554 images (28.54%)
2025-04-08 11:53:33,442 - Processed 24750/86554 images (28.59%)
2025-04-08 11:53:34,458 - Processed 24800/86554 images (28.65%)
2025-04-08 11:53:35,709 - Processed 24850/86554 images (28.71%)
2025-04-08 11:53:36,183 - Processing class: Cherry 1 -> Cherry
2025-04-08 11:53:36,762 - Processed 24900/86554 images (28.77%)
2025-04-08 11:53:37,812 - Processed 24950/86554 images (28.83%)
2025-04-08 11:53:38,891 - Processed 25000/86554 images (28.88%)
2025-04-08 11:53:39,914 - Processed 25050/86554 images (28.94%)
2025-04-08 11:53:40,896 - Processed 25100/86554 images (29.00%)
2025-04-08 11:53:42,176 - Processed 25150/86554 images (29.06%)
2025-04-08 11:53:43,273 - Processed 25200/86554 images (29.11%)
2025-04-08 11:53:44,367 - Processed 25250/86554 images (29.17%)
2025-04-08 11:53:45,360 - Processed 25300/86554 images (29.23%)
2025-04-08 11:53:46,523 - Processed 25350/86554 images (29.29%)
2025-04-08 11:53:46,800 - Processing class: Cherry 2 -> Cherry
2025-04-08 11:53:47,505 - Processed 25400/86554 images (29.35%)
2025-04-08 11:53:48,481 - Processed 25450/86554 images (29.40%)
2025-04-08 11:53:49,700 - Processed 25500/86554 images (29.46%)
2025-04-08 11:53:50,800 - Processed 25550/86554 images (29.52%)
2025-04-08 11:53:51,830 - Processed 25600/86554 images (29.58%)
2025-04-08 11:53:52,854 - Processed 25650/86554 images (29.63%)
2025-04-08 11:53:53,874 - Processed 25700/86554 images (29.69%)
2025-04-08 11:53:55,009 - Processed 25750/86554 images (29.75%)
2025-04-08 11:53:56,009 - Processed 25800/86554 images (29.81%)
2025-04-08 11:53:57,097 - Processed 25850/86554 images (29.87%)
2025-04-08 11:53:58,164 - Processed 25900/86554 images (29.92%)
2025-04-08 11:53:59,252 - Processed 25950/86554 images (29.98%)
2025-04-08 11:54:00,262 - Processed 26000/86554 images (30.04%)
2025-04-08 11:54:01,564 - Processed 26050/86554 images (30.10%)
2025-04-08 11:54:02,786 - Processed 26100/86554 images (30.15%)
2025-04-08 11:54:02,834 - Processing class: Cherry Rainier 1 -> Cherry
2025-04-08 11:54:03,862 - Processed 26150/86554 images (30.21%)
2025-04-08 11:54:04,994 - Processed 26200/86554 images (30.27%)
2025-04-08 11:54:06,003 - Processed 26250/86554 images (30.33%)
2025-04-08 11:54:07,103 - Processed 26300/86554 images (30.39%)
2025-04-08 11:54:08,093 - Processed 26350/86554 images (30.44%)
2025-04-08 11:54:09,172 - Processed 26400/86554 images (30.50%)
2025-04-08 11:54:10,196 - Processed 26450/86554 images (30.56%)
2025-04-08 11:54:11,226 - Processed 26500/86554 images (30.62%)
2025-04-08 11:54:12,325 - Processed 26550/86554 images (30.67%)
2025-04-08 11:54:13,365 - Processed 26600/86554 images (30.73%)
2025-04-08 11:54:14,352 - Processed 26650/86554 images (30.79%)
2025-04-08 11:54:15,371 - Processed 26700/86554 images (30.85%)
2025-04-08 11:54:16,370 - Processed 26750/86554 images (30.91%)
2025-04-08 11:54:17,414 - Processed 26800/86554 images (30.96%)
2025-04-08 11:54:18,136 - Processing class: Cherry Wax Black 1 -> Cherry
2025-04-08 11:54:18,321 - Processed 26850/86554 images (31.02%)
2025-04-08 11:54:19,312 - Processed 26900/86554 images (31.08%)
2025-04-08 11:54:20,304 - Processed 26950/86554 images (31.14%)
2025-04-08 11:54:21,774 - Processed 27000/86554 images (31.19%)
2025-04-08 11:54:22,876 - Processed 27050/86554 images (31.25%)
2025-04-08 11:54:23,957 - Processed 27100/86554 images (31.31%)
2025-04-08 11:54:25,050 - Processed 27150/86554 images (31.37%)
2025-04-08 11:54:26,013 - Processed 27200/86554 images (31.43%)
2025-04-08 11:54:26,976 - Processed 27250/86554 images (31.48%)
2025-04-08 11:54:28,107 - Processed 27300/86554 images (31.54%)
2025-04-08 11:54:28,698 - Processing class: Cherry Wax not rippen 1 -> Cherry
2025-04-08 11:54:29,039 - Processed 27350/86554 images (31.60%)
2025-04-08 11:54:30,454 - Processed 27400/86554 images (31.66%)
2025-04-08 11:54:31,455 - Processed 27450/86554 images (31.71%)
2025-04-08 11:54:32,642 - Processed 27500/86554 images (31.77%)
2025-04-08 11:54:33,720 - Processed 27550/86554 images (31.83%)
2025-04-08 11:54:34,667 - Processed 27600/86554 images (31.89%)
2025-04-08 11:54:35,816 - Processed 27650/86554 images (31.95%)
2025-04-08 11:54:36,810 - Processed 27700/86554 images (32.00%)
2025-04-08 11:54:38,239 - Processed 27750/86554 images (32.06%)
2025-04-08 11:54:39,661 - Processed 27800/86554 images (32.12%)
2025-04-08 11:54:40,780 - Processed 27850/86554 images (32.18%)
2025-04-08 11:54:41,902 - Processed 27900/86554 images (32.23%)
2025-04-08 11:54:42,889 - Processed 27950/86554 images (32.29%)
2025-04-08 11:54:44,269 - Processed 28000/86554 images (32.35%)
2025-04-08 11:54:44,403 - Processing class: Cherry Wax Red 1 -> Cherry
2025-04-08 11:54:45,296 - Processed 28050/86554 images (32.41%)
2025-04-08 11:54:46,302 - Processed 28100/86554 images (32.47%)
2025-04-08 11:54:47,330 - Processed 28150/86554 images (32.52%)
2025-04-08 11:54:48,410 - Processed 28200/86554 images (32.58%)
2025-04-08 11:54:49,368 - Processed 28250/86554 images (32.64%)
2025-04-08 11:54:50,640 - Processed 28300/86554 images (32.70%)
2025-04-08 11:54:51,687 - Processed 28350/86554 images (32.75%)
2025-04-08 11:54:52,734 - Processed 28400/86554 images (32.81%)
2025-04-08 11:54:53,904 - Processed 28450/86554 images (32.87%)
2025-04-08 11:54:54,915 - Processing class: Cherry Wax Yellow 1 -> Cherry
2025-04-08 11:54:54,935 - Processed 28500/86554 images (32.93%)
2025-04-08 11:54:56,222 - Processed 28550/86554 images (32.99%)
2025-04-08 11:54:57,223 - Processed 28600/86554 images (33.04%)
2025-04-08 11:54:58,254 - Processed 28650/86554 images (33.10%)
2025-04-08 11:54:59,227 - Processed 28700/86554 images (33.16%)
2025-04-08 11:55:00,178 - Processed 28750/86554 images (33.22%)
2025-04-08 11:55:01,257 - Processed 28800/86554 images (33.27%)
2025-04-08 11:55:02,272 - Processed 28850/86554 images (33.33%)
2025-04-08 11:55:03,275 - Processed 28900/86554 images (33.39%)
2025-04-08 11:55:04,295 - Processed 28950/86554 images (33.45%)
2025-04-08 11:55:05,086 - Processing class: Chestnut 1 -> Chestnut
2025-04-08 11:55:05,324 - Processed 29000/86554 images (33.51%)
2025-04-08 11:55:06,524 - Processed 29050/86554 images (33.56%)
2025-04-08 11:55:07,640 - Processed 29100/86554 images (33.62%)
2025-04-08 11:55:08,721 - Processed 29150/86554 images (33.68%)
2025-04-08 11:55:09,711 - Processed 29200/86554 images (33.74%)
2025-04-08 11:55:10,986 - Processed 29250/86554 images (33.79%)
2025-04-08 11:55:11,990 - Processed 29300/86554 images (33.85%)
2025-04-08 11:55:13,088 - Processed 29350/86554 images (33.91%)
2025-04-08 11:55:14,287 - Processed 29400/86554 images (33.97%)
2025-04-08 11:55:15,083 - Processing class: Clementine 1 -> Clementine
2025-04-08 11:55:15,471 - Processed 29450/86554 images (34.03%)
2025-04-08 11:55:16,466 - Processed 29500/86554 images (34.08%)
2025-04-08 11:55:17,719 - Processed 29550/86554 images (34.14%)
2025-04-08 11:55:18,764 - Processed 29600/86554 images (34.20%)
2025-04-08 11:55:20,069 - Processed 29650/86554 images (34.26%)
2025-04-08 11:55:21,090 - Processed 29700/86554 images (34.31%)
2025-04-08 11:55:22,083 - Processed 29750/86554 images (34.37%)
2025-04-08 11:55:23,227 - Processed 29800/86554 images (34.43%)
2025-04-08 11:55:24,145 - Processed 29850/86554 images (34.49%)
2025-04-08 11:55:25,122 - Processed 29900/86554 images (34.54%)
2025-04-08 11:55:25,929 - Processing class: Cocos 1 -> Coconut
2025-04-08 11:55:26,386 - Processed 29950/86554 images (34.60%)
2025-04-08 11:55:27,439 - Processed 30000/86554 images (34.66%)
2025-04-08 11:55:28,483 - Processed 30050/86554 images (34.72%)
2025-04-08 11:55:29,623 - Processed 30100/86554 images (34.78%)
2025-04-08 11:55:30,648 - Processed 30150/86554 images (34.83%)
2025-04-08 11:55:32,035 - Processed 30200/86554 images (34.89%)
2025-04-08 11:55:33,191 - Processed 30250/86554 images (34.95%)
2025-04-08 11:55:34,307 - Processed 30300/86554 images (35.01%)
2025-04-08 11:55:35,550 - Processed 30350/86554 images (35.06%)
2025-04-08 11:55:36,607 - Processed 30400/86554 images (35.12%)
2025-04-08 11:55:37,062 - Processing class: Corn 1 -> Corn
2025-04-08 11:55:37,945 - Processed 30450/86554 images (35.18%)
2025-04-08 11:55:38,899 - Processed 30500/86554 images (35.24%)
2025-04-08 11:55:40,007 - Processed 30550/86554 images (35.30%)
2025-04-08 11:55:40,933 - Processed 30600/86554 images (35.35%)
2025-04-08 11:55:42,068 - Processed 30650/86554 images (35.41%)
2025-04-08 11:55:43,030 - Processed 30700/86554 images (35.47%)
2025-04-08 11:55:44,002 - Processed 30750/86554 images (35.53%)
2025-04-08 11:55:44,951 - Processed 30800/86554 images (35.58%)
2025-04-08 11:55:46,074 - Processed 30850/86554 images (35.64%)
2025-04-08 11:55:46,562 - Processing class: Corn Husk 1 -> Corn
2025-04-08 11:55:47,339 - Processed 30900/86554 images (35.70%)
2025-04-08 11:55:48,413 - Processed 30950/86554 images (35.76%)
2025-04-08 11:55:49,568 - Processed 31000/86554 images (35.82%)
2025-04-08 11:55:50,633 - Processed 31050/86554 images (35.87%)
2025-04-08 11:55:51,615 - Processed 31100/86554 images (35.93%)
2025-04-08 11:55:52,765 - Processed 31150/86554 images (35.99%)
2025-04-08 11:55:53,991 - Processed 31200/86554 images (36.05%)
2025-04-08 11:55:55,073 - Processed 31250/86554 images (36.10%)
2025-04-08 11:55:56,179 - Processed 31300/86554 images (36.16%)
2025-04-08 11:55:56,867 - Processing class: Cucumber 1 -> Cucumber
2025-04-08 11:55:57,204 - Processed 31350/86554 images (36.22%)
2025-04-08 11:55:58,189 - Processed 31400/86554 images (36.28%)
2025-04-08 11:55:59,498 - Processed 31450/86554 images (36.34%)
2025-04-08 11:56:00,268 - Processing class: Cucumber 10 -> Cucumber
2025-04-08 11:56:00,599 - Processed 31500/86554 images (36.39%)
2025-04-08 11:56:01,632 - Processed 31550/86554 images (36.45%)
2025-04-08 11:56:02,698 - Processed 31600/86554 images (36.51%)
2025-04-08 11:56:03,901 - Processed 31650/86554 images (36.57%)
2025-04-08 11:56:04,893 - Processed 31700/86554 images (36.62%)
2025-04-08 11:56:05,829 - Processed 31750/86554 images (36.68%)
2025-04-08 11:56:06,731 - Processed 31800/86554 images (36.74%)
2025-04-08 11:56:07,675 - Processed 31850/86554 images (36.80%)
2025-04-08 11:56:09,149 - Processed 31900/86554 images (36.86%)
2025-04-08 11:56:10,286 - Processed 31950/86554 images (36.91%)
2025-04-08 11:56:11,365 - Processed 32000/86554 images (36.97%)
2025-04-08 11:56:12,475 - Processed 32050/86554 images (37.03%)
2025-04-08 11:56:13,555 - Processed 32100/86554 images (37.09%)
2025-04-08 11:56:14,506 - Processed 32150/86554 images (37.14%)
2025-04-08 11:56:15,456 - Processed 32200/86554 images (37.20%)
2025-04-08 11:56:15,518 - Processing class: Cucumber 3 -> Cucumber
2025-04-08 11:56:16,470 - Processed 32250/86554 images (37.26%)
2025-04-08 11:56:17,448 - Processed 32300/86554 images (37.32%)
2025-04-08 11:56:18,633 - Processed 32350/86554 images (37.38%)
2025-04-08 11:56:19,765 - Processed 32400/86554 images (37.43%)
2025-04-08 11:56:20,702 - Processing class: Cucumber 9 -> Cucumber
2025-04-08 11:56:20,771 - Processed 32450/86554 images (37.49%)
2025-04-08 11:56:22,011 - Processed 32500/86554 images (37.55%)
2025-04-08 11:56:23,090 - Processed 32550/86554 images (37.61%)
2025-04-08 11:56:24,073 - Processed 32600/86554 images (37.66%)
2025-04-08 11:56:25,000 - Processed 32650/86554 images (37.72%)
2025-04-08 11:56:25,964 - Processed 32700/86554 images (37.78%)
2025-04-08 11:56:27,272 - Processed 32750/86554 images (37.84%)
2025-04-08 11:56:28,411 - Processed 32800/86554 images (37.90%)
2025-04-08 11:56:29,542 - Processed 32850/86554 images (37.95%)
2025-04-08 11:56:30,779 - Processed 32900/86554 images (38.01%)
2025-04-08 11:56:31,121 - Processing class: Cucumber Ripe 1 -> Cucumber
2025-04-08 11:56:31,846 - Processed 32950/86554 images (38.07%)
2025-04-08 11:56:32,843 - Processed 33000/86554 images (38.13%)
2025-04-08 11:56:34,097 - Processed 33050/86554 images (38.18%)
2025-04-08 11:56:35,181 - Processed 33100/86554 images (38.24%)
2025-04-08 11:56:36,257 - Processed 33150/86554 images (38.30%)
2025-04-08 11:56:37,439 - Processed 33200/86554 images (38.36%)
2025-04-08 11:56:38,465 - Processed 33250/86554 images (38.42%)
2025-04-08 11:56:39,540 - Processed 33300/86554 images (38.47%)
2025-04-08 11:56:39,682 - Processing class: Cucumber Ripe 2 -> Cucumber
2025-04-08 11:56:40,902 - Processed 33350/86554 images (38.53%)
2025-04-08 11:56:41,881 - Processed 33400/86554 images (38.59%)
2025-04-08 11:56:42,951 - Processed 33450/86554 images (38.65%)
2025-04-08 11:56:44,000 - Processed 33500/86554 images (38.70%)
2025-04-08 11:56:45,128 - Processed 33550/86554 images (38.76%)
2025-04-08 11:56:46,452 - Processed 33600/86554 images (38.82%)
2025-04-08 11:56:47,518 - Processed 33650/86554 images (38.88%)
2025-04-08 11:56:48,585 - Processed 33700/86554 images (38.94%)
2025-04-08 11:56:49,635 - Processed 33750/86554 images (38.99%)
2025-04-08 11:56:50,180 - Processing class: Dates 1 -> Dates
2025-04-08 11:56:50,739 - Processed 33800/86554 images (39.05%)
2025-04-08 11:56:51,756 - Processed 33850/86554 images (39.11%)
2025-04-08 11:56:52,815 - Processed 33900/86554 images (39.17%)
2025-04-08 11:56:53,873 - Processed 33950/86554 images (39.22%)
2025-04-08 11:56:54,875 - Processed 34000/86554 images (39.28%)
2025-04-08 11:56:55,854 - Processed 34050/86554 images (39.34%)
2025-04-08 11:56:56,868 - Processed 34100/86554 images (39.40%)
2025-04-08 11:56:57,912 - Processed 34150/86554 images (39.46%)
2025-04-08 11:56:59,315 - Processed 34200/86554 images (39.51%)
2025-04-08 11:57:00,359 - Processed 34250/86554 images (39.57%)
2025-04-08 11:57:00,665 - Processing class: Eggplant 1 -> Eggplant
2025-04-08 11:57:01,366 - Processed 34300/86554 images (39.63%)
2025-04-08 11:57:02,398 - Processed 34350/86554 images (39.69%)
2025-04-08 11:57:03,533 - Processed 34400/86554 images (39.74%)
2025-04-08 11:57:04,588 - Processed 34450/86554 images (39.80%)
2025-04-08 11:57:05,793 - Processed 34500/86554 images (39.86%)
2025-04-08 11:57:07,012 - Processed 34550/86554 images (39.92%)
2025-04-08 11:57:08,071 - Processed 34600/86554 images (39.98%)
2025-04-08 11:57:09,211 - Processed 34650/86554 images (40.03%)
2025-04-08 11:57:10,258 - Processed 34700/86554 images (40.09%)
2025-04-08 11:57:10,937 - Processing class: Eggplant long 1 -> Eggplant
2025-04-08 11:57:11,283 - Processed 34750/86554 images (40.15%)
2025-04-08 11:57:12,582 - Processed 34800/86554 images (40.21%)
2025-04-08 11:57:13,734 - Processed 34850/86554 images (40.26%)
2025-04-08 11:57:14,673 - Processed 34900/86554 images (40.32%)
2025-04-08 11:57:15,615 - Processed 34950/86554 images (40.38%)
2025-04-08 11:57:16,061 - Processing class: Fig 1 -> Fig
2025-04-08 11:57:16,584 - Processed 35000/86554 images (40.44%)
2025-04-08 11:57:17,602 - Processed 35050/86554 images (40.49%)
2025-04-08 11:57:18,710 - Processed 35100/86554 images (40.55%)
2025-04-08 11:57:19,875 - Processed 35150/86554 images (40.61%)
2025-04-08 11:57:20,942 - Processed 35200/86554 images (40.67%)
2025-04-08 11:57:21,889 - Processed 35250/86554 images (40.73%)
2025-04-08 11:57:22,845 - Processed 35300/86554 images (40.78%)
2025-04-08 11:57:23,775 - Processed 35350/86554 images (40.84%)
2025-04-08 11:57:24,797 - Processed 35400/86554 images (40.90%)
2025-04-08 11:57:25,853 - Processed 35450/86554 images (40.96%)
2025-04-08 11:57:26,883 - Processed 35500/86554 images (41.01%)
2025-04-08 11:57:27,942 - Processed 35550/86554 images (41.07%)
2025-04-08 11:57:28,911 - Processed 35600/86554 images (41.13%)
2025-04-08 11:57:29,837 - Processed 35650/86554 images (41.19%)
2025-04-08 11:57:30,328 - Processing class: Ginger Root 1 -> Ginger
2025-04-08 11:57:30,839 - Processed 35700/86554 images (41.25%)
2025-04-08 11:57:31,777 - Processed 35750/86554 images (41.30%)
2025-04-08 11:57:32,692 - Processed 35800/86554 images (41.36%)
2025-04-08 11:57:33,758 - Processed 35850/86554 images (41.42%)
2025-04-08 11:57:34,973 - Processed 35900/86554 images (41.48%)
2025-04-08 11:57:36,030 - Processed 35950/86554 images (41.53%)
2025-04-08 11:57:36,439 - Processing class: Gooseberry 1 -> Gooseberry
2025-04-08 11:57:36,979 - Processed 36000/86554 images (41.59%)
2025-04-08 11:57:37,921 - Processed 36050/86554 images (41.65%)
2025-04-08 11:57:38,989 - Processed 36100/86554 images (41.71%)
2025-04-08 11:57:40,062 - Processed 36150/86554 images (41.77%)
2025-04-08 11:57:41,099 - Processed 36200/86554 images (41.82%)
2025-04-08 11:57:42,105 - Processed 36250/86554 images (41.88%)
2025-04-08 11:57:43,149 - Processed 36300/86554 images (41.94%)
2025-04-08 11:57:44,105 - Processed 36350/86554 images (42.00%)
2025-04-08 11:57:45,068 - Processed 36400/86554 images (42.05%)
2025-04-08 11:57:45,801 - Processing class: Granadilla 1 -> Granadilla
2025-04-08 11:57:46,039 - Processed 36450/86554 images (42.11%)
2025-04-08 11:57:47,078 - Processed 36500/86554 images (42.17%)
2025-04-08 11:57:48,013 - Processed 36550/86554 images (42.23%)
2025-04-08 11:57:49,095 - Processed 36600/86554 images (42.29%)
2025-04-08 11:57:50,230 - Processed 36650/86554 images (42.34%)
2025-04-08 11:57:51,321 - Processed 36700/86554 images (42.40%)
2025-04-08 11:57:52,304 - Processed 36750/86554 images (42.46%)
2025-04-08 11:57:53,243 - Processed 36800/86554 images (42.52%)
2025-04-08 11:57:54,297 - Processed 36850/86554 images (42.57%)
2025-04-08 11:57:55,301 - Processed 36900/86554 images (42.63%)
2025-04-08 11:57:55,873 - Processing class: Grape Blue 1 -> Grape
2025-04-08 11:57:56,393 - Processed 36950/86554 images (42.69%)
2025-04-08 11:57:57,435 - Processed 37000/86554 images (42.75%)
2025-04-08 11:57:58,430 - Processed 37050/86554 images (42.81%)
2025-04-08 11:57:59,561 - Processed 37100/86554 images (42.86%)
2025-04-08 11:58:00,689 - Processed 37150/86554 images (42.92%)
2025-04-08 11:58:01,674 - Processed 37200/86554 images (42.98%)
2025-04-08 11:58:02,601 - Processed 37250/86554 images (43.04%)
2025-04-08 11:58:03,519 - Processed 37300/86554 images (43.09%)
2025-04-08 11:58:04,599 - Processed 37350/86554 images (43.15%)
2025-04-08 11:58:05,617 - Processed 37400/86554 images (43.21%)
2025-04-08 11:58:06,763 - Processed 37450/86554 images (43.27%)
2025-04-08 11:58:07,847 - Processed 37500/86554 images (43.33%)
2025-04-08 11:58:08,858 - Processed 37550/86554 images (43.38%)
2025-04-08 11:58:09,801 - Processed 37600/86554 images (43.44%)
2025-04-08 11:58:10,738 - Processed 37650/86554 images (43.50%)
2025-04-08 11:58:11,812 - Processed 37700/86554 images (43.56%)
2025-04-08 11:58:12,767 - Processed 37750/86554 images (43.61%)
2025-04-08 11:58:13,764 - Processed 37800/86554 images (43.67%)
2025-04-08 11:58:14,690 - Processed 37850/86554 images (43.73%)
2025-04-08 11:58:15,625 - Processed 37900/86554 images (43.79%)
2025-04-08 11:58:15,862 - Processing class: Grape Pink 1 -> Grape
2025-04-08 11:58:16,584 - Processed 37950/86554 images (43.85%)
2025-04-08 11:58:17,534 - Processed 38000/86554 images (43.90%)
2025-04-08 11:58:18,438 - Processed 38050/86554 images (43.96%)
2025-04-08 11:58:19,460 - Processed 38100/86554 images (44.02%)
2025-04-08 11:58:20,410 - Processed 38150/86554 images (44.08%)
2025-04-08 11:58:21,375 - Processed 38200/86554 images (44.13%)
2025-04-08 11:58:22,368 - Processed 38250/86554 images (44.19%)
2025-04-08 11:58:23,593 - Processed 38300/86554 images (44.25%)
2025-04-08 11:58:24,924 - Processed 38350/86554 images (44.31%)
2025-04-08 11:58:26,385 - Processed 38400/86554 images (44.37%)
2025-04-08 11:58:26,466 - Processing class: Grape White 1 -> Grape
2025-04-08 11:58:27,457 - Processed 38450/86554 images (44.42%)
2025-04-08 11:58:28,619 - Processed 38500/86554 images (44.48%)
2025-04-08 11:58:29,684 - Processed 38550/86554 images (44.54%)
2025-04-08 11:58:30,754 - Processed 38600/86554 images (44.60%)
2025-04-08 11:58:32,082 - Processed 38650/86554 images (44.65%)
2025-04-08 11:58:33,281 - Processed 38700/86554 images (44.71%)
2025-04-08 11:58:34,287 - Processed 38750/86554 images (44.77%)
2025-04-08 11:58:35,405 - Processed 38800/86554 images (44.83%)
2025-04-08 11:58:36,398 - Processed 38850/86554 images (44.89%)
2025-04-08 11:58:37,786 - Processing class: Grape White 2 -> Grape
2025-04-08 11:58:38,017 - Processed 38900/86554 images (44.94%)
2025-04-08 11:58:39,863 - Processed 38950/86554 images (45.00%)
2025-04-08 11:58:40,979 - Processed 39000/86554 images (45.06%)
2025-04-08 11:58:41,952 - Processed 39050/86554 images (45.12%)
2025-04-08 11:58:43,004 - Processed 39100/86554 images (45.17%)
2025-04-08 11:58:44,049 - Processed 39150/86554 images (45.23%)
2025-04-08 11:58:45,181 - Processed 39200/86554 images (45.29%)
2025-04-08 11:58:46,289 - Processed 39250/86554 images (45.35%)
2025-04-08 11:58:47,267 - Processed 39300/86554 images (45.41%)
2025-04-08 11:58:48,229 - Processed 39350/86554 images (45.46%)
2025-04-08 11:58:48,897 - Processing class: Grape White 3 -> Grape
2025-04-08 11:58:49,201 - Processed 39400/86554 images (45.52%)
2025-04-08 11:58:50,223 - Processed 39450/86554 images (45.58%)
2025-04-08 11:58:51,243 - Processed 39500/86554 images (45.64%)
2025-04-08 11:58:52,224 - Processed 39550/86554 images (45.69%)
2025-04-08 11:58:53,272 - Processed 39600/86554 images (45.75%)
2025-04-08 11:58:54,360 - Processed 39650/86554 images (45.81%)
2025-04-08 11:58:55,415 - Processed 39700/86554 images (45.87%)
2025-04-08 11:58:56,447 - Processed 39750/86554 images (45.93%)
2025-04-08 11:58:57,492 - Processed 39800/86554 images (45.98%)
2025-04-08 11:58:58,493 - Processed 39850/86554 images (46.04%)
2025-04-08 11:58:59,010 - Processing class: Grape White 4 -> Grape
2025-04-08 11:58:59,534 - Processed 39900/86554 images (46.10%)
2025-04-08 11:59:00,498 - Processed 39950/86554 images (46.16%)
2025-04-08 11:59:01,686 - Processed 40000/86554 images (46.21%)
2025-04-08 11:59:02,798 - Processed 40050/86554 images (46.27%)
2025-04-08 11:59:03,739 - Processed 40100/86554 images (46.33%)
2025-04-08 11:59:04,685 - Processed 40150/86554 images (46.39%)
2025-04-08 11:59:05,632 - Processed 40200/86554 images (46.44%)
2025-04-08 11:59:06,602 - Processed 40250/86554 images (46.50%)
2025-04-08 11:59:07,570 - Processed 40300/86554 images (46.56%)
2025-04-08 11:59:08,546 - Processing class: Grapefruit Pink 1 -> Grapefruit
2025-04-08 11:59:08,621 - Processed 40350/86554 images (46.62%)
2025-04-08 11:59:09,668 - Processed 40400/86554 images (46.68%)
2025-04-08 11:59:10,673 - Processed 40450/86554 images (46.73%)
2025-04-08 11:59:11,814 - Processed 40500/86554 images (46.79%)
2025-04-08 11:59:12,953 - Processed 40550/86554 images (46.85%)
2025-04-08 11:59:14,044 - Processed 40600/86554 images (46.91%)
2025-04-08 11:59:15,054 - Processed 40650/86554 images (46.96%)
2025-04-08 11:59:16,175 - Processed 40700/86554 images (47.02%)
2025-04-08 11:59:17,273 - Processed 40750/86554 images (47.08%)
2025-04-08 11:59:18,281 - Processed 40800/86554 images (47.14%)
2025-04-08 11:59:19,046 - Processing class: Grapefruit White 1 -> Grapefruit
2025-04-08 11:59:19,322 - Processed 40850/86554 images (47.20%)
2025-04-08 11:59:20,361 - Processed 40900/86554 images (47.25%)
2025-04-08 11:59:21,376 - Processed 40950/86554 images (47.31%)
2025-04-08 11:59:22,478 - Processed 41000/86554 images (47.37%)
2025-04-08 11:59:23,517 - Processed 41050/86554 images (47.43%)
2025-04-08 11:59:24,546 - Processed 41100/86554 images (47.48%)
2025-04-08 11:59:25,551 - Processed 41150/86554 images (47.54%)
2025-04-08 11:59:26,565 - Processed 41200/86554 images (47.60%)
2025-04-08 11:59:27,635 - Processed 41250/86554 images (47.66%)
2025-04-08 11:59:28,693 - Processed 41300/86554 images (47.72%)
2025-04-08 11:59:29,284 - Processing class: Guava 1 -> Guava
2025-04-08 11:59:29,711 - Processed 41350/86554 images (47.77%)
2025-04-08 11:59:30,738 - Processed 41400/86554 images (47.83%)
2025-04-08 11:59:31,812 - Processed 41450/86554 images (47.89%)
2025-04-08 11:59:32,868 - Processed 41500/86554 images (47.95%)
2025-04-08 11:59:33,924 - Processed 41550/86554 images (48.00%)
2025-04-08 11:59:34,943 - Processed 41600/86554 images (48.06%)
2025-04-08 11:59:35,995 - Processed 41650/86554 images (48.12%)
2025-04-08 11:59:37,077 - Processed 41700/86554 images (48.18%)
2025-04-08 11:59:38,156 - Processed 41750/86554 images (48.24%)
2025-04-08 11:59:39,170 - Processed 41800/86554 images (48.29%)
2025-04-08 11:59:39,568 - Processing class: Hazelnut 1 -> Hazelnut
2025-04-08 11:59:40,244 - Processed 41850/86554 images (48.35%)
2025-04-08 11:59:41,256 - Processed 41900/86554 images (48.41%)
2025-04-08 11:59:42,292 - Processed 41950/86554 images (48.47%)
2025-04-08 11:59:43,346 - Processed 42000/86554 images (48.52%)
2025-04-08 11:59:44,388 - Processed 42050/86554 images (48.58%)
2025-04-08 11:59:45,681 - Processed 42100/86554 images (48.64%)
2025-04-08 11:59:46,767 - Processed 42150/86554 images (48.70%)
2025-04-08 11:59:48,026 - Processed 42200/86554 images (48.76%)
2025-04-08 11:59:49,178 - Processed 42250/86554 images (48.81%)
2025-04-08 11:59:49,859 - Processing class: Huckleberry 1 -> Huckleberry
2025-04-08 11:59:50,238 - Processed 42300/86554 images (48.87%)
2025-04-08 11:59:51,389 - Processed 42350/86554 images (48.93%)
2025-04-08 11:59:52,424 - Processed 42400/86554 images (48.99%)
2025-04-08 11:59:53,772 - Processed 42450/86554 images (49.04%)
2025-04-08 11:59:55,014 - Processed 42500/86554 images (49.10%)
2025-04-08 11:59:56,058 - Processed 42550/86554 images (49.16%)
2025-04-08 11:59:57,100 - Processed 42600/86554 images (49.22%)
2025-04-08 11:59:58,115 - Processed 42650/86554 images (49.28%)
2025-04-08 11:59:59,146 - Processed 42700/86554 images (49.33%)
2025-04-08 12:00:00,257 - Processed 42750/86554 images (49.39%)
2025-04-08 12:00:00,813 - Processing class: Kaki 1 -> Kaki
2025-04-08 12:00:01,546 - Processed 42800/86554 images (49.45%)
2025-04-08 12:00:02,990 - Processed 42850/86554 images (49.51%)
2025-04-08 12:00:04,199 - Processed 42900/86554 images (49.56%)
2025-04-08 12:00:05,287 - Processed 42950/86554 images (49.62%)
2025-04-08 12:00:06,272 - Processed 43000/86554 images (49.68%)
2025-04-08 12:00:07,276 - Processed 43050/86554 images (49.74%)
2025-04-08 12:00:08,275 - Processed 43100/86554 images (49.80%)
2025-04-08 12:00:09,262 - Processed 43150/86554 images (49.85%)
2025-04-08 12:00:10,273 - Processed 43200/86554 images (49.91%)
2025-04-08 12:00:11,302 - Processed 43250/86554 images (49.97%)
2025-04-08 12:00:11,557 - Processing class: Kiwi 1 -> Kiwi
2025-04-08 12:00:12,301 - Processed 43300/86554 images (50.03%)
2025-04-08 12:00:13,306 - Processed 43350/86554 images (50.08%)
2025-04-08 12:00:14,268 - Processed 43400/86554 images (50.14%)
2025-04-08 12:00:15,420 - Processed 43450/86554 images (50.20%)
2025-04-08 12:00:16,477 - Processed 43500/86554 images (50.26%)
2025-04-08 12:00:17,577 - Processed 43550/86554 images (50.32%)
2025-04-08 12:00:18,664 - Processed 43600/86554 images (50.37%)
2025-04-08 12:00:19,799 - Processed 43650/86554 images (50.43%)
2025-04-08 12:00:20,955 - Processed 43700/86554 images (50.49%)
2025-04-08 12:00:21,601 - Processing class: Kohlrabi 1 -> Kohlrabi
2025-04-08 12:00:22,084 - Processed 43750/86554 images (50.55%)
2025-04-08 12:00:23,220 - Processed 43800/86554 images (50.60%)
2025-04-08 12:00:24,335 - Processed 43850/86554 images (50.66%)
2025-04-08 12:00:25,428 - Processed 43900/86554 images (50.72%)
2025-04-08 12:00:26,501 - Processed 43950/86554 images (50.78%)
2025-04-08 12:00:27,584 - Processed 44000/86554 images (50.84%)
2025-04-08 12:00:28,716 - Processed 44050/86554 images (50.89%)
2025-04-08 12:00:29,798 - Processed 44100/86554 images (50.95%)
2025-04-08 12:00:30,873 - Processed 44150/86554 images (51.01%)
2025-04-08 12:00:31,905 - Processed 44200/86554 images (51.07%)
2025-04-08 12:00:31,906 - Processing class: Kumquats 1 -> Kumquat
2025-04-08 12:00:32,910 - Processed 44250/86554 images (51.12%)
2025-04-08 12:00:33,933 - Processed 44300/86554 images (51.18%)
2025-04-08 12:00:34,933 - Processed 44350/86554 images (51.24%)
2025-04-08 12:00:35,969 - Processed 44400/86554 images (51.30%)
2025-04-08 12:00:37,073 - Processed 44450/86554 images (51.36%)
2025-04-08 12:00:38,132 - Processed 44500/86554 images (51.41%)
2025-04-08 12:00:39,161 - Processed 44550/86554 images (51.47%)
2025-04-08 12:00:40,152 - Processed 44600/86554 images (51.53%)
2025-04-08 12:00:41,188 - Processed 44650/86554 images (51.59%)
2025-04-08 12:00:41,996 - Processing class: Lemon 1 -> Lemon
2025-04-08 12:00:42,219 - Processed 44700/86554 images (51.64%)
2025-04-08 12:00:43,275 - Processed 44750/86554 images (51.70%)
2025-04-08 12:00:44,364 - Processed 44800/86554 images (51.76%)
2025-04-08 12:00:45,481 - Processed 44850/86554 images (51.82%)
2025-04-08 12:00:46,460 - Processed 44900/86554 images (51.88%)
2025-04-08 12:00:47,461 - Processed 44950/86554 images (51.93%)
2025-04-08 12:00:48,462 - Processed 45000/86554 images (51.99%)
2025-04-08 12:00:49,458 - Processed 45050/86554 images (52.05%)
2025-04-08 12:00:50,510 - Processed 45100/86554 images (52.11%)
2025-04-08 12:00:51,531 - Processed 45150/86554 images (52.16%)
2025-04-08 12:00:52,167 - Processing class: Lemon Meyer 1 -> Lemon
2025-04-08 12:00:52,546 - Processed 45200/86554 images (52.22%)
2025-04-08 12:00:53,562 - Processed 45250/86554 images (52.28%)
2025-04-08 12:00:54,568 - Processed 45300/86554 images (52.34%)
2025-04-08 12:00:55,557 - Processed 45350/86554 images (52.40%)
2025-04-08 12:00:56,591 - Processed 45400/86554 images (52.45%)
2025-04-08 12:00:57,631 - Processed 45450/86554 images (52.51%)
2025-04-08 12:00:58,666 - Processed 45500/86554 images (52.57%)
2025-04-08 12:00:59,681 - Processed 45550/86554 images (52.63%)
2025-04-08 12:01:00,702 - Processed 45600/86554 images (52.68%)
2025-04-08 12:01:01,700 - Processed 45650/86554 images (52.74%)
2025-04-08 12:01:02,152 - Processing class: Limes 1 -> Lime
2025-04-08 12:01:02,744 - Processed 45700/86554 images (52.80%)
2025-04-08 12:01:03,794 - Processed 45750/86554 images (52.86%)
2025-04-08 12:01:04,835 - Processed 45800/86554 images (52.91%)
2025-04-08 12:01:05,854 - Processed 45850/86554 images (52.97%)
2025-04-08 12:01:06,939 - Processed 45900/86554 images (53.03%)
2025-04-08 12:01:08,039 - Processed 45950/86554 images (53.09%)
2025-04-08 12:01:09,082 - Processed 46000/86554 images (53.15%)
2025-04-08 12:01:10,106 - Processed 46050/86554 images (53.20%)
2025-04-08 12:01:11,135 - Processed 46100/86554 images (53.26%)
2025-04-08 12:01:12,213 - Processed 46150/86554 images (53.32%)
2025-04-08 12:01:12,490 - Processing class: Lychee 1 -> Lychee
2025-04-08 12:01:13,253 - Processed 46200/86554 images (53.38%)
2025-04-08 12:01:14,279 - Processed 46250/86554 images (53.43%)
2025-04-08 12:01:15,306 - Processed 46300/86554 images (53.49%)
2025-04-08 12:01:16,384 - Processed 46350/86554 images (53.55%)
2025-04-08 12:01:17,401 - Processed 46400/86554 images (53.61%)
2025-04-08 12:01:18,465 - Processed 46450/86554 images (53.67%)
2025-04-08 12:01:19,557 - Processed 46500/86554 images (53.72%)
2025-04-08 12:01:20,632 - Processed 46550/86554 images (53.78%)
2025-04-08 12:01:21,642 - Processed 46600/86554 images (53.84%)
2025-04-08 12:01:22,724 - Processed 46650/86554 images (53.90%)
2025-04-08 12:01:22,767 - Processing class: Mandarine 1 -> Mandarine
2025-04-08 12:01:23,732 - Processed 46700/86554 images (53.95%)
2025-04-08 12:01:24,727 - Processed 46750/86554 images (54.01%)
2025-04-08 12:01:25,745 - Processed 46800/86554 images (54.07%)
2025-04-08 12:01:26,761 - Processed 46850/86554 images (54.13%)
2025-04-08 12:01:27,809 - Processed 46900/86554 images (54.19%)
2025-04-08 12:01:28,829 - Processed 46950/86554 images (54.24%)
2025-04-08 12:01:29,845 - Processed 47000/86554 images (54.30%)
2025-04-08 12:01:30,857 - Processed 47050/86554 images (54.36%)
2025-04-08 12:01:31,903 - Processed 47100/86554 images (54.42%)
2025-04-08 12:01:32,760 - Processing class: Mango 1 -> Mango
2025-04-08 12:01:32,934 - Processed 47150/86554 images (54.47%)
2025-04-08 12:01:33,928 - Processed 47200/86554 images (54.53%)
2025-04-08 12:01:34,976 - Processed 47250/86554 images (54.59%)
2025-04-08 12:01:35,997 - Processed 47300/86554 images (54.65%)
2025-04-08 12:01:37,002 - Processed 47350/86554 images (54.71%)
2025-04-08 12:01:38,012 - Processed 47400/86554 images (54.76%)
2025-04-08 12:01:39,133 - Processed 47450/86554 images (54.82%)
2025-04-08 12:01:40,295 - Processed 47500/86554 images (54.88%)
2025-04-08 12:01:41,407 - Processed 47550/86554 images (54.94%)
2025-04-08 12:01:42,567 - Processed 47600/86554 images (54.99%)
2025-04-08 12:01:43,311 - Processing class: Mango Red 1 -> Mango
2025-04-08 12:01:43,731 - Processed 47650/86554 images (55.05%)
2025-04-08 12:01:44,857 - Processed 47700/86554 images (55.11%)
2025-04-08 12:01:46,066 - Processed 47750/86554 images (55.17%)
2025-04-08 12:01:47,259 - Processed 47800/86554 images (55.23%)
2025-04-08 12:01:48,432 - Processed 47850/86554 images (55.28%)
2025-04-08 12:01:49,544 - Processed 47900/86554 images (55.34%)
2025-04-08 12:01:50,680 - Processed 47950/86554 images (55.40%)
2025-04-08 12:01:51,860 - Processed 48000/86554 images (55.46%)
2025-04-08 12:01:52,994 - Processed 48050/86554 images (55.51%)
2025-04-08 12:01:53,182 - Processing class: Mangostan 1 -> Mangosteen
2025-04-08 12:01:54,162 - Processed 48100/86554 images (55.57%)
2025-04-08 12:01:55,294 - Processed 48150/86554 images (55.63%)
2025-04-08 12:01:56,385 - Processed 48200/86554 images (55.69%)
2025-04-08 12:01:57,537 - Processed 48250/86554 images (55.75%)
2025-04-08 12:01:58,588 - Processed 48300/86554 images (55.80%)
2025-04-08 12:01:59,593 - Processed 48350/86554 images (55.86%)
2025-04-08 12:01:59,761 - Processing class: Maracuja 1 -> Passion Fruit
2025-04-08 12:02:00,626 - Processed 48400/86554 images (55.92%)
2025-04-08 12:02:01,703 - Processed 48450/86554 images (55.98%)
2025-04-08 12:02:02,767 - Processed 48500/86554 images (56.03%)
2025-04-08 12:02:03,831 - Processed 48550/86554 images (56.09%)
2025-04-08 12:02:04,840 - Processed 48600/86554 images (56.15%)
2025-04-08 12:02:05,898 - Processed 48650/86554 images (56.21%)
2025-04-08 12:02:06,923 - Processed 48700/86554 images (56.27%)
2025-04-08 12:02:07,971 - Processed 48750/86554 images (56.32%)
2025-04-08 12:02:09,021 - Processed 48800/86554 images (56.38%)
2025-04-08 12:02:10,009 - Processing class: Melon Piel de Sapo 1 -> Melon
2025-04-08 12:02:10,053 - Processed 48850/86554 images (56.44%)
2025-04-08 12:02:11,139 - Processed 48900/86554 images (56.50%)
2025-04-08 12:02:12,203 - Processed 48950/86554 images (56.55%)
2025-04-08 12:02:13,290 - Processed 49000/86554 images (56.61%)
2025-04-08 12:02:14,373 - Processed 49050/86554 images (56.67%)
2025-04-08 12:02:15,386 - Processed 49100/86554 images (56.73%)
2025-04-08 12:02:16,484 - Processed 49150/86554 images (56.79%)
2025-04-08 12:02:17,568 - Processed 49200/86554 images (56.84%)
2025-04-08 12:02:18,658 - Processed 49250/86554 images (56.90%)
2025-04-08 12:02:19,733 - Processed 49300/86554 images (56.96%)
2025-04-08 12:02:20,748 - Processed 49350/86554 images (57.02%)
2025-04-08 12:02:21,741 - Processed 49400/86554 images (57.07%)
2025-04-08 12:02:22,811 - Processed 49450/86554 images (57.13%)
2025-04-08 12:02:23,827 - Processed 49500/86554 images (57.19%)
2025-04-08 12:02:24,850 - Processed 49550/86554 images (57.25%)
2025-04-08 12:02:25,584 - Processing class: Mulberry 1 -> Mulberry
2025-04-08 12:02:25,873 - Processed 49600/86554 images (57.31%)
2025-04-08 12:02:26,893 - Processed 49650/86554 images (57.36%)
2025-04-08 12:02:27,945 - Processed 49700/86554 images (57.42%)
2025-04-08 12:02:28,994 - Processed 49750/86554 images (57.48%)
2025-04-08 12:02:30,050 - Processed 49800/86554 images (57.54%)
2025-04-08 12:02:31,067 - Processed 49850/86554 images (57.59%)
2025-04-08 12:02:32,108 - Processed 49900/86554 images (57.65%)
2025-04-08 12:02:33,188 - Processed 49950/86554 images (57.71%)
2025-04-08 12:02:34,400 - Processed 50000/86554 images (57.77%)
2025-04-08 12:02:35,669 - Processed 50050/86554 images (57.83%)
2025-04-08 12:02:36,447 - Processing class: Nectarine 1 -> Nectarine
2025-04-08 12:02:36,995 - Processed 50100/86554 images (57.88%)
2025-04-08 12:02:38,249 - Processed 50150/86554 images (57.94%)
2025-04-08 12:02:39,424 - Processed 50200/86554 images (58.00%)
2025-04-08 12:02:40,551 - Processed 50250/86554 images (58.06%)
2025-04-08 12:02:41,802 - Processed 50300/86554 images (58.11%)
2025-04-08 12:02:43,127 - Processed 50350/86554 images (58.17%)
2025-04-08 12:02:44,491 - Processed 50400/86554 images (58.23%)
2025-04-08 12:02:45,829 - Processed 50450/86554 images (58.29%)
2025-04-08 12:02:47,198 - Processed 50500/86554 images (58.35%)
2025-04-08 12:02:48,523 - Processed 50550/86554 images (58.40%)
2025-04-08 12:02:49,068 - Processing class: Nectarine Flat 1 -> Nectarine
2025-04-08 12:02:50,045 - Processed 50600/86554 images (58.46%)
2025-04-08 12:02:51,227 - Processed 50650/86554 images (58.52%)
2025-04-08 12:02:52,469 - Processed 50700/86554 images (58.58%)
2025-04-08 12:02:53,808 - Processed 50750/86554 images (58.63%)
2025-04-08 12:02:55,002 - Processed 50800/86554 images (58.69%)
2025-04-08 12:02:56,249 - Processed 50850/86554 images (58.75%)
2025-04-08 12:02:57,520 - Processed 50900/86554 images (58.81%)
2025-04-08 12:02:58,816 - Processed 50950/86554 images (58.86%)
2025-04-08 12:03:00,082 - Processed 51000/86554 images (58.92%)
2025-04-08 12:03:01,321 - Processed 51050/86554 images (58.98%)
2025-04-08 12:03:01,322 - Processing class: Nut Forest 1 -> Nut
2025-04-08 12:03:02,576 - Processed 51100/86554 images (59.04%)
2025-04-08 12:03:04,074 - Processed 51150/86554 images (59.10%)
2025-04-08 12:03:05,366 - Processed 51200/86554 images (59.15%)
2025-04-08 12:03:06,580 - Processed 51250/86554 images (59.21%)
2025-04-08 12:03:07,829 - Processed 51300/86554 images (59.27%)
2025-04-08 12:03:09,064 - Processed 51350/86554 images (59.33%)
2025-04-08 12:03:10,329 - Processed 51400/86554 images (59.38%)
2025-04-08 12:03:11,560 - Processed 51450/86554 images (59.44%)
2025-04-08 12:03:12,881 - Processed 51500/86554 images (59.50%)
2025-04-08 12:03:14,164 - Processed 51550/86554 images (59.56%)
2025-04-08 12:03:15,531 - Processed 51600/86554 images (59.62%)
2025-04-08 12:03:16,725 - Processed 51650/86554 images (59.67%)
2025-04-08 12:03:17,906 - Processed 51700/86554 images (59.73%)
2025-04-08 12:03:18,017 - Processing class: Nut Pecan 1 -> Nut
2025-04-08 12:03:19,172 - Processed 51750/86554 images (59.79%)
2025-04-08 12:03:20,501 - Processed 51800/86554 images (59.85%)
2025-04-08 12:03:21,848 - Processed 51850/86554 images (59.90%)
2025-04-08 12:03:23,129 - Processed 51900/86554 images (59.96%)
2025-04-08 12:03:24,369 - Processed 51950/86554 images (60.02%)
2025-04-08 12:03:25,702 - Processed 52000/86554 images (60.08%)
2025-04-08 12:03:27,086 - Processed 52050/86554 images (60.14%)
2025-04-08 12:03:28,311 - Processed 52100/86554 images (60.19%)
2025-04-08 12:03:29,368 - Processed 52150/86554 images (60.25%)
2025-04-08 12:03:30,551 - Processed 52200/86554 images (60.31%)
2025-04-08 12:03:31,408 - Processing class: Onion Red 1 -> Onion
2025-04-08 12:03:31,653 - Processed 52250/86554 images (60.37%)
2025-04-08 12:03:32,818 - Processed 52300/86554 images (60.42%)
2025-04-08 12:03:34,002 - Processed 52350/86554 images (60.48%)
2025-04-08 12:03:35,036 - Processed 52400/86554 images (60.54%)
2025-04-08 12:03:36,068 - Processed 52450/86554 images (60.60%)
2025-04-08 12:03:37,213 - Processed 52500/86554 images (60.66%)
2025-04-08 12:03:38,293 - Processed 52550/86554 images (60.71%)
2025-04-08 12:03:39,467 - Processed 52600/86554 images (60.77%)
2025-04-08 12:03:40,617 - Processed 52650/86554 images (60.83%)
2025-04-08 12:03:41,516 - Processing class: Onion Red Peeled 1 -> Onion
2025-04-08 12:03:41,801 - Processed 52700/86554 images (60.89%)
2025-04-08 12:03:42,907 - Processed 52750/86554 images (60.94%)
2025-04-08 12:03:44,106 - Processed 52800/86554 images (61.00%)
2025-04-08 12:03:45,343 - Processed 52850/86554 images (61.06%)
2025-04-08 12:03:46,498 - Processed 52900/86554 images (61.12%)
2025-04-08 12:03:47,612 - Processed 52950/86554 images (61.18%)
2025-04-08 12:03:48,686 - Processed 53000/86554 images (61.23%)
2025-04-08 12:03:49,786 - Processed 53050/86554 images (61.29%)
2025-04-08 12:03:50,924 - Processed 53100/86554 images (61.35%)
2025-04-08 12:03:51,648 - Processing class: Onion White 1 -> Onion
2025-04-08 12:03:52,004 - Processed 53150/86554 images (61.41%)
2025-04-08 12:03:53,068 - Processed 53200/86554 images (61.46%)
2025-04-08 12:03:54,180 - Processed 53250/86554 images (61.52%)
2025-04-08 12:03:55,567 - Processed 53300/86554 images (61.58%)
2025-04-08 12:03:56,636 - Processed 53350/86554 images (61.64%)
2025-04-08 12:03:57,709 - Processed 53400/86554 images (61.70%)
2025-04-08 12:03:58,793 - Processed 53450/86554 images (61.75%)
2025-04-08 12:03:59,962 - Processed 53500/86554 images (61.81%)
2025-04-08 12:04:01,117 - Processed 53550/86554 images (61.87%)
2025-04-08 12:04:01,590 - Processing class: Orange 1 -> Orange
2025-04-08 12:04:02,196 - Processed 53600/86554 images (61.93%)
2025-04-08 12:04:03,314 - Processed 53650/86554 images (61.98%)
2025-04-08 12:04:04,549 - Processed 53700/86554 images (62.04%)
2025-04-08 12:04:05,655 - Processed 53750/86554 images (62.10%)
2025-04-08 12:04:06,677 - Processed 53800/86554 images (62.16%)
2025-04-08 12:04:07,679 - Processed 53850/86554 images (62.22%)
2025-04-08 12:04:08,699 - Processed 53900/86554 images (62.27%)
2025-04-08 12:04:09,698 - Processed 53950/86554 images (62.33%)
2025-04-08 12:04:10,744 - Processed 54000/86554 images (62.39%)
2025-04-08 12:04:11,762 - Processed 54050/86554 images (62.45%)
2025-04-08 12:04:11,763 - Processing class: Papaya 1 -> Papaya
2025-04-08 12:04:12,922 - Processed 54100/86554 images (62.50%)
2025-04-08 12:04:13,973 - Processed 54150/86554 images (62.56%)
2025-04-08 12:04:14,976 - Processed 54200/86554 images (62.62%)
2025-04-08 12:04:15,988 - Processed 54250/86554 images (62.68%)
2025-04-08 12:04:16,989 - Processed 54300/86554 images (62.74%)
2025-04-08 12:04:18,005 - Processed 54350/86554 images (62.79%)
2025-04-08 12:04:19,005 - Processed 54400/86554 images (62.85%)
2025-04-08 12:04:20,007 - Processed 54450/86554 images (62.91%)
2025-04-08 12:04:21,047 - Processed 54500/86554 images (62.97%)
2025-04-08 12:04:21,921 - Processing class: Passion Fruit 1 -> Passion Fruit
2025-04-08 12:04:22,085 - Processed 54550/86554 images (63.02%)
2025-04-08 12:04:23,079 - Processed 54600/86554 images (63.08%)
2025-04-08 12:04:24,083 - Processed 54650/86554 images (63.14%)
2025-04-08 12:04:25,082 - Processed 54700/86554 images (63.20%)
2025-04-08 12:04:26,152 - Processed 54750/86554 images (63.26%)
2025-04-08 12:04:27,191 - Processed 54800/86554 images (63.31%)
2025-04-08 12:04:28,209 - Processed 54850/86554 images (63.37%)
2025-04-08 12:04:29,225 - Processed 54900/86554 images (63.43%)
2025-04-08 12:04:30,230 - Processed 54950/86554 images (63.49%)
2025-04-08 12:04:31,227 - Processed 55000/86554 images (63.54%)
2025-04-08 12:04:31,863 - Processing class: Peach 1 -> Peach
2025-04-08 12:04:32,224 - Processed 55050/86554 images (63.60%)
2025-04-08 12:04:33,248 - Processed 55100/86554 images (63.66%)
2025-04-08 12:04:34,298 - Processed 55150/86554 images (63.72%)
2025-04-08 12:04:35,309 - Processed 55200/86554 images (63.78%)
2025-04-08 12:04:36,330 - Processed 55250/86554 images (63.83%)
2025-04-08 12:04:37,334 - Processed 55300/86554 images (63.89%)
2025-04-08 12:04:38,342 - Processed 55350/86554 images (63.95%)
2025-04-08 12:04:39,337 - Processed 55400/86554 images (64.01%)
2025-04-08 12:04:40,325 - Processed 55450/86554 images (64.06%)
2025-04-08 12:04:41,333 - Processed 55500/86554 images (64.12%)
2025-04-08 12:04:41,809 - Processing class: Peach 2 -> Peach
2025-04-08 12:04:42,329 - Processed 55550/86554 images (64.18%)
2025-04-08 12:04:43,341 - Processed 55600/86554 images (64.24%)
2025-04-08 12:04:44,356 - Processed 55650/86554 images (64.30%)
2025-04-08 12:04:45,361 - Processed 55700/86554 images (64.35%)
2025-04-08 12:04:46,371 - Processed 55750/86554 images (64.41%)
2025-04-08 12:04:47,360 - Processed 55800/86554 images (64.47%)
2025-04-08 12:04:48,360 - Processed 55850/86554 images (64.53%)
2025-04-08 12:04:49,358 - Processed 55900/86554 images (64.58%)
2025-04-08 12:04:50,364 - Processed 55950/86554 images (64.64%)
2025-04-08 12:04:51,381 - Processed 56000/86554 images (64.70%)
2025-04-08 12:04:52,404 - Processed 56050/86554 images (64.76%)
2025-04-08 12:04:53,426 - Processed 56100/86554 images (64.82%)
2025-04-08 12:04:54,485 - Processed 56150/86554 images (64.87%)
2025-04-08 12:04:55,513 - Processed 56200/86554 images (64.93%)
2025-04-08 12:04:56,505 - Processed 56250/86554 images (64.99%)
2025-04-08 12:04:56,746 - Processing class: Peach Flat 1 -> Peach
2025-04-08 12:04:57,476 - Processed 56300/86554 images (65.05%)
2025-04-08 12:04:58,489 - Processed 56350/86554 images (65.10%)
2025-04-08 12:04:59,506 - Processed 56400/86554 images (65.16%)
2025-04-08 12:05:00,552 - Processed 56450/86554 images (65.22%)
2025-04-08 12:05:01,582 - Processed 56500/86554 images (65.28%)
2025-04-08 12:05:02,608 - Processed 56550/86554 images (65.33%)
2025-04-08 12:05:03,640 - Processed 56600/86554 images (65.39%)
2025-04-08 12:05:04,901 - Processed 56650/86554 images (65.45%)
2025-04-08 12:05:06,202 - Processed 56700/86554 images (65.51%)
2025-04-08 12:05:07,423 - Processed 56750/86554 images (65.57%)
2025-04-08 12:05:07,518 - Processing class: Pear 1 -> Pear
2025-04-08 12:05:08,991 - Processed 56800/86554 images (65.62%)
2025-04-08 12:05:10,316 - Processed 56850/86554 images (65.68%)
2025-04-08 12:05:11,446 - Processed 56900/86554 images (65.74%)
2025-04-08 12:05:12,856 - Processed 56950/86554 images (65.80%)
2025-04-08 12:05:13,998 - Processed 57000/86554 images (65.85%)
2025-04-08 12:05:15,087 - Processed 57050/86554 images (65.91%)
2025-04-08 12:05:16,212 - Processed 57100/86554 images (65.97%)
2025-04-08 12:05:17,260 - Processed 57150/86554 images (66.03%)
2025-04-08 12:05:18,343 - Processed 57200/86554 images (66.09%)
2025-04-08 12:05:19,297 - Processing class: Pear 2 -> Pear
2025-04-08 12:05:19,393 - Processed 57250/86554 images (66.14%)
2025-04-08 12:05:20,438 - Processed 57300/86554 images (66.20%)
2025-04-08 12:05:21,516 - Processed 57350/86554 images (66.26%)
2025-04-08 12:05:22,564 - Processed 57400/86554 images (66.32%)
2025-04-08 12:05:23,627 - Processed 57450/86554 images (66.37%)
2025-04-08 12:05:24,675 - Processed 57500/86554 images (66.43%)
2025-04-08 12:05:25,846 - Processed 57550/86554 images (66.49%)
2025-04-08 12:05:26,895 - Processed 57600/86554 images (66.55%)
2025-04-08 12:05:27,966 - Processed 57650/86554 images (66.61%)
2025-04-08 12:05:29,039 - Processed 57700/86554 images (66.66%)
2025-04-08 12:05:30,152 - Processed 57750/86554 images (66.72%)
2025-04-08 12:05:31,203 - Processed 57800/86554 images (66.78%)
2025-04-08 12:05:32,589 - Processed 57850/86554 images (66.84%)
2025-04-08 12:05:33,723 - Processed 57900/86554 images (66.89%)
2025-04-08 12:05:34,757 - Processing class: Pear 3 -> Pear
2025-04-08 12:05:34,948 - Processed 57950/86554 images (66.95%)
2025-04-08 12:05:36,249 - Processed 58000/86554 images (67.01%)
2025-04-08 12:05:37,466 - Processed 58050/86554 images (67.07%)
2025-04-08 12:05:38,694 - Processed 58100/86554 images (67.13%)
2025-04-08 12:05:39,899 - Processed 58150/86554 images (67.18%)
2025-04-08 12:05:40,064 - Processing class: Pear Abate 1 -> Pear
2025-04-08 12:05:40,992 - Processed 58200/86554 images (67.24%)
2025-04-08 12:05:42,064 - Processed 58250/86554 images (67.30%)
2025-04-08 12:05:43,111 - Processed 58300/86554 images (67.36%)
2025-04-08 12:05:44,170 - Processed 58350/86554 images (67.41%)
2025-04-08 12:05:45,235 - Processed 58400/86554 images (67.47%)
2025-04-08 12:05:46,336 - Processed 58450/86554 images (67.53%)
2025-04-08 12:05:47,413 - Processed 58500/86554 images (67.59%)
2025-04-08 12:05:48,493 - Processed 58550/86554 images (67.65%)
2025-04-08 12:05:49,544 - Processed 58600/86554 images (67.70%)
2025-04-08 12:05:50,529 - Processing class: Pear Forelle 1 -> Pear
2025-04-08 12:05:50,599 - Processed 58650/86554 images (67.76%)
2025-04-08 12:05:51,639 - Processed 58700/86554 images (67.82%)
2025-04-08 12:05:52,679 - Processed 58750/86554 images (67.88%)
2025-04-08 12:05:53,758 - Processed 58800/86554 images (67.93%)
2025-04-08 12:05:54,783 - Processed 58850/86554 images (67.99%)
2025-04-08 12:05:55,872 - Processed 58900/86554 images (68.05%)
2025-04-08 12:05:56,969 - Processed 58950/86554 images (68.11%)
2025-04-08 12:05:58,052 - Processed 59000/86554 images (68.17%)
2025-04-08 12:05:59,296 - Processed 59050/86554 images (68.22%)
2025-04-08 12:06:00,526 - Processed 59100/86554 images (68.28%)
2025-04-08 12:06:01,835 - Processed 59150/86554 images (68.34%)
2025-04-08 12:06:03,054 - Processed 59200/86554 images (68.40%)
2025-04-08 12:06:04,268 - Processed 59250/86554 images (68.45%)
2025-04-08 12:06:05,422 - Processed 59300/86554 images (68.51%)
2025-04-08 12:06:06,506 - Processing class: Pear Kaiser 1 -> Pear
2025-04-08 12:06:06,531 - Processed 59350/86554 images (68.57%)
2025-04-08 12:06:07,632 - Processed 59400/86554 images (68.63%)
2025-04-08 12:06:08,708 - Processed 59450/86554 images (68.69%)
2025-04-08 12:06:09,765 - Processed 59500/86554 images (68.74%)
2025-04-08 12:06:10,838 - Processed 59550/86554 images (68.80%)
2025-04-08 12:06:11,899 - Processed 59600/86554 images (68.86%)
2025-04-08 12:06:12,933 - Processing class: Pear Monster 1 -> Pear
2025-04-08 12:06:12,957 - Processed 59650/86554 images (68.92%)
2025-04-08 12:06:14,013 - Processed 59700/86554 images (68.97%)
2025-04-08 12:06:15,070 - Processed 59750/86554 images (69.03%)
2025-04-08 12:06:16,131 - Processed 59800/86554 images (69.09%)
2025-04-08 12:06:17,184 - Processed 59850/86554 images (69.15%)
2025-04-08 12:06:18,268 - Processed 59900/86554 images (69.21%)
2025-04-08 12:06:19,412 - Processed 59950/86554 images (69.26%)
2025-04-08 12:06:20,503 - Processed 60000/86554 images (69.32%)
2025-04-08 12:06:21,637 - Processed 60050/86554 images (69.38%)
2025-04-08 12:06:22,851 - Processed 60100/86554 images (69.44%)
2025-04-08 12:06:23,904 - Processing class: Pear Red 1 -> Pear
2025-04-08 12:06:24,183 - Processed 60150/86554 images (69.49%)
2025-04-08 12:06:25,366 - Processed 60200/86554 images (69.55%)
2025-04-08 12:06:26,530 - Processed 60250/86554 images (69.61%)
2025-04-08 12:06:27,659 - Processed 60300/86554 images (69.67%)
2025-04-08 12:06:28,819 - Processed 60350/86554 images (69.73%)
2025-04-08 12:06:29,990 - Processed 60400/86554 images (69.78%)
2025-04-08 12:06:31,153 - Processed 60450/86554 images (69.84%)
2025-04-08 12:06:32,270 - Processed 60500/86554 images (69.90%)
2025-04-08 12:06:33,352 - Processed 60550/86554 images (69.96%)
2025-04-08 12:06:34,459 - Processed 60600/86554 images (70.01%)
2025-04-08 12:06:35,567 - Processed 60650/86554 images (70.07%)
2025-04-08 12:06:36,669 - Processed 60700/86554 images (70.13%)
2025-04-08 12:06:37,836 - Processed 60750/86554 images (70.19%)
2025-04-08 12:06:39,176 - Processed 60800/86554 images (70.25%)
2025-04-08 12:06:39,311 - Processing class: Pear Stone 1 -> Pear
2025-04-08 12:06:40,425 - Processed 60850/86554 images (70.30%)
2025-04-08 12:06:41,697 - Processed 60900/86554 images (70.36%)
2025-04-08 12:06:42,772 - Processed 60950/86554 images (70.42%)
2025-04-08 12:06:43,843 - Processed 61000/86554 images (70.48%)
2025-04-08 12:06:44,953 - Processed 61050/86554 images (70.53%)
2025-04-08 12:06:46,041 - Processed 61100/86554 images (70.59%)
2025-04-08 12:06:47,224 - Processed 61150/86554 images (70.65%)
2025-04-08 12:06:48,420 - Processed 61200/86554 images (70.71%)
2025-04-08 12:06:49,539 - Processed 61250/86554 images (70.77%)
2025-04-08 12:06:50,710 - Processed 61300/86554 images (70.82%)
2025-04-08 12:06:51,820 - Processed 61350/86554 images (70.88%)
2025-04-08 12:06:52,957 - Processed 61400/86554 images (70.94%)
2025-04-08 12:06:54,065 - Processed 61450/86554 images (71.00%)
2025-04-08 12:06:55,161 - Processed 61500/86554 images (71.05%)
2025-04-08 12:06:55,597 - Processing class: Pear Williams 1 -> Pear
2025-04-08 12:06:56,397 - Processed 61550/86554 images (71.11%)
2025-04-08 12:06:57,649 - Processed 61600/86554 images (71.17%)
2025-04-08 12:06:59,124 - Processed 61650/86554 images (71.23%)
2025-04-08 12:07:00,253 - Processed 61700/86554 images (71.28%)
2025-04-08 12:07:01,380 - Processed 61750/86554 images (71.34%)
2025-04-08 12:07:02,503 - Processed 61800/86554 images (71.40%)
2025-04-08 12:07:03,603 - Processed 61850/86554 images (71.46%)
2025-04-08 12:07:04,751 - Processed 61900/86554 images (71.52%)
2025-04-08 12:07:05,952 - Processed 61950/86554 images (71.57%)
2025-04-08 12:07:07,070 - Processed 62000/86554 images (71.63%)
2025-04-08 12:07:07,220 - Processing class: Pepino 1 -> Pepino
2025-04-08 12:07:08,218 - Processed 62050/86554 images (71.69%)
2025-04-08 12:07:09,431 - Processed 62100/86554 images (71.75%)
2025-04-08 12:07:10,632 - Processed 62150/86554 images (71.80%)
2025-04-08 12:07:11,817 - Processed 62200/86554 images (71.86%)
2025-04-08 12:07:12,981 - Processed 62250/86554 images (71.92%)
2025-04-08 12:07:14,225 - Processed 62300/86554 images (71.98%)
2025-04-08 12:07:15,392 - Processed 62350/86554 images (72.04%)
2025-04-08 12:07:16,547 - Processed 62400/86554 images (72.09%)
2025-04-08 12:07:17,753 - Processed 62450/86554 images (72.15%)
2025-04-08 12:07:18,791 - Processing class: Pepper Green 1 -> Pepper
2025-04-08 12:07:18,901 - Processed 62500/86554 images (72.21%)
2025-04-08 12:07:19,965 - Processed 62550/86554 images (72.27%)
2025-04-08 12:07:21,067 - Processed 62600/86554 images (72.32%)
2025-04-08 12:07:22,244 - Processed 62650/86554 images (72.38%)
2025-04-08 12:07:23,398 - Processed 62700/86554 images (72.44%)
2025-04-08 12:07:24,579 - Processed 62750/86554 images (72.50%)
2025-04-08 12:07:25,904 - Processed 62800/86554 images (72.56%)
2025-04-08 12:07:27,139 - Processed 62850/86554 images (72.61%)
2025-04-08 12:07:28,339 - Processed 62900/86554 images (72.67%)
2025-04-08 12:07:29,251 - Processing class: Pepper Orange 1 -> Pepper
2025-04-08 12:07:29,475 - Processed 62950/86554 images (72.73%)
2025-04-08 12:07:30,782 - Processed 63000/86554 images (72.79%)
2025-04-08 12:07:31,948 - Processed 63050/86554 images (72.84%)
2025-04-08 12:07:33,067 - Processed 63100/86554 images (72.90%)
2025-04-08 12:07:34,193 - Processed 63150/86554 images (72.96%)
2025-04-08 12:07:35,344 - Processed 63200/86554 images (73.02%)
2025-04-08 12:07:36,480 - Processed 63250/86554 images (73.08%)
2025-04-08 12:07:37,592 - Processed 63300/86554 images (73.13%)
2025-04-08 12:07:38,855 - Processed 63350/86554 images (73.19%)
2025-04-08 12:07:40,029 - Processed 63400/86554 images (73.25%)
2025-04-08 12:07:41,202 - Processed 63450/86554 images (73.31%)
2025-04-08 12:07:42,417 - Processed 63500/86554 images (73.36%)
2025-04-08 12:07:43,592 - Processed 63550/86554 images (73.42%)
2025-04-08 12:07:44,746 - Processed 63600/86554 images (73.48%)
2025-04-08 12:07:45,747 - Processing class: Pepper Red 1 -> Pepper
2025-04-08 12:07:45,949 - Processed 63650/86554 images (73.54%)
2025-04-08 12:07:47,068 - Processed 63700/86554 images (73.60%)
2025-04-08 12:07:48,266 - Processed 63750/86554 images (73.65%)
2025-04-08 12:07:49,376 - Processed 63800/86554 images (73.71%)
2025-04-08 12:07:50,537 - Processed 63850/86554 images (73.77%)
2025-04-08 12:07:51,759 - Processed 63900/86554 images (73.83%)
2025-04-08 12:07:52,989 - Processed 63950/86554 images (73.88%)
2025-04-08 12:07:54,174 - Processed 64000/86554 images (73.94%)
2025-04-08 12:07:55,413 - Processed 64050/86554 images (74.00%)
2025-04-08 12:07:56,579 - Processed 64100/86554 images (74.06%)
2025-04-08 12:07:57,753 - Processed 64150/86554 images (74.12%)
2025-04-08 12:07:58,971 - Processed 64200/86554 images (74.17%)
2025-04-08 12:08:00,170 - Processed 64250/86554 images (74.23%)
2025-04-08 12:08:01,353 - Processed 64300/86554 images (74.29%)
2025-04-08 12:08:01,540 - Processing class: Pepper Yellow 1 -> Pepper
2025-04-08 12:08:02,517 - Processed 64350/86554 images (74.35%)
2025-04-08 12:08:03,730 - Processed 64400/86554 images (74.40%)
2025-04-08 12:08:04,887 - Processed 64450/86554 images (74.46%)
2025-04-08 12:08:06,043 - Processed 64500/86554 images (74.52%)
2025-04-08 12:08:07,145 - Processed 64550/86554 images (74.58%)
2025-04-08 12:08:08,337 - Processed 64600/86554 images (74.64%)
2025-04-08 12:08:09,541 - Processed 64650/86554 images (74.69%)
2025-04-08 12:08:10,677 - Processed 64700/86554 images (74.75%)
2025-04-08 12:08:11,870 - Processed 64750/86554 images (74.81%)
2025-04-08 12:08:13,147 - Processed 64800/86554 images (74.87%)
2025-04-08 12:08:14,346 - Processed 64850/86554 images (74.92%)
2025-04-08 12:08:15,565 - Processed 64900/86554 images (74.98%)
2025-04-08 12:08:16,725 - Processed 64950/86554 images (75.04%)
2025-04-08 12:08:17,324 - Processing class: Physalis 1 -> Physalis
2025-04-08 12:08:17,938 - Processed 65000/86554 images (75.10%)
2025-04-08 12:08:19,132 - Processed 65050/86554 images (75.16%)
2025-04-08 12:08:20,275 - Processed 65100/86554 images (75.21%)
2025-04-08 12:08:21,474 - Processed 65150/86554 images (75.27%)
2025-04-08 12:08:22,590 - Processed 65200/86554 images (75.33%)
2025-04-08 12:08:23,864 - Processed 65250/86554 images (75.39%)
2025-04-08 12:08:25,099 - Processed 65300/86554 images (75.44%)
2025-04-08 12:08:26,315 - Processed 65350/86554 images (75.50%)
2025-04-08 12:08:27,455 - Processed 65400/86554 images (75.56%)
2025-04-08 12:08:28,682 - Processed 65450/86554 images (75.62%)
2025-04-08 12:08:29,032 - Processing class: Physalis with Husk 1 -> Physalis
2025-04-08 12:08:29,810 - Processed 65500/86554 images (75.68%)
2025-04-08 12:08:30,942 - Processed 65550/86554 images (75.73%)
2025-04-08 12:08:32,100 - Processed 65600/86554 images (75.79%)
2025-04-08 12:08:33,237 - Processed 65650/86554 images (75.85%)
2025-04-08 12:08:34,371 - Processed 65700/86554 images (75.91%)
2025-04-08 12:08:35,507 - Processed 65750/86554 images (75.96%)
2025-04-08 12:08:36,637 - Processed 65800/86554 images (76.02%)
2025-04-08 12:08:37,778 - Processed 65850/86554 images (76.08%)
2025-04-08 12:08:38,922 - Processed 65900/86554 images (76.14%)
2025-04-08 12:08:40,091 - Processed 65950/86554 images (76.20%)
2025-04-08 12:08:40,275 - Processing class: Pineapple 1 -> Pineapple
2025-04-08 12:08:41,323 - Processed 66000/86554 images (76.25%)
2025-04-08 12:08:42,643 - Processed 66050/86554 images (76.31%)
2025-04-08 12:08:43,872 - Processed 66100/86554 images (76.37%)
2025-04-08 12:08:45,139 - Processed 66150/86554 images (76.43%)
2025-04-08 12:08:46,383 - Processed 66200/86554 images (76.48%)
2025-04-08 12:08:47,633 - Processed 66250/86554 images (76.54%)
2025-04-08 12:08:48,906 - Processed 66300/86554 images (76.60%)
2025-04-08 12:08:50,151 - Processed 66350/86554 images (76.66%)
2025-04-08 12:08:51,414 - Processed 66400/86554 images (76.72%)
2025-04-08 12:08:52,611 - Processing class: Pineapple Mini 1 -> Pineapple
2025-04-08 12:08:52,663 - Processed 66450/86554 images (76.77%)
2025-04-08 12:08:53,909 - Processed 66500/86554 images (76.83%)
2025-04-08 12:08:55,175 - Processed 66550/86554 images (76.89%)
2025-04-08 12:08:56,488 - Processed 66600/86554 images (76.95%)
2025-04-08 12:08:57,788 - Processed 66650/86554 images (77.00%)
2025-04-08 12:08:59,091 - Processed 66700/86554 images (77.06%)
2025-04-08 12:09:00,399 - Processed 66750/86554 images (77.12%)
2025-04-08 12:09:01,635 - Processed 66800/86554 images (77.18%)
2025-04-08 12:09:02,886 - Processed 66850/86554 images (77.24%)
2025-04-08 12:09:04,122 - Processed 66900/86554 images (77.29%)
2025-04-08 12:09:05,150 - Processing class: Pistachio 1 -> Pistachio
2025-04-08 12:09:05,388 - Processed 66950/86554 images (77.35%)
2025-04-08 12:09:06,672 - Processed 67000/86554 images (77.41%)
2025-04-08 12:09:07,911 - Processed 67050/86554 images (77.47%)
2025-04-08 12:09:09,310 - Processed 67100/86554 images (77.52%)
2025-04-08 12:09:10,589 - Processed 67150/86554 images (77.58%)
2025-04-08 12:09:11,948 - Processed 67200/86554 images (77.64%)
2025-04-08 12:09:13,247 - Processed 67250/86554 images (77.70%)
2025-04-08 12:09:14,616 - Processed 67300/86554 images (77.75%)
2025-04-08 12:09:15,996 - Processed 67350/86554 images (77.81%)
2025-04-08 12:09:17,225 - Processed 67400/86554 images (77.87%)
2025-04-08 12:09:18,502 - Processed 67450/86554 images (77.93%)
2025-04-08 12:09:19,726 - Processed 67500/86554 images (77.99%)
2025-04-08 12:09:20,924 - Processed 67550/86554 images (78.04%)
2025-04-08 12:09:22,223 - Processed 67600/86554 images (78.10%)
2025-04-08 12:09:23,133 - Processing class: Pitahaya Red 1 -> Pitahaya
2025-04-08 12:09:23,381 - Processed 67650/86554 images (78.16%)
2025-04-08 12:09:24,593 - Processed 67700/86554 images (78.22%)
2025-04-08 12:09:26,099 - Processed 67750/86554 images (78.27%)
2025-04-08 12:09:27,340 - Processed 67800/86554 images (78.33%)
2025-04-08 12:09:28,648 - Processed 67850/86554 images (78.39%)
2025-04-08 12:09:29,816 - Processed 67900/86554 images (78.45%)
2025-04-08 12:09:30,967 - Processed 67950/86554 images (78.51%)
2025-04-08 12:09:32,118 - Processed 68000/86554 images (78.56%)
2025-04-08 12:09:33,314 - Processed 68050/86554 images (78.62%)
2025-04-08 12:09:34,581 - Processed 68100/86554 images (78.68%)
2025-04-08 12:09:35,381 - Processing class: Plum 1 -> Plum
2025-04-08 12:09:35,913 - Processed 68150/86554 images (78.74%)
2025-04-08 12:09:37,125 - Processed 68200/86554 images (78.79%)
2025-04-08 12:09:38,325 - Processed 68250/86554 images (78.85%)
2025-04-08 12:09:39,560 - Processed 68300/86554 images (78.91%)
2025-04-08 12:09:40,770 - Processed 68350/86554 images (78.97%)
2025-04-08 12:09:41,949 - Processed 68400/86554 images (79.03%)
2025-04-08 12:09:43,132 - Processed 68450/86554 images (79.08%)
2025-04-08 12:09:44,338 - Processed 68500/86554 images (79.14%)
2025-04-08 12:09:45,520 - Processed 68550/86554 images (79.20%)
2025-04-08 12:09:46,160 - Processing class: Plum 2 -> Plum
2025-04-08 12:09:46,683 - Processed 68600/86554 images (79.26%)
2025-04-08 12:09:47,857 - Processed 68650/86554 images (79.31%)
2025-04-08 12:09:49,044 - Processed 68700/86554 images (79.37%)
2025-04-08 12:09:50,212 - Processed 68750/86554 images (79.43%)
2025-04-08 12:09:51,382 - Processed 68800/86554 images (79.49%)
2025-04-08 12:09:52,559 - Processed 68850/86554 images (79.55%)
2025-04-08 12:09:53,801 - Processed 68900/86554 images (79.60%)
2025-04-08 12:09:54,953 - Processed 68950/86554 images (79.66%)
2025-04-08 12:09:56,118 - Processing class: Plum 3 -> Plum
2025-04-08 12:09:56,190 - Processed 69000/86554 images (79.72%)
2025-04-08 12:09:57,399 - Processed 69050/86554 images (79.78%)
2025-04-08 12:09:58,592 - Processed 69100/86554 images (79.83%)
2025-04-08 12:09:59,854 - Processed 69150/86554 images (79.89%)
2025-04-08 12:10:01,074 - Processed 69200/86554 images (79.95%)
2025-04-08 12:10:02,362 - Processed 69250/86554 images (80.01%)
2025-04-08 12:10:03,565 - Processed 69300/86554 images (80.07%)
2025-04-08 12:10:04,770 - Processed 69350/86554 images (80.12%)
2025-04-08 12:10:05,980 - Processed 69400/86554 images (80.18%)
2025-04-08 12:10:07,180 - Processed 69450/86554 images (80.24%)
2025-04-08 12:10:08,367 - Processed 69500/86554 images (80.30%)
2025-04-08 12:10:09,636 - Processed 69550/86554 images (80.35%)
2025-04-08 12:10:10,817 - Processed 69600/86554 images (80.41%)
2025-04-08 12:10:12,016 - Processed 69650/86554 images (80.47%)
2025-04-08 12:10:13,204 - Processed 69700/86554 images (80.53%)
2025-04-08 12:10:14,415 - Processed 69750/86554 images (80.59%)
2025-04-08 12:10:15,601 - Processed 69800/86554 images (80.64%)
2025-04-08 12:10:16,782 - Processed 69850/86554 images (80.70%)
2025-04-08 12:10:17,904 - Processing class: Pomegranate 1 -> Pomegranate
2025-04-08 12:10:17,980 - Processed 69900/86554 images (80.76%)
2025-04-08 12:10:19,156 - Processed 69950/86554 images (80.82%)
2025-04-08 12:10:20,339 - Processed 70000/86554 images (80.87%)
2025-04-08 12:10:21,582 - Processed 70050/86554 images (80.93%)
2025-04-08 12:10:22,759 - Processed 70100/86554 images (80.99%)
2025-04-08 12:10:23,917 - Processed 70150/86554 images (81.05%)
2025-04-08 12:10:25,121 - Processed 70200/86554 images (81.11%)
2025-04-08 12:10:26,310 - Processed 70250/86554 images (81.16%)
2025-04-08 12:10:27,506 - Processed 70300/86554 images (81.22%)
2025-04-08 12:10:28,669 - Processed 70350/86554 images (81.28%)
2025-04-08 12:10:29,605 - Processing class: Pomelo Sweetie 1 -> Pomelo
2025-04-08 12:10:29,926 - Processed 70400/86554 images (81.34%)
2025-04-08 12:10:31,157 - Processed 70450/86554 images (81.39%)
2025-04-08 12:10:32,365 - Processed 70500/86554 images (81.45%)
2025-04-08 12:10:33,590 - Processed 70550/86554 images (81.51%)
2025-04-08 12:10:34,778 - Processed 70600/86554 images (81.57%)
2025-04-08 12:10:35,983 - Processed 70650/86554 images (81.63%)
2025-04-08 12:10:37,181 - Processed 70700/86554 images (81.68%)
2025-04-08 12:10:38,395 - Processed 70750/86554 images (81.74%)
2025-04-08 12:10:39,614 - Processed 70800/86554 images (81.80%)
2025-04-08 12:10:40,529 - Processing class: Potato Red 1 -> Potato
2025-04-08 12:10:40,788 - Processed 70850/86554 images (81.86%)
2025-04-08 12:10:41,972 - Processed 70900/86554 images (81.91%)
2025-04-08 12:10:43,161 - Processed 70950/86554 images (81.97%)
2025-04-08 12:10:44,343 - Processed 71000/86554 images (82.03%)
2025-04-08 12:10:45,592 - Processed 71050/86554 images (82.09%)
2025-04-08 12:10:46,810 - Processed 71100/86554 images (82.15%)
2025-04-08 12:10:48,019 - Processed 71150/86554 images (82.20%)
2025-04-08 12:10:49,210 - Processed 71200/86554 images (82.26%)
2025-04-08 12:10:50,406 - Processed 71250/86554 images (82.32%)
2025-04-08 12:10:51,314 - Processing class: Potato Red Washed 1 -> Potato
2025-04-08 12:10:51,598 - Processed 71300/86554 images (82.38%)
2025-04-08 12:10:52,799 - Processed 71350/86554 images (82.43%)
2025-04-08 12:10:54,000 - Processed 71400/86554 images (82.49%)
2025-04-08 12:10:55,186 - Processed 71450/86554 images (82.55%)
2025-04-08 12:10:56,390 - Processed 71500/86554 images (82.61%)
2025-04-08 12:10:57,616 - Processed 71550/86554 images (82.67%)
2025-04-08 12:10:58,890 - Processed 71600/86554 images (82.72%)
2025-04-08 12:11:00,084 - Processed 71650/86554 images (82.78%)
2025-04-08 12:11:01,252 - Processed 71700/86554 images (82.84%)
2025-04-08 12:11:02,237 - Processing class: Potato Sweet 1 -> Potato
2025-04-08 12:11:02,422 - Processed 71750/86554 images (82.90%)
2025-04-08 12:11:03,628 - Processed 71800/86554 images (82.95%)
2025-04-08 12:11:04,771 - Processed 71850/86554 images (83.01%)
2025-04-08 12:11:05,964 - Processed 71900/86554 images (83.07%)
2025-04-08 12:11:07,211 - Processed 71950/86554 images (83.13%)
2025-04-08 12:11:08,396 - Processed 72000/86554 images (83.19%)
2025-04-08 12:11:09,599 - Processed 72050/86554 images (83.24%)
2025-04-08 12:11:10,774 - Processed 72100/86554 images (83.30%)
2025-04-08 12:11:12,023 - Processed 72150/86554 images (83.36%)
2025-04-08 12:11:13,043 - Processing class: Potato White 1 -> Potato
2025-04-08 12:11:13,235 - Processed 72200/86554 images (83.42%)
2025-04-08 12:11:14,437 - Processed 72250/86554 images (83.47%)
2025-04-08 12:11:15,625 - Processed 72300/86554 images (83.53%)
2025-04-08 12:11:16,873 - Processed 72350/86554 images (83.59%)
2025-04-08 12:11:18,068 - Processed 72400/86554 images (83.65%)
2025-04-08 12:11:19,284 - Processed 72450/86554 images (83.70%)
2025-04-08 12:11:20,479 - Processed 72500/86554 images (83.76%)
2025-04-08 12:11:21,675 - Processed 72550/86554 images (83.82%)
2025-04-08 12:11:22,837 - Processed 72600/86554 images (83.88%)
2025-04-08 12:11:23,827 - Processing class: Quince 1 -> Quince
2025-04-08 12:11:24,018 - Processed 72650/86554 images (83.94%)
2025-04-08 12:11:25,227 - Processed 72700/86554 images (83.99%)
2025-04-08 12:11:26,487 - Processed 72750/86554 images (84.05%)
2025-04-08 12:11:27,673 - Processed 72800/86554 images (84.11%)
2025-04-08 12:11:28,906 - Processed 72850/86554 images (84.17%)
2025-04-08 12:11:30,103 - Processed 72900/86554 images (84.22%)
2025-04-08 12:11:31,318 - Processed 72950/86554 images (84.28%)
2025-04-08 12:11:32,529 - Processed 73000/86554 images (84.34%)
2025-04-08 12:11:33,770 - Processed 73050/86554 images (84.40%)
2025-04-08 12:11:34,964 - Processed 73100/86554 images (84.46%)
2025-04-08 12:11:35,716 - Processing class: Quince 2 -> Quince
2025-04-08 12:11:36,148 - Processed 73150/86554 images (84.51%)
2025-04-08 12:11:37,415 - Processed 73200/86554 images (84.57%)
2025-04-08 12:11:38,616 - Processed 73250/86554 images (84.63%)
2025-04-08 12:11:39,879 - Processed 73300/86554 images (84.69%)
2025-04-08 12:11:41,070 - Processed 73350/86554 images (84.74%)
2025-04-08 12:11:42,281 - Processed 73400/86554 images (84.80%)
2025-04-08 12:11:43,498 - Processed 73450/86554 images (84.86%)
2025-04-08 12:11:44,714 - Processed 73500/86554 images (84.92%)
2025-04-08 12:11:45,911 - Processed 73550/86554 images (84.98%)
2025-04-08 12:11:47,167 - Processed 73600/86554 images (85.03%)
2025-04-08 12:11:48,450 - Processed 73650/86554 images (85.09%)
2025-04-08 12:11:49,699 - Processed 73700/86554 images (85.15%)
2025-04-08 12:11:50,903 - Processed 73750/86554 images (85.21%)
2025-04-08 12:11:52,133 - Processed 73800/86554 images (85.26%)
2025-04-08 12:11:53,303 - Processed 73850/86554 images (85.32%)
2025-04-08 12:11:53,561 - Processing class: Quince 3 -> Quince
2025-04-08 12:11:54,519 - Processed 73900/86554 images (85.38%)
2025-04-08 12:11:55,697 - Processed 73950/86554 images (85.44%)
2025-04-08 12:11:56,951 - Processed 74000/86554 images (85.50%)
2025-04-08 12:11:58,180 - Processed 74050/86554 images (85.55%)
2025-04-08 12:11:59,512 - Processed 74100/86554 images (85.61%)
2025-04-08 12:12:00,751 - Processed 74150/86554 images (85.67%)
2025-04-08 12:12:02,010 - Processed 74200/86554 images (85.73%)
2025-04-08 12:12:03,313 - Processed 74250/86554 images (85.78%)
2025-04-08 12:12:04,583 - Processed 74300/86554 images (85.84%)
2025-04-08 12:12:05,843 - Processed 74350/86554 images (85.90%)
2025-04-08 12:12:07,074 - Processed 74400/86554 images (85.96%)
2025-04-08 12:12:08,319 - Processed 74450/86554 images (86.02%)
2025-04-08 12:12:09,470 - Processed 74500/86554 images (86.07%)
2025-04-08 12:12:10,654 - Processed 74550/86554 images (86.13%)
2025-04-08 12:12:11,612 - Processing class: Quince 4 -> Quince
2025-04-08 12:12:11,825 - Processed 74600/86554 images (86.19%)
2025-04-08 12:12:12,989 - Processed 74650/86554 images (86.25%)
2025-04-08 12:12:14,179 - Processed 74700/86554 images (86.30%)
2025-04-08 12:12:15,334 - Processed 74750/86554 images (86.36%)
2025-04-08 12:12:16,586 - Processed 74800/86554 images (86.42%)
2025-04-08 12:12:17,756 - Processed 74850/86554 images (86.48%)
2025-04-08 12:12:18,928 - Processed 74900/86554 images (86.54%)
2025-04-08 12:12:20,074 - Processed 74950/86554 images (86.59%)
2025-04-08 12:12:21,259 - Processed 75000/86554 images (86.65%)
2025-04-08 12:12:22,443 - Processed 75050/86554 images (86.71%)
2025-04-08 12:12:23,611 - Processed 75100/86554 images (86.77%)
2025-04-08 12:12:24,842 - Processed 75150/86554 images (86.82%)
2025-04-08 12:12:26,036 - Processed 75200/86554 images (86.88%)
2025-04-08 12:12:27,223 - Processed 75250/86554 images (86.94%)
2025-04-08 12:12:28,378 - Processed 75300/86554 images (87.00%)
2025-04-08 12:12:29,367 - Processing class: Rambutan 1 -> Rambutan
2025-04-08 12:12:29,580 - Processed 75350/86554 images (87.06%)
2025-04-08 12:12:30,780 - Processed 75400/86554 images (87.11%)
2025-04-08 12:12:31,968 - Processed 75450/86554 images (87.17%)
2025-04-08 12:12:33,219 - Processed 75500/86554 images (87.23%)
2025-04-08 12:12:34,401 - Processed 75550/86554 images (87.29%)
2025-04-08 12:12:35,646 - Processed 75600/86554 images (87.34%)
2025-04-08 12:12:36,817 - Processed 75650/86554 images (87.40%)
2025-04-08 12:12:38,093 - Processed 75700/86554 images (87.46%)
2025-04-08 12:12:39,338 - Processed 75750/86554 images (87.52%)
2025-04-08 12:12:40,480 - Processed 75800/86554 images (87.58%)
2025-04-08 12:12:41,201 - Processing class: Raspberry 1 -> Raspberry
2025-04-08 12:12:41,573 - Processed 75850/86554 images (87.63%)
2025-04-08 12:12:42,689 - Processed 75900/86554 images (87.69%)
2025-04-08 12:12:43,829 - Processed 75950/86554 images (87.75%)
2025-04-08 12:12:44,973 - Processed 76000/86554 images (87.81%)
2025-04-08 12:12:46,103 - Processed 76050/86554 images (87.86%)
2025-04-08 12:12:47,253 - Processed 76100/86554 images (87.92%)
2025-04-08 12:12:48,383 - Processed 76150/86554 images (87.98%)
2025-04-08 12:12:49,537 - Processed 76200/86554 images (88.04%)
2025-04-08 12:12:50,823 - Processed 76250/86554 images (88.10%)
2025-04-08 12:12:51,972 - Processed 76300/86554 images (88.15%)
2025-04-08 12:12:52,493 - Processing class: Redcurrant 1 -> Redcurrant
2025-04-08 12:12:53,124 - Processed 76350/86554 images (88.21%)
2025-04-08 12:12:54,375 - Processed 76400/86554 images (88.27%)
2025-04-08 12:12:55,859 - Processed 76450/86554 images (88.33%)
2025-04-08 12:12:57,042 - Processed 76500/86554 images (88.38%)
2025-04-08 12:12:58,255 - Processed 76550/86554 images (88.44%)
2025-04-08 12:12:59,410 - Processed 76600/86554 images (88.50%)
2025-04-08 12:13:00,590 - Processed 76650/86554 images (88.56%)
2025-04-08 12:13:01,741 - Processed 76700/86554 images (88.62%)
2025-04-08 12:13:02,900 - Processed 76750/86554 images (88.67%)
2025-04-08 12:13:04,039 - Processed 76800/86554 images (88.73%)
2025-04-08 12:13:04,386 - Processing class: Salak 1 -> Salak
2025-04-08 12:13:05,177 - Processed 76850/86554 images (88.79%)
2025-04-08 12:13:06,340 - Processed 76900/86554 images (88.85%)
2025-04-08 12:13:07,503 - Processed 76950/86554 images (88.90%)
2025-04-08 12:13:08,650 - Processed 77000/86554 images (88.96%)
2025-04-08 12:13:09,808 - Processed 77050/86554 images (89.02%)
2025-04-08 12:13:10,951 - Processed 77100/86554 images (89.08%)
2025-04-08 12:13:12,092 - Processed 77150/86554 images (89.14%)
2025-04-08 12:13:13,229 - Processed 77200/86554 images (89.19%)
2025-04-08 12:13:14,395 - Processed 77250/86554 images (89.25%)
2025-04-08 12:13:15,545 - Processed 77300/86554 images (89.31%)
2025-04-08 12:13:15,665 - Processing class: Strawberry 1 -> Strawberry
2025-04-08 12:13:16,692 - Processed 77350/86554 images (89.37%)
2025-04-08 12:13:17,826 - Processed 77400/86554 images (89.42%)
2025-04-08 12:13:18,974 - Processed 77450/86554 images (89.48%)
2025-04-08 12:13:20,115 - Processed 77500/86554 images (89.54%)
2025-04-08 12:13:21,257 - Processed 77550/86554 images (89.60%)
2025-04-08 12:13:22,401 - Processed 77600/86554 images (89.66%)
2025-04-08 12:13:23,553 - Processed 77650/86554 images (89.71%)
2025-04-08 12:13:24,677 - Processed 77700/86554 images (89.77%)
2025-04-08 12:13:25,834 - Processed 77750/86554 images (89.83%)
2025-04-08 12:13:26,900 - Processing class: Strawberry Wedge 1 -> Strawberry
2025-04-08 12:13:26,970 - Processed 77800/86554 images (89.89%)
2025-04-08 12:13:28,097 - Processed 77850/86554 images (89.94%)
2025-04-08 12:13:29,275 - Processed 77900/86554 images (90.00%)
2025-04-08 12:13:30,416 - Processed 77950/86554 images (90.06%)
2025-04-08 12:13:31,554 - Processed 78000/86554 images (90.12%)
2025-04-08 12:13:32,693 - Processed 78050/86554 images (90.17%)
2025-04-08 12:13:33,922 - Processed 78100/86554 images (90.23%)
2025-04-08 12:13:35,087 - Processed 78150/86554 images (90.29%)
2025-04-08 12:13:36,233 - Processed 78200/86554 images (90.35%)
2025-04-08 12:13:37,377 - Processed 78250/86554 images (90.41%)
2025-04-08 12:13:38,522 - Processed 78300/86554 images (90.46%)
2025-04-08 12:13:39,673 - Processed 78350/86554 images (90.52%)
2025-04-08 12:13:40,814 - Processed 78400/86554 images (90.58%)
2025-04-08 12:13:41,948 - Processed 78450/86554 images (90.64%)
2025-04-08 12:13:43,076 - Processed 78500/86554 images (90.69%)
2025-04-08 12:13:43,876 - Processing class: Tamarillo 1 -> Tamarillo
2025-04-08 12:13:44,215 - Processed 78550/86554 images (90.75%)
2025-04-08 12:13:45,366 - Processed 78600/86554 images (90.81%)
2025-04-08 12:13:46,505 - Processed 78650/86554 images (90.87%)
2025-04-08 12:13:47,636 - Processed 78700/86554 images (90.93%)
2025-04-08 12:13:48,784 - Processed 78750/86554 images (90.98%)
2025-04-08 12:13:49,931 - Processed 78800/86554 images (91.04%)
2025-04-08 12:13:51,077 - Processed 78850/86554 images (91.10%)
2025-04-08 12:13:52,230 - Processed 78900/86554 images (91.16%)
2025-04-08 12:13:53,369 - Processed 78950/86554 images (91.21%)
2025-04-08 12:13:54,536 - Processed 79000/86554 images (91.27%)
2025-04-08 12:13:55,151 - Processing class: Tangelo 1 -> Tangelo
2025-04-08 12:13:55,812 - Processed 79050/86554 images (91.33%)
2025-04-08 12:13:57,062 - Processed 79100/86554 images (91.39%)
2025-04-08 12:13:58,188 - Processed 79150/86554 images (91.45%)
2025-04-08 12:13:59,339 - Processed 79200/86554 images (91.50%)
2025-04-08 12:14:00,475 - Processed 79250/86554 images (91.56%)
2025-04-08 12:14:01,628 - Processed 79300/86554 images (91.62%)
2025-04-08 12:14:02,772 - Processed 79350/86554 images (91.68%)
2025-04-08 12:14:03,918 - Processed 79400/86554 images (91.73%)
2025-04-08 12:14:05,060 - Processed 79450/86554 images (91.79%)
2025-04-08 12:14:06,189 - Processed 79500/86554 images (91.85%)
2025-04-08 12:14:06,530 - Processing class: Tomato 1 -> Tomato
2025-04-08 12:14:07,398 - Processed 79550/86554 images (91.91%)
2025-04-08 12:14:08,541 - Processed 79600/86554 images (91.97%)
2025-04-08 12:14:09,672 - Processed 79650/86554 images (92.02%)
2025-04-08 12:14:10,824 - Processed 79700/86554 images (92.08%)
2025-04-08 12:14:11,954 - Processed 79750/86554 images (92.14%)
2025-04-08 12:14:13,133 - Processed 79800/86554 images (92.20%)
2025-04-08 12:14:14,328 - Processed 79850/86554 images (92.25%)
2025-04-08 12:14:15,459 - Processed 79900/86554 images (92.31%)
2025-04-08 12:14:16,601 - Processed 79950/86554 images (92.37%)
2025-04-08 12:14:17,747 - Processed 80000/86554 images (92.43%)
2025-04-08 12:14:18,890 - Processed 80050/86554 images (92.49%)
2025-04-08 12:14:20,046 - Processed 80100/86554 images (92.54%)
2025-04-08 12:14:21,184 - Processed 80150/86554 images (92.60%)
2025-04-08 12:14:22,339 - Processed 80200/86554 images (92.66%)
2025-04-08 12:14:23,472 - Processed 80250/86554 images (92.72%)
2025-04-08 12:14:23,541 - Processing class: Tomato 2 -> Tomato
2025-04-08 12:14:24,618 - Processed 80300/86554 images (92.77%)
2025-04-08 12:14:25,750 - Processed 80350/86554 images (92.83%)
2025-04-08 12:14:26,884 - Processed 80400/86554 images (92.89%)
2025-04-08 12:14:28,022 - Processed 80450/86554 images (92.95%)
2025-04-08 12:14:29,175 - Processed 80500/86554 images (93.01%)
2025-04-08 12:14:30,321 - Processed 80550/86554 images (93.06%)
2025-04-08 12:14:31,463 - Processed 80600/86554 images (93.12%)
2025-04-08 12:14:32,598 - Processed 80650/86554 images (93.18%)
2025-04-08 12:14:33,737 - Processed 80700/86554 images (93.24%)
2025-04-08 12:14:34,892 - Processed 80750/86554 images (93.29%)
2025-04-08 12:14:36,034 - Processed 80800/86554 images (93.35%)
2025-04-08 12:14:37,181 - Processed 80850/86554 images (93.41%)
2025-04-08 12:14:38,344 - Processed 80900/86554 images (93.47%)
2025-04-08 12:14:38,917 - Processing class: Tomato 3 -> Tomato
2025-04-08 12:14:39,480 - Processed 80950/86554 images (93.53%)
2025-04-08 12:14:40,616 - Processed 81000/86554 images (93.58%)
2025-04-08 12:14:41,762 - Processed 81050/86554 images (93.64%)
2025-04-08 12:14:42,939 - Processed 81100/86554 images (93.70%)
2025-04-08 12:14:44,166 - Processed 81150/86554 images (93.76%)
2025-04-08 12:14:45,319 - Processed 81200/86554 images (93.81%)
2025-04-08 12:14:46,455 - Processed 81250/86554 images (93.87%)
2025-04-08 12:14:47,598 - Processed 81300/86554 images (93.93%)
2025-04-08 12:14:48,836 - Processed 81350/86554 images (93.99%)
2025-04-08 12:14:50,015 - Processed 81400/86554 images (94.05%)
2025-04-08 12:14:51,280 - Processed 81450/86554 images (94.10%)
2025-04-08 12:14:52,481 - Processed 81500/86554 images (94.16%)
2025-04-08 12:14:53,700 - Processed 81550/86554 images (94.22%)
2025-04-08 12:14:54,902 - Processed 81600/86554 images (94.28%)
2025-04-08 12:14:56,099 - Processed 81650/86554 images (94.33%)
2025-04-08 12:14:56,389 - Processing class: Tomato 4 -> Tomato
2025-04-08 12:14:57,212 - Processed 81700/86554 images (94.39%)
2025-04-08 12:14:58,334 - Processed 81750/86554 images (94.45%)
2025-04-08 12:14:59,433 - Processed 81800/86554 images (94.51%)
2025-04-08 12:15:00,563 - Processed 81850/86554 images (94.57%)
2025-04-08 12:15:01,711 - Processed 81900/86554 images (94.62%)
2025-04-08 12:15:02,832 - Processed 81950/86554 images (94.68%)
2025-04-08 12:15:03,975 - Processed 82000/86554 images (94.74%)
2025-04-08 12:15:05,337 - Processed 82050/86554 images (94.80%)
2025-04-08 12:15:06,506 - Processed 82100/86554 images (94.85%)
2025-04-08 12:15:07,444 - Processing class: Tomato Cherry Red 1 -> Tomato
2025-04-08 12:15:07,660 - Processed 82150/86554 images (94.91%)
2025-04-08 12:15:08,851 - Processed 82200/86554 images (94.97%)
2025-04-08 12:15:10,037 - Processed 82250/86554 images (95.03%)
2025-04-08 12:15:11,231 - Processed 82300/86554 images (95.09%)
2025-04-08 12:15:12,427 - Processed 82350/86554 images (95.14%)
2025-04-08 12:15:13,586 - Processed 82400/86554 images (95.20%)
2025-04-08 12:15:14,838 - Processed 82450/86554 images (95.26%)
2025-04-08 12:15:16,146 - Processed 82500/86554 images (95.32%)
2025-04-08 12:15:17,530 - Processed 82550/86554 images (95.37%)
2025-04-08 12:15:18,832 - Processed 82600/86554 images (95.43%)
2025-04-08 12:15:19,660 - Processing class: Tomato Heart 1 -> Tomato
2025-04-08 12:15:20,054 - Processed 82650/86554 images (95.49%)
2025-04-08 12:15:21,314 - Processed 82700/86554 images (95.55%)
2025-04-08 12:15:22,541 - Processed 82750/86554 images (95.61%)
2025-04-08 12:15:23,719 - Processed 82800/86554 images (95.66%)
2025-04-08 12:15:24,919 - Processed 82850/86554 images (95.72%)
2025-04-08 12:15:26,225 - Processed 82900/86554 images (95.78%)
2025-04-08 12:15:27,448 - Processed 82950/86554 images (95.84%)
2025-04-08 12:15:28,630 - Processed 83000/86554 images (95.89%)
2025-04-08 12:15:29,895 - Processed 83050/86554 images (95.95%)
2025-04-08 12:15:31,130 - Processed 83100/86554 images (96.01%)
2025-04-08 12:15:32,332 - Processed 83150/86554 images (96.07%)
2025-04-08 12:15:33,546 - Processed 83200/86554 images (96.12%)
2025-04-08 12:15:34,774 - Processed 83250/86554 images (96.18%)
2025-04-08 12:15:35,958 - Processed 83300/86554 images (96.24%)
2025-04-08 12:15:36,442 - Processing class: Tomato Maroon 1 -> Tomato
2025-04-08 12:15:37,189 - Processed 83350/86554 images (96.30%)
2025-04-08 12:15:38,429 - Processed 83400/86554 images (96.36%)
2025-04-08 12:15:39,610 - Processed 83450/86554 images (96.41%)
2025-04-08 12:15:41,460 - Processed 83500/86554 images (96.47%)
2025-04-08 12:15:42,890 - Processed 83550/86554 images (96.53%)
2025-04-08 12:15:44,138 - Processed 83600/86554 images (96.59%)
2025-04-08 12:15:45,374 - Processed 83650/86554 images (96.64%)
2025-04-08 12:15:46,255 - Processing class: Tomato not Ripened 1 -> Tomato
2025-04-08 12:15:46,638 - Processed 83700/86554 images (96.70%)
2025-04-08 12:15:47,881 - Processed 83750/86554 images (96.76%)
2025-04-08 12:15:49,153 - Processed 83800/86554 images (96.82%)
2025-04-08 12:15:50,384 - Processed 83850/86554 images (96.88%)
2025-04-08 12:15:51,706 - Processed 83900/86554 images (96.93%)
2025-04-08 12:15:53,060 - Processed 83950/86554 images (96.99%)
2025-04-08 12:15:54,288 - Processed 84000/86554 images (97.05%)
2025-04-08 12:15:55,572 - Processed 84050/86554 images (97.11%)
2025-04-08 12:15:56,872 - Processed 84100/86554 images (97.16%)
2025-04-08 12:15:58,136 - Processed 84150/86554 images (97.22%)
2025-04-08 12:15:58,381 - Processing class: Tomato Yellow 1 -> Tomato
2025-04-08 12:15:59,376 - Processed 84200/86554 images (97.28%)
2025-04-08 12:16:00,540 - Processed 84250/86554 images (97.34%)
2025-04-08 12:16:01,933 - Processed 84300/86554 images (97.40%)
2025-04-08 12:16:03,253 - Processed 84350/86554 images (97.45%)
2025-04-08 12:16:04,507 - Processed 84400/86554 images (97.51%)
2025-04-08 12:16:05,686 - Processed 84450/86554 images (97.57%)
2025-04-08 12:16:07,021 - Processed 84500/86554 images (97.63%)
2025-04-08 12:16:08,447 - Processed 84550/86554 images (97.68%)
2025-04-08 12:16:09,696 - Processed 84600/86554 images (97.74%)
2025-04-08 12:16:10,145 - Processing class: Walnut 1 -> Walnut
2025-04-08 12:16:10,895 - Processed 84650/86554 images (97.80%)
2025-04-08 12:16:12,208 - Processed 84700/86554 images (97.86%)
2025-04-08 12:16:13,450 - Processed 84750/86554 images (97.92%)
2025-04-08 12:16:14,794 - Processed 84800/86554 images (97.97%)
2025-04-08 12:16:16,092 - Processed 84850/86554 images (98.03%)
2025-04-08 12:16:17,343 - Processed 84900/86554 images (98.09%)
2025-04-08 12:16:18,639 - Processed 84950/86554 images (98.15%)
2025-04-08 12:16:19,880 - Processed 85000/86554 images (98.20%)
2025-04-08 12:16:21,173 - Processed 85050/86554 images (98.26%)
2025-04-08 12:16:22,337 - Processed 85100/86554 images (98.32%)
2025-04-08 12:16:23,545 - Processed 85150/86554 images (98.38%)
2025-04-08 12:16:24,774 - Processed 85200/86554 images (98.44%)
2025-04-08 12:16:26,083 - Processed 85250/86554 images (98.49%)
2025-04-08 12:16:27,323 - Processed 85300/86554 images (98.55%)
2025-04-08 12:16:28,574 - Processed 85350/86554 images (98.61%)
2025-04-08 12:16:28,652 - Processing class: Watermelon 1 -> Watermelon
2025-04-08 12:16:29,826 - Processed 85400/86554 images (98.67%)
2025-04-08 12:16:31,008 - Processed 85450/86554 images (98.72%)
2025-04-08 12:16:32,334 - Processed 85500/86554 images (98.78%)
2025-04-08 12:16:33,531 - Processed 85550/86554 images (98.84%)
2025-04-08 12:16:34,759 - Processed 85600/86554 images (98.90%)
2025-04-08 12:16:35,970 - Processed 85650/86554 images (98.96%)
2025-04-08 12:16:37,160 - Processed 85700/86554 images (99.01%)
2025-04-08 12:16:38,352 - Processed 85750/86554 images (99.07%)
2025-04-08 12:16:39,507 - Processed 85800/86554 images (99.13%)
2025-04-08 12:16:40,168 - Processing class: Zucchini 1 -> Zucchini
2025-04-08 12:16:40,737 - Processed 85850/86554 images (99.19%)
2025-04-08 12:16:41,976 - Processed 85900/86554 images (99.24%)
2025-04-08 12:16:43,176 - Processed 85950/86554 images (99.30%)
2025-04-08 12:16:44,411 - Processed 86000/86554 images (99.36%)
2025-04-08 12:16:45,570 - Processed 86050/86554 images (99.42%)
2025-04-08 12:16:46,020 - Processing class: Zucchini dark 1 -> Zucchini
2025-04-08 12:16:46,873 - Processed 86100/86554 images (99.48%)
2025-04-08 12:16:48,058 - Processed 86150/86554 images (99.53%)
2025-04-08 12:16:49,308 - Processed 86200/86554 images (99.59%)
2025-04-08 12:16:50,580 - Processed 86250/86554 images (99.65%)
2025-04-08 12:16:51,776 - Processed 86300/86554 images (99.71%)
2025-04-08 12:18:43,675 - Feature extraction complete. Saved to features/train_advanced_features.csv
2025-04-08 15:52:56,312 - Started feature extraction from fruits-360/Training. Total images to process: 86554
2025-04-08 15:52:56,315 - Processing class: Apple 10 -> Apple
2025-04-08 15:52:57,302 - Processed 50/86554 images (0.06%)
2025-04-08 15:52:58,229 - Processed 100/86554 images (0.12%)
2025-04-08 15:52:59,116 - Processed 150/86554 images (0.17%)
